0,1,2,3,4,5,6,7,8,9,10,11,12,13,14,15,16,17,18,19,label
-0.7921714886909975,-0.6019578320218942,-2.0746340320410344,0.5020038127647453,1.9899858356438096,-1.278216482880645,-0.7221918798182009,0.33666018485460814,-1.1460824414246789,0.5184329991699325,-0.1792662599309808,0.5522113795187971,-0.5873467946936611,0.12745032490959832,0.4297960364178429,-0.7196896848323292,0.20999913277099966,-0.04603999585338537,-1.8135778542359597,-0.34396682131743134,0.0
-0.11407156766924499,0.0206172215836174,0.7640034460930651,-0.42634254139581984,0.0067218248269563284,0.7817744463041117,-0.67207074074976,0.6111201426439535,1.0907271927582252,-0.8166394017076648,0.24771267773941602,-0.2817110034154647,0.211034349714302,0.36326470855031523,-0.8071849578754909,0.8974496108250177,1.6933990093090738,0.05504522677010919,1.016579992648695,-1.281517813745598,0.0
0.004809600320317575,-1.8080766160409139,0.15446629980093388,1.4872173567227265,0.6150254266843209,-0.6758039358191822,0.3721910970863018,2.173412877949139,0.2815185512517509,1.5880996268009102,1.324183507070798,0.6577424288588386,-0.07902598894225661,-0.6420476106226721,-0.9022573948521959,-1.036108016753874,0.10050234785409028,-0.7537308529857233,2.7835696989381513,1.743454689184292,0.0
0.4952445062786679,-0.5448634241013505,1.4038026937712096,-0.18944470463871094,0.3395138125852434,-0.17166314516656858,-0.10160278063578224,2.5470342237806887,-0.8946364480577913,-1.172762391539887,0.11527156462369956,-0.5080691960725787,0.4012788002287351,0.23618883921228614,0.33098330114151425,-0.7482353960498472,0.3956275542969589,-0.8554750253237255,-1.413195947083577,0.2702422826547612,0.0
0.6288173405886321,-0.8527341146407855,-1.09131126368882,-2.574699631160236,-0.9482600072496684,-0.16466901309052162,-0.24097561725080377,-1.0056265975761458,0.30011680781571737,-0.20114458355718154,-0.6443103252158976,1.4240883581437302,-0.869811409786663,0.09070415151199604,0.36303542029637814,0.4764889935518199,-1.2682428920356736,0.8594425720637533,-0.03372627885411346,0.3489773843254441,0.0
0.45131482017418084,0.3075965694281359,-2.0535459043852544,-0.16145862793968854,0.8946902095595746,1.5996989100408365,-1.1609081912965564,0.1737331750715193,-1.6283870464002974,1.69135198765521,-0.7116475845137269,0.5206940711741744,0.07362390435138513,1.334104335601626,0.11585805502432257,1.0451089184891051,-0.8617789447554935,-0.04580995464017683,0.4886567154933935,0.9542644118172676,0.0
-1.7361853751698575,-1.239681061334512,0.6393942405574349,1.2320154584478222,0.2590733907417461,-1.5987893764099275,0.2846866174049287,0.9379026794558283,0.7850825972306497,0.09618991885918983,0.7217019252851258,0.5925428561977121,-0.7419322441475716,-0.6876242729258114,-0.8223217347155948,0.9508580915433299,0.5109856286190634,-0.3615773442009412,0.12912224512885986,0.2220496325793697,0.0
-0.2929052860098973,0.0015581415279117524,-0.5408510803480572,-0.9498347399044911,-0.7282104102159579,1.0112085316158936,-1.222302211711833,-0.03373173669214385,1.1862893415991458,2.035018103630495,1.5048711498107739,0.3425895062397802,0.7800322909660959,-1.4497102939477542,1.2109531994158609,-0.3039989583821594,1.7851813385183,0.5763920326607076,-0.22455235501748527,0.10483032322294941,0.0
-0.5366550130289685,-2.388363182908363,0.09847168011109816,-0.5565918037960029,1.2820873740196195,-1.3647644067955695,1.5062004221914473,0.5375514861191606,-0.23182107296962867,0.8153652490789947,0.7471967006935183,0.021785616358574213,0.19543086799675682,-0.5315826965124675,0.8682130322672184,1.1727737881721787,0.043467133865194726,0.8130021703071509,2.290396558663457,1.4693390553876557,0.0
-0.6355911364545044,1.8456792149755517,-0.3961837551172502,0.20791605610805533,-1.7318371728306508,-0.5016496195651284,-1.5418355355695506,1.008978146515208,-2.2864810537871905,-0.7701349075964466,-1.59227685335203,0.39663123408704315,1.5988331716891204,1.159651057949516,0.3548638500990859,-1.106659082258281,-0.4432015792573316,-0.45396722497629977,0.19888926885378658,-0.11793977293382002,0.0
0.4714659006303344,1.8212738577113046,-0.587104619055733,-0.2628155032445751,0.15138957198135117,0.15176561640408,-0.4894400641046807,0.0841166259763388,-0.5897061381345984,-0.967976746615928,0.8529776793524335,-0.9692451016504933,0.4580437254791085,0.6315026740059138,-2.249302121100767,-1.9685411619268354,0.22041157588743973,-2.3058852130559853,-1.710142031978781,-0.6898746634176629,0.0
-0.6204898433220702,-0.9370082157712516,-0.6792277685638769,-1.1826884210871134,-0.1284353600839967,-0.13401750881857535,2.4152748631756373,-0.1932807407991988,0.14399434141291081,-1.3183326078886886,-0.9763211079681414,-0.6543886314101791,1.6941715585830734,0.1346183576978753,1.5890271316035607,0.016617946490943874,-0.13088880168342595,-0.4924224920189585,0.5831225987641195,-1.7966952975426809,0.0
-0.4185781646409448,0.636874098752529,-0.07005657392765696,-0.5394375966557232,-0.9443730362478125,-0.6574614908130668,-0.8055411561784815,-1.4874311668418312,1.0756748283236488,0.35262825099623296,-0.16811896422024175,-0.08691166572629526,0.33993928059396833,-0.6067967241175244,-1.9833279721069361,1.471264692730326,-0.07996721798963084,-0.7899130770250619,-1.0573851821638882,-1.5750383257555507,0.0
-0.35203851625276616,-1.1652482844230936,-0.7925006883779379,-0.6355424130772228,-1.789112768779446,0.01809924269796381,0.8061661817632105,-0.9789617286042106,0.39410197254585166,-1.7510280591288134,1.418383833938606,-0.9326395058032442,-1.8320660541971274,1.309514440557214,0.5738267736321383,0.09893801605124235,-0.596664759566049,0.6863867961606557,-0.8248458049626015,0.39994032142922903,0.0
-0.6254289264850204,-0.727029872902936,0.538160441211721,-0.3538630516740132,-1.2635805094558548,-0.12951863035715944,0.6659773226019982,1.9770323433415913,0.5820363515940211,-1.4233144696870212,0.13925614910281187,1.0615793763193133,-1.8960123016018247,0.312768408709142,-0.3523852737305981,-0.5402036915386652,-0.13068345162083173,0.2123640213054646,1.3013345171096384,-0.8835390638528134,0.0
-0.18284537823994357,-0.5142578716894551,-0.17232768184298933,-0.24431540555218592,0.29800627355313375,-0.03454008888983421,0.27830261465105394,-1.7395978166452377,-0.9645900443265962,1.351117763995835,0.8530611511637283,-0.8278040672241218,0.29553038287648836,-0.544404009899158,-1.911352105270007,-0.042748496896360365,-0.06549854273999542,-0.2076719241952205,0.0037671363988292968,0.2756577188979626,0.0
0.14459010317569596,1.0418303276075151,0.9082529279076214,1.233765584367061,-1.1642370362227872,0.18083570706479313,-1.691879040837619,0.8381359063589089,1.2464009307167516,-1.003669413442846,1.0577805795733184,1.3509681062033612,-0.3152002673559148,1.1806869277282175,-0.550034591871771,-2.127885452518198,0.18904734506456605,0.022435543381442147,0.528453340255395,-0.8539710070608075,0.0
1.0463100157068728,0.7540372847829191,0.05965208179558424,-2.15182282007443,1.4740167272868328,0.996833119641177,0.6353722136634183,-0.06371892453014306,-0.8873589328438101,2.2225964799052864,-0.05205592828313138,-0.7001787625008432,0.3329197333937465,-1.9808849438785725,0.8704583503276905,0.4192977592501695,-0.13304076793292305,-0.8703026903815732,-1.9387092684087146,0.08898360934936071,0.0
1.5569201692517736,-1.0749752944173105,-0.04735350447372087,0.4159775341232584,1.005058718615749,-0.7287667528355277,1.3829799592609502,2.1869279849251546,-0.42382746779048536,-0.8242185221109961,1.0986246721460893,0.006398972245090422,-0.6556847233425329,0.9158732280335292,1.2047647486341,-0.8905107186179623,1.3966527588079802,-0.002214961458230854,0.3463430409130646,-2.0424635499063584,0.0
-0.6512564673878677,-1.2224447931783762,1.2281072619598312,0.04475013153461523,0.32464798065761186,0.1133807314807229,-0.5402642821164088,0.27382445867838306,-0.5674272215455763,0.42489550487655897,-0.7295503379434423,-0.8831575379241254,-0.5512564025834382,-1.7118431973337094,-0.6038919523624313,0.4732863820825842,0.3489191771713654,0.8901072488331193,0.7258218789899243,0.941777239157911,0.0
-0.5041115781509897,2.2638192490397797,-0.552375151647376,-0.9432805731520452,0.36021957465852683,-0.46252694573113917,-1.0659222007060987,-0.4618800337067125,-0.756337196596417,-0.9381594610392877,-0.6034784613816712,-2.7063436311802667,-0.19298255917199356,-0.13040259927671044,-0.7523865885682232,2.001131927461161,0.26516229059713275,0.4905305522589621,1.1086968538304567,0.11844005059005958,0.0
-1.5852979527413382,1.0367520817615075,1.4308496227525438,3.004328284684503,-0.9714111753145335,-1.0401900824060368,-0.4868775376883914,0.9253305951733207,-0.6243818328860642,0.9739784186432743,-0.6058546651537692,-1.228787563406169,0.27359018312730127,-0.35652248559843314,-0.6554767279154686,0.7266890883654764,-1.0210669444090656,-0.30150685080115863,0.41317655037161066,-0.001232306607878219,0.0
-1.0856741582053628,-1.112318689717906,0.36370969641623896,-0.00045803463528631635,-0.34395523221705526,0.27866693015422705,-0.09047538958711189,-1.9060491380725648,0.6509484019390163,1.7231947008864248,-0.43300523662409696,0.26756810265000014,1.0950582177472243,-0.06510141778996724,-0.6170653441202145,0.6218764216974095,0.6252201082195842,-0.5269849671767056,-1.7018609326277065,0.4934564377153579,0.0
-0.5045178563503107,0.002626023803251293,1.7011141458737002,-0.8786268394074611,0.639117091966722,-0.13572086607369352,-2.5091938130107603,-0.649398287284536,1.0355853513545112,-1.1989303102904727,-0.93260737237476,0.12320221802090614,0.09787020348639602,-0.5320684241625452,-0.4255405088966547,1.6826925282480656,0.8039094871354305,0.17849192865978847,-0.4840485323198735,1.0700976060094396,0.0
-0.44719501078484647,0.4093437081122422,-0.3003728134932398,0.695283227494867,1.0189951477011219,0.6451261975425079,0.08230309805972635,0.10195867196474614,0.6760198678797351,0.07896889102141155,-0.25248595665613105,-1.6265377054715995,-0.5871592542841522,0.5353223541038539,0.37550771984900444,2.587920721199738,0.645852755668419,-1.146568946647819,-0.051494760863897954,2.9125535127302813,0.0
0.5694017069979067,-0.7270376913327502,0.788295991340798,-1.6613906322112684,-0.5412896931530239,-0.7519667692585281,0.46689755723709675,-0.7712502154469298,0.5819560244409263,0.3538453945205637,0.8536706896747371,0.5040410478751063,-0.619511740640551,-0.9961557261063702,-1.0334815194032996,0.5765180449095735,0.7352709506174713,0.7661531211361349,0.28040630623027735,-0.8278664543579156,0.0
1.0478148254296007,-0.04055644080713889,-0.6347186296109179,-0.6050161533369779,-0.8734982566415849,0.13783750139902864,-1.0651471957318475,-0.4756679795860617,0.28994497059183055,0.76864521428089,-1.2692357948040673,-0.8287719202238706,-0.7153419753878274,-0.45743709960303347,-0.46444782332804835,-1.318317356314876,-0.1389346616279707,-1.0919257138396197,0.2415637530347559,1.547071469987728,0.0
-0.7317241323376243,-0.28996610874100126,1.5170809008918615,0.3419598803364186,-1.3632646004876798,-0.28819336907575815,-0.6774993674618213,-1.339836073929862,-0.23361047848720407,0.758677831419046,-0.3287093227536066,0.5257413822897025,-0.34639461952911926,-1.1245056393105906,1.6815704319489075,-0.9589390853152842,0.708533867754721,0.7453254282395768,-0.21771617937555782,0.9626471465414908,0.0
0.5348580010783243,-0.47146922307305017,-0.2083260204355933,1.382175529743547,1.0515928416413827,0.1256759864545672,-1.645134319380442,-0.14731059212813483,-0.5608351337437973,0.21846268073639655,0.3102516974403972,-2.055413789388265,1.5145029692596066,-1.2389243829308192,1.9462334789563416,-0.20162991676424366,0.3084965020224138,-1.26314567968908,-0.01567599773918093,-0.017994822830374024,0.0
0.2973415889104071,0.3953003013941227,0.4862440794886814,-0.5281152171197327,0.7108334585883495,0.016544831373526546,0.5053899988998566,-0.6738323300597658,-1.1524933052496122,0.9849237620578255,0.3266302176375905,0.49950965145900245,1.6983871652670868,2.183947230664813,-0.4816314616089699,-1.07370083744738,0.4061992746330024,-0.3966593349782781,1.1570790881967452,0.26138922739484727,0.0
-0.3981449120947625,-0.27962572286361026,0.4460850639461688,-0.14676314941400354,0.477737570457231,1.3323089301499746,0.497745695359465,-1.6890315615759723,-0.14938002215380394,1.4781921560648141,-0.49207530076749595,0.09167094674176801,0.3421839223735059,-1.7296078482358945,1.8241351484730814,-1.066653581347813,-0.3980101297995479,0.16600281668920489,-0.4986668124998184,-0.8373089400883295,0.0
-0.1924178691947322,0.8571769353584484,0.5454709421344974,0.8321521844008064,0.4945964143731147,2.3601129381474393,-0.9062892511627922,0.05219414297674218,0.16094495907966352,2.324892692752266,0.49512635263101845,0.19545816554526038,1.1354005305307941,1.1409571520624358,1.5333430708841373,0.027718757500555184,0.10756699050823514,-0.4271955974420658,0.23599599905580723,-0.8213206690116942,0.0
0.28111677758377207,-1.5494069947829783,-0.6089821435490942,0.3528005849475254,0.08110771200251722,-1.655971000614119,-1.076481916284983,-0.09819174233084244,-0.9617628991101419,0.6532155591869581,-0.31223363572302815,0.828543336881871,-0.16204742686917514,-2.036887691991901,-0.80369018648821,1.4346084098930871,0.6481227680602017,-0.6162556997146108,0.5390165522791467,-0.6508762755295224,0.0
0.4609184483824443,-0.22133479905851688,0.809391191459496,0.41537653993163637,1.4226800801298407,1.8722875699740378,-0.014296189377599007,2.467708492915218,3.5492131648755896,-0.2506592542983576,0.72213024672119,1.2655073917252035,-1.1371282182191822,-1.6537115142194525,-0.7660612902022836,0.06422742852980647,-0.4941520743182668,0.22125133579419132,-0.12764285559792699,0.2824148092673744,0.0
1.6180027399371983,-1.1565693339717817,-0.16804142010778014,0.09863956823287348,1.001798124428382,1.4401768161228259,0.22017320666509937,0.9463567730901222,-1.9659158823164353,0.8331303067229343,0.6862824659315855,-0.5475504518622144,-1.6786339466458435,-0.27915545628994703,0.2514242545439613,0.5427423206490809,-2.8585208001543716,0.3671088771983598,-1.2664055685497813,-0.9302852154876946,0.0
-0.8964941059631698,0.4549648035181523,1.0333022523369348,-0.5604477612380302,1.0092249809424292,-0.5988951843310384,0.9317374212003112,-1.88224131185869,-0.6597151083461162,0.10349587692171998,1.917813149755393,0.4841130760648265,0.4643699814659189,-0.5841608224938531,0.912160416744863,0.04474731581554963,0.5791357150875575,0.04356027213658375,0.43162525178463,1.2171053678057204,0.0
2.1808353464883234,0.6299583264663904,0.9416524344490261,-0.975926389883827,-1.464870168814341,-1.7680824346239907,1.1300325456106348,0.9219652101802436,-0.25991662079923733,0.6117834052618342,-0.008536483466306411,0.37120844140055176,-0.3110331253035634,0.9816761608700113,-0.4430460901606238,-0.20598212679032757,1.3283299050564605,-1.0196674841864708,-0.19812819489603845,-0.4157975477125942,0.0
0.04023947965976483,-0.7845213413079832,-0.9491382951612396,0.5892220784328012,0.7080114419116472,1.01364369825188,0.024144752327832808,-0.7827011870877933,-1.5559269808599963,0.7370775361297471,0.6381541411917044,-0.3000423839465052,0.15832262421082038,0.20066237890604963,-1.02418539801361,0.15189534796125473,0.3117146841280046,0.9992202036056769,-1.4231129185385005,1.5573813028804704,0.0
-2.212141990771802,-1.6262163348904939,0.7476894921385037,0.5500406296450071,0.3187384221429775,-0.5001517560007738,-1.165142847259864,0.1706550806565055,1.904868947210271,-0.3180807569698083,1.6658216139399364,-0.022227188447202204,2.0891833294643845,-0.5645690165294248,0.3277538361456534,1.2569149159584976,-1.5115259869109736,-1.323524367992044,-1.070363786205667,-0.6753524859465411,0.0
0.5797285335157177,-1.505671547286375,0.015263898307817903,0.10342786989376394,-0.5908710606706312,0.9612264142623432,0.3875130122816694,0.12854938617608552,-0.6403389749991568,0.5065186707678009,0.19872055863974555,1.0401524153593042,-0.506860177054285,2.2142324306279364,-1.1913701148080118,2.489759978105799,-1.3584827628588743,0.6501587152729308,1.3373601119728924,1.0048336332124128,0.0
0.22103349549782209,1.5334764349294687,0.3964131510936535,0.24132993640803974,-0.24421240417728446,-0.877363354799381,-0.7320053567364614,0.4122949069100628,0.9304218711550214,0.21657223235069561,0.8430852771011424,0.4404659275336127,0.7101050399342156,-0.10096979398707304,0.6446023351510483,-1.0036309519032882,-2.8550020180422537,0.2713584684494051,-1.1294611720134737,-1.371964290964885,0.0
-0.009589790462883555,-0.8381649126825877,0.17400142810831953,0.1078713034007129,-2.083195218685086,-0.5273042151447742,0.7551942220241463,0.3141662996953435,1.00695140238131,-0.14537560872665542,-0.9184276815192128,0.31342293307096525,-1.294663139842583,0.3427522655155309,-0.03215155254194274,0.25885843722010404,0.6100569929634447,0.17602833166358842,0.7861276176938913,2.336031211732723,0.0
-0.015814984850118174,-0.697091213124205,-1.6077629352887053,0.8585653485878854,0.27443663467998763,0.37527144203523166,-0.331912345466927,0.34018170388990837,0.39844814896395886,-0.43855449722783424,0.13751703173674276,-0.16811250092243168,1.6155675257095348,-0.5876448864500151,0.13457293258803402,0.12635166535989462,-2.0088730635140672,1.361920511700007,1.916015026337904,0.07500318530265555,0.0
0.05397655212690403,1.0411032361313972,0.41445726736906124,-0.43896376256177755,0.2301322957431049,-0.2584731870025715,1.2072357922239223,0.7840350234815904,-0.643908586135281,0.06618289668382972,-0.4242634647956284,-0.06022611964071638,-0.7234236434667061,-0.38174824026834264,-0.9994170885550406,-0.17715520439948862,-0.42242392828924497,-0.4417103295923231,-0.23677588270879896,3.251822720049148,0.0
1.9817463017534993,-1.8818281921494455,0.8992330680007424,-0.901724666287678,0.5796423426968843,1.5554100698051174,0.7992381198268605,0.1484346500958855,1.3091756466806823,-1.0017363184973438,1.2348017927609782,0.3110946258502548,1.1776421340540502,-2.8970364928225534,1.3290878675811963,-1.564193582581474,0.5451616668469891,1.7623547187120359,0.34347610357145875,-1.2266659920221181,0.0
-0.4002871854598406,0.056661550605933905,0.7597542495575297,-0.007276657196025088,0.32186041526987574,-0.6898012927198699,-0.010288514548087773,0.7670407960348844,0.8711974233071315,0.7650324561078541,0.7887838168075508,0.10395671933367878,-1.8993190366058015,-0.45491673727602067,-0.49593844592518593,-0.9152815324382318,1.334613075093334,-0.6946234883514976,0.5232382728262305,-1.055958612963124,0.0
0.883711082512384,-1.2920912191474379,0.3030609711357486,0.9959425117186418,-0.7170418678408623,0.1637532312870635,0.29287354508947105,-0.007143532240895613,-0.5931354012245817,1.9099259301748484,0.6923972997558799,0.1420815089472421,-0.9208270830286402,-0.5640730797563953,0.2566927848873341,0.48566249040408616,-0.406699310065637,-0.9456695052501879,-0.36413647011661143,0.35008667538446525,0.0
-0.6307603470636486,-1.327454296865449,0.09556292952816987,-1.5312835091570094,1.5148003342698024,1.5342161699204842,-1.1393517582507957,-0.462046833956422,1.0249020384998029,-0.1980061376209596,-1.4550925138877178,0.39326094301727993,-0.5896400427630015,1.0333426363698381,1.1265841659027427,-0.2725605163009049,0.11628405450983925,-0.20555122765752026,0.32205743187520436,0.3016744890378615,0.0
-0.37768167593300483,-1.1260239002878518,-0.5370193491080376,0.24713071668597675,-0.7175182969291848,0.05105621695095918,-0.6780715426561085,-0.5432476729712633,0.2781108478592405,0.004577208146458872,1.084205691879523,-0.3195787853412305,0.8244785429492775,0.7743823147915658,0.9975437219048089,2.590062973119519,0.4541321597906415,1.17930339677293,0.8314495949455314,0.24359481231213698,0.0
0.26520661199322504,-1.3938366690161643,0.6582959862087832,0.8540433114518153,-0.95145261261714,0.38831526588710613,-0.9458674000264135,0.4215136592154364,-1.3936270636858739,1.2684042693627833,1.0402953753166169,-1.2913014079822616,-1.5280955751595982,-1.2733303341565947,0.9609762684967373,1.1061395420110178,-0.7245705753651769,0.18891512912661831,-0.9629330891564183,-1.4372125908851385,0.0
-1.2263214782648653,0.44415798222132885,1.506644626225995,1.8598194738464766,-0.6341397549007274,0.4384198452415864,-2.129355947222725,0.5049165598723415,0.8590605838234401,-1.2683491399650075,0.3220873109891768,0.20750433954944303,1.013671892393435,0.46643087406009875,-0.9695448798732346,-0.21829128552712648,-0.48685261521225126,1.4025568730571587,0.7312669890834234,1.840618414534139,0.0
1.0626602924778767,-0.9853340822990888,0.6716055114260389,0.09786487622594474,0.16340549566598495,-1.1878906154778792,1.5048846519184915,0.525395135568166,0.00849227543854352,0.4337111497223502,1.2703660487003365,0.4595471547712645,-0.12641546753596009,-1.3537702567815628,-1.015318528036652,-1.1983984398159635,0.4769842417428144,-1.0775085617869962,-0.056262470883600875,-0.20894252404048916,0.0
0.3987100967292277,-1.126592763588782,0.24810931253280147,-0.7801402356734314,-0.7923846326690537,-0.5283184530711635,-1.0054065212267929,0.579919773531142,-0.3471027313498226,-1.3521317309225755,-0.7866466527789787,2.0573208319813023,0.4348074358602856,-0.7015500584461417,-0.44812749083600795,0.5848537607002252,-0.4568607910432829,-0.8179272612057154,0.4688843285540206,-0.1955897223894847,0.0
1.5258984182149598,-0.9766400936326501,-0.7885470745540684,1.4966487954878822,-0.705663002590857,1.1964640884856022,1.7118462175848228,-1.0206658573642968,1.118275907132413,0.1558763652750018,-0.6852533350879186,-0.9593519548875814,0.7968117194260603,-0.14961357890732477,-0.9373946167637052,0.014697222934828717,-0.5158469719040744,2.0071621019508705,-0.2144575452397333,-0.12641745368929275,0.0
-0.9207811935274922,0.574624662924997,-0.5918437000442646,0.32740878740259816,-0.847939973204876,-1.7856818262518666,0.6199263862626515,0.7152223916718388,-1.1875892501061474,-0.6145874073725711,0.406942621036495,2.367329905783691,-0.47959939683850156,0.5271913572728467,-1.2004013391008475,-1.2488847801356455,1.9876258723084557,-0.8483112549323618,-1.380408194515111,-0.23095695692438206,0.0
1.011772018690394,-0.2031575489521645,-0.8595235550235865,0.37565655655195973,-0.8267595228905893,0.9868701236950709,0.7868622279324392,2.2258616477647317,-1.9630248530714522,0.11087470741886069,-1.543057422320957,0.6843249613097804,-0.5339257874426336,0.46659355165550376,-0.3736745593473366,0.6823552624485104,-2.3514845761286507,0.5835155538775186,-0.08865454904155554,0.7424648566489447,0.0
-3.1136470371571012,-0.6313125391180248,-0.25368211429395526,-1.253162866448499,0.9975734190988703,0.12847431291620262,-1.4069582227868396,-1.995879882106298,-0.0948610084992038,-1.8856325122323305,-0.5586590800202414,-1.0938188898466916,-0.6986237798028876,1.422070828795654,-0.5540551098381199,-0.9015798409064893,-0.4252981330625788,0.4039301203374189,-1.5138791848511695,1.1526820427299393,0.0
-0.033982562728919766,-0.23947953617181206,-0.033832057395508666,0.7106183321179554,0.15749419858285038,-0.513825091351786,-0.021583586740931304,0.40082976730224545,-3.069135457432415,-0.9509863451320517,0.32889275459457584,-0.9902867144223542,2.2002764216394413,-2.8226481302185906,-0.27595845164467964,-0.5770925734553384,-0.8021904387433401,1.2424502592549742,-0.8410683033300862,-0.06593868289895809,0.0
0.36960157865791976,0.7997879656926193,0.5096235231288133,-0.981965040106891,0.6500030046278229,-0.7394526370090205,1.8899771232740161,-0.8485393409918361,-0.015904642204542983,1.0900576357767289,-0.31683897094813934,0.1261295457870339,-0.31365239896733044,0.5864920571859329,-1.3047966130271909,-0.2372550421007931,-0.027795922904069893,0.7180936334583189,0.6059350637676504,1.4822529170512617,0.0
-0.5603766798715338,0.332468263313105,-1.1187986561512615,0.9987064166929907,-0.6402506346170831,1.7400981686112704,0.5927183743417397,1.3764586912273151,1.4337075620524107,0.42060576443805636,-0.08431109851281125,-1.7790142476969868,1.2286818166387443,1.5909700159783535,-0.14638358202281543,-1.7042633315980535,0.5752785317927182,-0.8883043334674837,0.7561902214535241,-1.47709917767076,0.0
0.1962571221518168,-0.8650953549942965,0.6009860534971001,0.369243103661846,0.8225537530114587,-0.08719412826248325,-1.3751669931038464,0.30876912606005935,-0.28865674057020746,-0.4474763120272219,1.0997055834559215,-0.8473997099436804,-1.2989951512309854,0.46796848155842447,1.3403578576190518,-1.087618438064285,-0.0825835809073819,-0.4736774883019768,0.8479296844920842,-0.7459500850718941,0.0
0.29114952989894255,0.439663285655123,-1.1248568805358594,-1.45369177944001,-0.08193616486691123,-0.9205242096832333,-0.21691272688240595,0.1711607771074234,-1.5603387948132623,1.6477182696899706,-0.409321111358921,-0.5854015065361715,1.5865665750062532,-1.66581765929005,0.19857591228199525,0.3015253553951167,-1.1922003126970557,0.6035062167053188,-0.33204703709412164,0.08304193472271867,0.0
-0.13084201950693933,0.4481499531577271,0.7030462095112341,-1.5321554536674944,-1.7004985955183394,-0.07885341661861282,-0.1711934026656089,-0.34500792534074365,-0.8227031213021457,-0.314777833282238,0.8534241659246973,1.3447729163026056,0.6520110787375778,0.24260068465206933,-0.22932021299326108,0.5031299949138869,0.5192258427205036,-1.3926374564099375,0.31044604061722536,0.46943522531057186,0.0
0.3334773504084258,-0.1542077475642251,0.2895524454370681,0.1368803295834033,-1.0637417513900838,-0.7625131940116859,0.13178323301659844,-1.8531623635900234,0.24739618533333674,1.6328342733140526,-1.6063891239633317,-0.6877654000765198,-0.5616348207707665,-1.8998103669895743,-0.6828985686269013,0.8476159739794088,0.5174074983031792,-0.11537222550445708,-0.722788534845902,0.00021823045079963693,0.0
-0.9876182812730006,-0.7604481232603663,1.4418427690445939,-0.08123067376787164,1.1979561949330375,-1.9743543594115478,-0.5100157785407322,0.2643702430495162,-0.9511811372258345,-1.8374342892372744,0.5392034785656985,-0.07327740454518554,0.7274144765407418,-0.22040063325590858,-0.2701270572648312,0.027166430480990142,1.6319891070218973,0.32316959111390237,-1.7832174141824848,0.2597141211114991,0.0
-0.38149484680963275,-0.31632709896290045,1.0011043756580238,1.1542665369941898,-1.6067213497883586,-0.25454649258602446,-0.0614413383094564,0.5503146684707693,2.8823423209731396,2.553509750019743,-0.09596444770157488,0.29444386083425483,-0.17289589108322054,0.038556341403047985,-1.9722403021272812,-1.4119708848374144,-0.6775794977135313,-0.11526323961440114,0.14020270258001324,0.5510399534132276,0.0
-1.3314725354749088,-0.17516229245448967,-0.6965373723438648,-0.5432936891907635,-0.024164419374895902,-0.31415473406197764,0.27085032521103203,1.2763794433766555,-0.3332598040136428,-0.022596652138284195,-1.0239804159138546,0.5241028860670772,1.2982102400099684,0.8250432570864707,1.127913644679217,-0.7563083052113478,-0.33574089656034584,-1.6771605542259067,-0.7359184365911636,-0.19329090487523393,0.0
0.13937875505757635,-0.04939383522140973,3.6804012613449477,-0.15360645219434474,-2.34930744110294,-0.3984021418077779,-0.4056736195652536,0.0888554549349119,-1.8302473533540784,-1.2390080793981184,-1.3852427634531965,1.4847576303963284,0.7076781832430389,1.971211031254179,-0.022690420408587857,0.11918945642847587,-0.08583129525799373,-1.4490225254390505,-0.5537883502614865,0.41655938204342013,0.0
0.7776959634881302,0.9638950976403395,1.4740010908535157,-1.684653219893104,-0.7273016980307866,-0.5229736854542597,0.3576282688204319,0.06204242648040951,0.1714760009077307,-1.386861946560432,0.9294145402586055,1.2786187906569577,1.3031453252315288,-0.39516499808353045,0.36431722679224593,-0.2849105011955757,-0.38597695410678023,-1.7006568235539867,1.231140280410967,-0.8736414747760869,0.0
-1.1218627328751383,0.32274711181561944,0.21402816768641886,0.5289206481488775,-0.7355489920325251,2.307882395066722,0.17961875101654218,-1.042114763039772,-0.363326584275416,-1.5436253143997138,-1.144309763762902,-0.4490726419850896,0.15690505534310129,-0.5376812527535106,-1.865272180093736,0.38087950253084857,-0.30814730326678186,-0.5427841013841733,-1.3011914608688107,-0.34322719775825866,0.0
-0.3082363483089936,-1.605536822983503,-0.5912229614891531,0.659410078964903,-1.1539118720122545,-0.6027135845590308,-0.4118651607829832,-0.617454435694193,-1.0818939266719152,-1.4939740348368213,-2.087480753450388,0.7448794949968194,0.983594582551605,1.1523683784938363,-0.09854995658811472,0.819319768132742,0.3959100748470212,-0.5462720097550405,0.5512369875626235,-0.5354800894328018,0.0
1.007578236996472,-0.7602575492022725,1.083313046192167,1.1751023812165882,-0.6733010415601473,1.4843668022482104,0.7460104176625566,0.39709264419447526,0.41884112524023054,0.5794318229276805,-1.5299122829071545,-2.013731190040307,-1.9820417573543774,-0.5057996405872858,-1.4573156645548524,1.7745165974853356,-0.7947811877330961,1.5593868139831435,0.8595456960724013,2.375184199271907,0.0
0.8009491820705112,0.2805039036175415,-0.5971548959252337,-1.0583312264083862,1.2789367158341942,-0.8731100151270843,1.0578914855585713,0.28168547824972434,0.29368340455218434,-0.4483406047535763,-0.34598144768946165,0.02297740039292309,1.6736603760276028,0.1633735384298305,-1.086595755568947,-0.6095991249036029,1.3498096535181,0.573506038919118,-1.265934185097513,-0.327395601475764,0.0
-1.5209184333078987,-0.278933802613187,-0.797339764152017,-0.5344384140833452,0.06797332172907686,-0.8579716689922462,-1.351333196367329,-0.43093951489792526,-0.010260888635508118,1.0429186620650719,-0.048133629309894746,0.17912397436867852,-0.1849260004945491,-0.5547357379864254,0.009895699266897342,-0.7227005427090256,-1.3838395220909065,-1.0546356209213055,-2.5230521090596154,-0.9330345907763627,0.0
-0.9490816814527631,-0.2587232106892832,0.04948280397101809,-0.7033072273527403,-0.9231721315723381,0.17435763322276776,-1.7952815207374622,-0.8516726734924438,-0.36490683733814366,-0.6888924568976357,0.5759549573609347,-2.256683187936431,-1.7522404137664964,0.45221626335714593,1.2186536152754732,-0.28287783200005023,-2.2703036799708505,-0.33601250388120674,-0.5877834123660837,-1.8460778812718839,0.0
0.0932137474878618,1.5181165589317325,-0.3581544580041249,0.30068586977350553,1.3532498118571679,-0.06607858331437402,-2.343247116507226,-0.002306778631585872,-1.2113956195425744,-0.48494574640199295,1.227030324376547,-0.6376333363791788,-1.2809410619291766,0.8500481055662856,-0.5732571262831959,0.15381941530429216,-1.0211182339731384,-0.7832678888914706,-0.4394872315154696,-0.20422258937697788,0.0
-1.0340890624728027,2.3410231099712906,-0.8014041320445141,1.3589329856312309,-0.7598203667679531,0.4841026181030325,-0.675237909292061,-0.026108975958056977,0.5710419289452555,0.7716593115444169,-1.5271479059491593,0.85828837720965,0.9914740236797902,0.7458905204459074,-1.1479986805640332,1.421169553332313,-0.6938281073782138,0.1364270748657638,1.6069068926631667,2.1215435050688485,0.0
-1.068655168402115,1.1796173210655323,-0.8146700313149007,0.11949232426936347,0.6730434863794963,0.9985919124839318,0.3892876104566741,0.46832291333800413,1.9100376524108795,0.12333334771425909,-1.0579180497447216,0.4834088296162424,-0.6817708934861898,0.7800718249965507,-1.4536192485137862,-1.1518893238668753,-0.2517452506843458,0.9648853070095673,0.19331468908354138,1.104452030275102,0.0
0.22523924438875753,0.7421292183682756,-0.03269982365491708,-0.011907031162635038,-0.10824298785426327,-0.6577135143799999,-0.854118342128293,-0.8817817841634076,-0.48745833082030054,-0.7067817814257059,-0.25975239396965005,-0.07663150625496014,-0.47504543624140194,-0.8566406253611359,0.7792902105540125,-1.3384416195492457,1.2819581368698043,-1.3473605441350993,0.05588300901433613,-0.5333093213329491,0.0
-0.9747650282644756,-0.41043970845207994,-0.04186986438726502,0.32725071548378976,-0.06557558959516452,-0.33996407606160417,0.29274394940173953,1.0886411023968592,-1.4204835376390532,-0.011020440957548155,0.5214069294578657,0.23224246005162835,-0.6727142631099691,-0.37672280431513966,1.954509751490014,0.9106464033233392,-0.3424134768322841,0.7054732497751398,-1.969049025964334,1.2204757773736552,0.0
-0.7637842553212995,0.21503705860042635,-1.7459766652086113,-2.489751349073306,1.3460397638522412,2.0268288119442257,-0.09753164948605805,-0.2595615927602135,-0.7313097354277243,-0.23492847487796967,-0.2684220997734463,0.09644679958501659,0.018250390508391286,0.38548445798738673,0.36359404225503705,0.28800492033756253,-0.7567202486684846,1.6614573700983726,-0.7958625647089236,-0.9763336948488087,0.0
1.5913189209780447,0.5557781493647658,-0.23746782324197396,0.030086345097046573,0.23972287912321197,1.1246636700012294,-1.0228617059319236,-0.47053908694877467,0.011418142432235157,-1.4589411015154519,0.1514121822279575,0.11604737707091572,0.6899036275925169,0.5334854626440793,1.417131228279762,-0.3033969083754312,0.7501970118274135,0.5288137715079547,-1.8271439419278923,1.3318687404239182,0.0
-0.9830787176942989,-1.7707157779576268,-1.381298015094542,-0.040772651268627676,0.6669304124083149,-0.17319114658985044,-0.07766487457999469,1.483895004754495,-1.5170185448468567,1.3832431682896291,-0.5729450424572281,0.2019349596452196,-0.8510007626812597,0.26001038363577855,-0.5406535638118879,-0.5944028624226686,1.1153248212653537,0.4903860941345272,-0.5514138850624738,0.576725054130419,0.0
-0.3549413790270591,0.5475631263713818,-0.25088052459162047,2.397654740337192,-1.046143172024903,-0.5390549111810198,-0.9975220101830579,0.04314534146857673,-2.6902618026498217,-0.01427101960315168,1.4658684788564953,-0.6874146842294351,0.48691627272956206,-0.3050064085233448,-1.6893903105589019,-0.1846428952036962,-0.605740450812345,0.4144371575005045,0.5951787711454635,0.6526265841459767,0.0
3.1192691429382813,-1.3876042883896893,-0.7977541363558622,0.7798024304397585,-0.010995110632001048,0.4141525580717146,-0.4643292663327051,1.4179605910806916,0.289216922404532,-0.7687553720986201,-1.2473110189903147,-1.2176932078388607,0.9917503378402166,0.4798218421728814,-1.4569174781056098,0.31272309496853196,2.885007052229766,0.30796054282738144,0.6287744874677726,0.12129097712799194,0.0
-1.0908182106780075,-1.0266485194181434,0.4744512631894172,1.7652486100785787,-1.8000302790759803,1.4764264811644614,-2.315002735646389,-0.734497633260488,0.5787805722431008,-0.08774920122888125,-0.10927497434857347,0.6601576517593774,1.5570801730585837,0.16736776071784487,-1.110730091964486,0.32453646897899446,0.5704892669995199,0.5228921378485463,-0.15470448935484662,0.6743219279694052,0.0
0.806711228029775,0.8309432624919333,2.3411830538996097,1.4074313905891227,-1.6676190644466564,-0.4838320162789624,0.6024986320856714,-0.627106000890507,0.3529870102567539,-1.2452376454927885,-0.7608466883745791,-1.2106041576111919,-0.2897667289971648,-0.28345488259140905,-1.0478182626805166,-0.04709447397455191,-0.25072907992386495,-0.2319637256608291,0.009621944760670718,0.4602137285959045,0.0
-0.3084818666036393,-2.6709884999931477,0.5330364957168227,0.9891315248277381,-1.9086355221027544,-2.2391566091643758,0.4365124619248185,1.384096548502647,-1.41217814770816,1.7416945542538393,0.9806872255873967,0.934426995187233,0.08072345102867441,2.4955922780764848,-0.44888302064831437,-1.1618931113429471,-2.047817256075799,0.7340509523635264,1.0590551047141477,0.9257218550651553,0.0
0.033280938907720665,-1.4959077028566892,-1.443897690745992,-0.09681622312720928,-1.1974484134191092,1.3357771044180509,-0.8520215808496564,-1.2251467835210608,-0.9486258786580332,0.0767889304660461,0.5338936951270816,1.2353887811154405,-0.8315395963320424,-1.222896188443665,-0.3136581894892031,1.38439197076111,-1.9029444753288167,-0.15484734114618626,-1.8678119216203701,-0.47603330756708234,0.0
-2.034092022908158,-0.8728675944168047,2.1580100697550253,-0.2782360845138231,-1.331621030461474,-0.6983675408945119,1.7310223660388129,0.08246166450446045,-0.6750485414273758,0.5617603196010232,-0.9801891410121528,1.1293417085826318,-0.9893144543159934,-1.0032955480965031,-0.7510283999456863,-0.11483074101110934,-0.12573009358990306,0.045225922342305394,0.6787202309361597,-0.5690067069666656,0.0
0.16028520120827056,2.252008650376356,0.9099849555331327,-0.29546153915923284,-2.197193299627342,0.33389996372167463,0.46313834759697564,-1.4863849816726833,-0.5046855977982067,-0.7713263680176857,-1.3736266970659994,-0.16481416396678272,1.0663386746334558,0.38578924543643606,0.9189854423482857,-0.27164405274100833,0.36352239558222876,-1.106175171270494,-0.5531305004361743,-0.0751619172292074,0.0
0.44619172800931733,-1.6055016161622853,-0.5904860098779635,-0.2254364642298546,-2.707302459612333,-1.13576326465535,1.1202219628786614,0.8734249113276485,0.14753191113935435,1.2698458618196842,-1.8043132005681042,0.31847596363082953,1.1928602881609516,1.5780129885898773,0.9113359215745741,-1.8675275460041465,1.059266874070311,0.2993017385343053,1.3333528901382201,1.165928143438621,0.0
0.29218453678967,0.23141888687322693,0.23859587511090055,-0.6335922911298816,2.246072266903506,-0.866223382224786,0.6057104226730599,0.46384823269803005,-1.9138203485234204,0.10813677565249563,-1.8975482599428342,0.22572933341729715,-0.2510157482817178,-0.827562525850967,-0.532745415227125,0.573548605517512,-0.4812051987513338,0.45492038083768627,0.9997272911337013,0.057564526440399826,0.0
0.8103735982563106,-1.1546545296742883,0.37864782527422736,-0.43666291665599694,0.12384940498476887,-0.8703393215039579,2.254833707705037,0.7362013030844048,0.3758311929896864,-0.03657879590462174,0.22414110712864146,0.5201148434355933,0.9430717709879891,-0.30220385370074376,0.9731882794338097,-1.5082783093987036,0.21872780166481418,-0.5963992051871713,1.9417690725452394,-1.2981500930591834,0.0
-0.025133872942328175,2.0427223139401236,0.9075958999223439,0.8612460704892485,0.42561814798162956,-0.22022496446401574,-0.919148827672844,0.439527865803553,0.6335213617670349,-0.6851442474555249,0.2860192297034411,-0.6409866794900922,0.35662078661002805,-0.8319574076438259,-0.3399805689984546,-1.1914335942692629,-1.4015351927092683,-0.03491180059962506,-0.8861642097164305,0.9907371574249548,0.0
-0.6280937119503646,0.3587762467328261,0.268151271731517,-0.2952025494999027,-0.5819382934136748,0.9120246336799654,1.1661478356605668,-0.5008514012148165,0.8233360369050137,0.45847654407286764,0.8013402763382818,1.6774501428272872,-0.17672287151231136,-0.5170341731034837,-0.43551214349026474,1.1441126530134218,0.26370839955227593,-0.9640307356515146,0.7468598391895698,1.1131695419995324,0.0
-1.2478633616612156,-0.96529359978937,-0.4618414779544794,0.3216034439342182,-0.5135013680318666,-0.31992448799966205,0.18489426973853698,0.10370895721944685,-1.5830361917753877,-1.262640976857488,0.2388887476441997,0.6807938407385612,-1.1700447721833234,-1.2536603399530317,-1.592964687310827,1.0595678803762936,1.5750792963951317,-0.780685880504107,0.12081745938640201,0.4460823603841496,0.0
-0.541920392528704,3.3430415551942363,0.2204232287032831,-0.5809139474972167,-1.6467720808755144,1.5424109634793113,0.46187631555914577,-0.5333241470441954,-1.741726228648066,0.41551638824742915,1.0334903753487246,0.48179940751002204,1.3055119601115328,-0.6810681384680752,0.03875984540323319,-0.049246781780324884,-1.1810617780750519,0.6132081809385151,1.6120722236377472,0.98623441209655,0.0
2.14998170951109,-0.20187556858600356,-1.3252800568527867,-0.029175089204151676,0.09131641310319737,-0.3444780579753332,0.9809483469027244,0.5914012871548892,1.6774212812275469,1.1136430189463864,2.777766009286969,-1.9852516313695339,1.5347315459374258,-1.193723212850698,-0.46352777363624664,-0.3318381125478753,-0.08952629853581136,0.8594767905025642,-0.1067955144792382,-1.7460904809263589,0.0
-1.0021171119253427,0.5453340087336743,1.9136237939637568,1.6178711880069603,1.7189217047778165,-1.21489002717265,0.3199692034493311,0.9131004758691081,-0.7483436789296183,0.26728677710590626,2.1489093951036926,1.275076756028933,0.2421067591358404,0.5545914234709485,2.4587047015872416,-0.4597511412251109,0.2735261648040871,-0.22980636688118397,-0.6491982136541828,-1.980761522970709,0.0
0.3442972378863612,-1.5527556644385208,-0.879507205484584,-0.04846161523491764,1.1717530110316239,1.0620852142530057,-0.5549672299862983,1.539019615130216,0.2053593788610957,1.998329951336823,0.005017399789168289,-0.052912759526154235,0.8384501129570385,0.3874560711544282,-1.2675947981951416,0.9535054850893764,0.38140273749314807,-0.5559936320203569,-1.9721770599094606,-0.19307598095111897,0.0
-0.050005927429453825,-0.8663079389713304,1.289213853003254,0.47094030694046285,-0.4002168237466438,-0.6368280631445147,0.10666050676760196,-0.9947505107506981,0.38257661053936914,-0.20808563311293643,-1.451002540936642,-0.6766045050802989,0.4806634865977205,-1.7763577684190226,0.3357635751984871,0.17789520278168597,0.7101653032617967,1.3983779224192874,-0.14115839568004093,1.6239580518706833,0.0
1.410392555712051,-2.2940486624734304,0.501709292589644,0.4187727907795861,-0.1438177537999,-0.06182278322125505,-0.016567974797799583,-1.097696299682028,2.0089744242055767,1.3210272463636126,-1.677080330285829,-0.3167803675508779,-0.7542849661968125,0.3340580853631744,0.5434007261245877,-0.4109235639912401,-1.6829370214970907,-0.33096488377926275,-1.081531420507845,-0.007108439436842742,0.0
0.7832120267679569,-0.3884709237567926,-1.039885449294959,1.0261204741360939,0.8024639679901309,0.9693523820406167,-0.5865085633830723,-0.22525938817376823,0.36348095034420774,0.04334419260118324,0.16099117769353383,0.5048515837493585,0.5342663947250674,0.5771268808174155,1.4034547018399484,0.6999300113809391,-0.759918080372637,-0.002949716496336183,-1.5136437149345099,-1.225293468473189,0.0
0.3597316746943737,-0.9234339173510916,-1.198650498038454,-1.0364178448617012,-0.3601688385338355,-0.06785671624328937,0.18573017607101003,-2.987868511644216,-0.4756857869234598,-0.818848237844043,1.0779888519013312,1.000252646831126,1.449136709381258,-0.9756856520536045,-0.6432129599826211,-1.3176791604048808,-0.7399038553579746,-1.0161307237466288,2.4634475041561923,-0.4969525810262314,0.0
0.8604903879142376,-0.5262000987301262,0.5271206297032297,-0.15837933619523495,-0.14209560561649423,0.008666053331336474,-0.8530788901959656,2.1609993823995173,-1.3012661045974807,-0.3239064758949636,-0.1521332794673158,1.6357589641287804,0.5303328314526292,-0.7327743919520564,0.78587136110948,-0.3524645080942858,0.45241164374818055,-0.6161488168484249,0.892993794078428,0.26352439525715016,0.0
1.053692961202287,-0.9177304412584806,-1.0943264251365143,0.9446163631330757,0.09899803932986308,0.41365777823613686,-1.698364494520627,0.1526229375597566,0.30741103977113543,-0.1406085900647589,0.6328770272640794,1.289996161501668,0.5575979721985462,0.6053704932446378,-1.0155282992462555,0.8880939698235862,0.999291814831096,-0.3651411658197701,1.772902667008595,0.18175658647141055,0.0
-1.1031900635381828,-0.11192365194178157,-1.3587974004391012,-0.7752392744332134,-0.08704060541408505,0.6708688738533624,-0.7586802890769208,-1.573158911947797,-0.7421581264563104,0.7308715454524969,-0.6418408633590021,-0.18984013779230396,-1.6572669489274419,-0.855993885228677,0.18935503447102744,-1.198280679021019,-1.2169050272239363,-0.4871153028668886,0.5509543192110878,0.4135103799023081,0.0
0.9739566388348979,-1.4632262508782163,-0.10505121403563787,1.6109124248249131,0.6144592249377322,-0.3558021705768637,0.08581787169627633,0.0926072317789654,-0.11254423988766889,-0.4305564851817134,-0.04967347999879742,0.5486572185627078,0.7474716773369633,-0.05593424642119511,-0.6986593485432883,-0.3050148414088901,0.7993036796152265,0.791213334138329,-0.6806871797317211,-0.21577823595732207,0.0
1.3509423377351155,0.4089772504997878,-0.8930956870087587,-0.6783005605291105,0.8107234584928886,-0.49381466497902166,0.07457348790623329,0.36165865110848966,1.4947746568498592,1.3102045100511683,-0.5045175327603262,0.5892673905243506,-1.7956333285755561,0.36564119470634543,-0.9404759460485088,0.12042148044937566,0.16561943509227045,-0.837078877215805,-0.3385316475332013,1.4968315383971955,0.0
-0.6515370481481348,0.11380253656757353,-2.118500232307655,1.3842894427870929,-0.1346262134566403,-0.16365165775061796,1.102741028601428,-0.20370949231567131,-1.2124737924857518,0.16705515140830712,1.9365581472913123,1.9871613722458605,-0.04898761250369534,0.038152931291231214,0.4944272158345331,0.45767835520066646,1.0449944401456812,-1.1868126876614302,-0.6552178634491925,-0.30159268072277906,0.0
0.5319515332415132,0.21793159520968447,0.9800097306453053,0.048847298149437356,-1.5654376038317606,-0.06487556816150601,1.401398238836541,0.7320673582476449,1.7368973259189033,-0.7059622117056003,0.7410235856214882,1.219059752109067,0.24667205739894332,-0.77382310318615,0.23426809974524185,0.6432498865388031,-0.09351968942925827,-0.6649765716020956,1.5527624058655138,0.35313682363770865,0.0
1.782107604735812,-0.7167702350120536,-0.7912645417016896,0.5277009438361827,0.343776552951897,0.19331734811090295,0.12696482337896225,-0.25634559548362323,-0.8607302532540796,-0.6982029653501511,-0.1421786148727793,0.6175011262119189,-0.464571607626927,0.07079759759255494,0.30459135103254276,-0.5774232253650772,-0.9023016875215921,0.034825074664918215,-0.2189184389158554,1.0623324369302494,0.0
-0.6518272120238909,-2.574561355761329,-0.8366647521604365,-1.1768947988242942,1.0696475979887519,-1.3267784431543996,-0.4347772432481094,-0.4936990305186831,0.8539894677572593,-0.9586161337116431,-0.9060724642949312,-0.238384525243769,0.31514937159005363,1.8346585548718595,-0.1078410365296051,1.1162854619764688,0.9682468448938024,-0.6866708286918191,1.2135762866534416,-0.3092425911849117,0.0
1.3154191713094177,1.602280801733907,-2.348264423362528,-0.5674015751409364,-1.5724986144852435,-1.2470043757202098,1.4627175880931083,0.0072613537645388184,-0.410590687071528,-0.20198544679242258,0.9550590440684469,-0.0845816208921854,1.2676913942095884,0.47615639191119785,0.16679749770454397,0.28912514525211513,-0.8398741197651759,0.23301052420517068,-1.7533018647306557,-1.2301883390100286,0.0
-2.8222794630617423,-0.5652164969821134,-0.26766607535210357,0.06595994038172262,-0.7861065448030906,0.7369432661079703,0.6096370227821298,0.8163145818824277,-0.7357844448691168,-0.08273049241876729,1.5818254989183456,-1.2696696951569189,0.7880031132699046,-0.3309952917038611,-0.12291481153497148,0.8579272126557452,-0.5421252239746608,-0.7469326775379003,1.5399268428154314,0.4089282896694947,0.0
-1.7773119814052334,-0.25952919128858826,-0.4216644429439548,-0.3688395959675035,0.12215505193215427,0.38093961278425365,-0.30613520190959276,-0.30478530268617565,-0.43433942512879703,0.6779907909258625,-1.5844417606068792,-2.4260087408478306,-1.3247073173083925,-1.431103588382143,1.332276559336809,-0.1511069123604781,-0.31335616597907434,-0.49814901443243303,1.3934435865176504,3.0425623465145346,0.0
0.2883061515105663,1.018808384785021,0.6808116334666304,0.05067393297736629,1.5813096668166366,0.4419802433397076,-1.1630870685064334,-0.448808898805295,1.5342522080738619,-0.6383071605417814,-0.2659807508114907,-0.48226703571959917,-0.028044215477843925,0.8365286492511852,1.2781477664959322,-0.9701925677049725,1.1695160913168647,0.8027766125034842,-0.9119581400681492,0.6248205504105636,0.0
-0.38762555021695955,-0.5428718245736721,-0.08027318624935705,0.3148051273371175,0.539888544578019,-0.6849509724447008,0.4037384673618295,-0.8783831466379896,0.2084390975958026,-0.6484006213340657,-0.4469548679053099,0.03277534121218928,0.06810845177917411,-1.6551154077897856,0.24870887266299946,-0.5768791235964925,-1.3051078153202782,-0.14239409395491107,0.41459832257340234,0.6746778739256716,0.0
-0.02579736591892938,0.8168131344314579,1.0651243185377652,-2.0937141529513603,-0.15391119524927507,-0.09131252324805104,-0.4938615323746358,0.6711421813967305,0.7487933743840158,0.5958914280335423,-1.7215798566906584,1.3086506485515375,1.3316372498764204,-0.554365365193514,0.3031314890702009,0.4991445577655521,1.0046358358081104,-1.1323756613896756,0.6936495481994501,-0.1832861693900448,0.0
0.6384787162619368,-1.1705849077301045,-0.24760752262096491,-0.5215923570023486,-1.560194042258352,-0.11019334353234513,0.9567819802272856,-0.507630947716477,1.659185795432582,-0.16006633252725672,-1.735832872025901,-0.5578261512109636,-0.13557884003020224,1.1450675968549855,0.9235573030621507,-0.8244076436228617,0.006897036729077701,0.25305774494167166,0.24138046147746134,0.287427204441447,0.0
-1.35364864164448,-1.4605539116479849,-0.8513097883507262,0.8442328847858296,0.913754315171351,-1.7524032117373112,0.28867340857578566,-1.825560601777008,-0.13074494840523967,0.6618391082082113,1.3123777648393076,0.1100262979717211,-1.1894795953136843,1.048776260944549,0.808712429659626,2.1486841588873955,-0.17599605149218606,1.172166115520175,-0.06898988228863902,1.6582918684191272,0.0
-1.3787502423949598,1.3683931810515586,-0.8812984260402624,0.17211025168814734,1.0704335564185028,-0.5105419804090301,-0.560453138322148,-2.034611847334862,0.2920637207975458,0.765185074590651,-2.272444125491479,-2.6961015087690754,0.9721625419840337,-1.2173872067828906,0.8301705457721795,2.645416406076426,1.0178707886285516,0.08600233239063652,-0.8840009220174058,1.8264532217641685,0.0
0.5670333581292551,-2.0342853098384746,-0.5636841133418908,0.13359713192979938,-0.6621438662890079,-0.05028422647753415,-1.5906635325832883,-1.2397261892743783,1.1388912216918552,-0.09031017297132951,-0.6279416961676149,-0.6281138062489026,-0.8153150425036579,0.12162623407485428,0.3590060674064262,0.7875346298972072,-0.8439955969223353,-1.13626825035795,0.13337406910439487,0.9437494460265115,0.0
-1.3741160928131846,0.5446790739013969,-0.5019777314450998,-0.2221082422469378,-1.0526493108669095,0.2860927661298994,-0.6935918334225893,0.5428151790648402,-1.5394279793301526,0.3631020467465516,0.3173896335641317,-0.037497825745360584,-0.8889702147817655,-0.0997234051315045,0.6207175172619368,-0.5447492050371369,-0.5309098728868402,-0.10175864976975511,-0.2666755648594244,0.9630433524906606,0.0
0.4122590038324877,-0.3042042684510053,0.3219287237705694,1.0200699071375552,1.6236341113059518,0.11316600703299422,-0.0986172139050543,-1.7481786011080303,0.3792003935198916,-0.6253923604362674,-1.6471314805669894,1.4284099224316376,-0.17867028906899568,-1.0701589866835415,-1.1265058359750015,-1.4097924730947593,0.2986101935343328,-0.37233255282662864,1.1576578503613828,-0.8351505800577316,0.0
-0.5340014018752341,-0.1219936177121315,-0.3320443403143804,0.21080284866865295,-0.5604986334957349,0.8478954339448409,1.7302239285873109,1.080319722171892,1.174730699909241,-0.21384637691441982,0.5244377649093338,2.0628520476934824,2.151710333599031,0.5395989952195202,-0.9530858022979533,0.0006998225238524849,1.0405388643405893,0.8850826868645705,-0.593784465044905,-1.0322909202270825,0.0
0.4475310982111829,-0.3790873597507493,-0.16561149657262805,0.8340423586105108,0.13341880438090062,1.1592523158258556,-0.23012785284592108,1.0227096472409758,0.5237408270542546,0.29966400557108497,0.002594999791614565,-0.2769398109908965,-0.7404968137829989,1.3668941289107677,1.1348452597631438,0.9805017410910704,-0.7894390345549127,-0.7932364431681123,1.2255585002367104,0.3787191918355181,0.0
0.6920068685799498,0.4046607723893479,-0.06643303119477117,1.4249773389212166,1.4420733111543924,-0.746569443005434,-2.0529535322722823,-0.17421950442882206,-2.1975042351564933,0.2936928621191644,-0.4209428408279088,1.1428293786284511,-1.0212401311574508,-0.15938472900559922,0.28112880154863984,0.9752229498831065,-0.7822089616954077,-1.2018539061690474,0.44746046438037285,-0.3370184892841635,0.0
1.1333069183399629,-0.955244401373849,-0.5801611036587636,-0.3371776830239225,-0.30397859729789023,0.7842134167860995,-0.27408482746860363,0.31256860872699405,-0.7580287881290823,0.18347656903079546,0.9279370911549486,-0.7584383527998275,-0.5327927110242467,0.4844077020801116,-0.28437764154690626,-0.5266243335365912,0.21864267630384715,-0.0012698191820390613,1.2177054490417494,0.6830141196796448,0.0
0.23118466412810867,-1.269465832229292,-0.25105198401473,0.1145577831570361,0.014749251008271526,1.07628187802466,0.10860343461258495,1.1138043686702277,-2.786690849270058,0.49615686792470653,1.6827377078036312,-0.523659770505155,0.6793489653331605,-2.4058021592000323,-1.0559645577569836,-0.817939419664115,0.7442075978320193,1.7752029235985936,0.527318570528301,0.11421731965867027,0.0
0.8994351704782763,-1.2946920587716193,-1.0773569964370007,-0.28339999388575215,-0.9474505188415674,0.007548329320135433,2.1283431824693353,0.7944773704619819,0.34765440391813257,0.5785874844565522,-0.9845535291478275,0.021739674526169064,0.321143815366181,-0.19772400297030615,-0.6259896514725635,-0.5529428013314371,-0.5083364629033454,-1.0256228977299655,-1.62475887174653,1.4981837688502992,0.0
-0.08565989736655939,-1.0347327092753318,-0.2652507828860208,0.016274770735337833,1.9194461182914686,2.279483085125106,-0.33353779281274376,0.8747284609702577,0.34945512139809265,0.09594247392637324,0.31829342847809844,-0.12662022424757316,1.9894257519955996,-0.9548456119212403,0.3181610278789872,0.30626909201825414,-0.3269801901300233,0.46807641563964514,-0.5989718251719468,-1.6944909467949516,0.0
1.667399224406303,0.25598893874175677,1.2737203091773888,-0.46166812819152975,-0.9506050963764784,-0.5701147666586529,1.4111917617569842,0.03009665812931586,0.22230461889330583,-0.05731991194074117,-0.5662154552398243,0.4478284772288091,0.32360295274914924,0.34820152003461086,0.40476708698147423,-0.3392925119541835,0.36523815313302266,-0.32166481056173585,-2.6307995424932975,-0.15025144546364824,0.0
-0.2698767528021121,-0.5125025566853288,1.9785694456531244,1.5964278048777012,0.40891257305383005,0.9595516060269088,-0.32863709569781235,1.7400847258159566,1.560397467608597,0.4607695303831375,0.1965608510722509,0.3897466636294869,-0.3435098273277022,0.0027499243583894864,0.6897944251674869,-0.11250082498051883,1.0005293892659353,-0.9326219042732157,0.19375600687141056,0.9646330240083086,0.0
-0.02788375560397861,0.05970436160513042,-0.4114232119306439,1.2361296734208198,0.7839127719835149,0.5506874601312474,-1.0204511253684656,-0.04028669893588547,0.6490804044786673,-1.1160515483816387,-2.3214433595079687,0.3714383334730367,0.26312301651968983,0.5906731231141472,0.5496225352378433,1.8450951849142796,0.49906356125748086,-0.8797961618479,-0.35339503256229265,0.6882967858908454,0.0
1.4420970849293446,0.6980582173926796,-0.4014133233436729,0.7756727715618751,0.8003930197867054,-0.87222744928853,-0.7098516798601853,-1.4675670535647685,1.2908424060410753,1.2399320322629037,-0.22161549851201204,1.1507215992765534,1.9003095016945892,0.7808332520778561,-1.1378064281118792,1.0930462628117967,0.1427615610308449,0.5331284503181513,0.44338039507487975,0.012239616907797183,0.0
0.29494520849590394,-1.4891839475861952,-0.4492808544584242,-1.6229416546742792,0.13511424732912494,2.323595146679975,0.9892596202562648,-0.1791054433126121,-1.085937404346844,1.275570250077847,-2.832839347232697,-0.14896338622922425,0.33961455336871527,0.03291089607197969,-1.5357333101383428,-0.5214883493442437,1.7693043900597634,-0.4019251973207532,-0.7332612075015336,-0.2214194309737359,0.0
-1.7640492619411,0.8314716558222991,0.41706652498850605,1.5076725177435208,-0.598203508029311,-0.14805165894000372,0.17289155560865135,0.5831072829993099,-1.008229526412824,1.5256937209564436,0.40982170230918735,-0.3661148022903019,-1.22224508233882,0.4290561736509133,-0.4001670053945517,-0.22910745366842275,-0.35026989525306584,-1.9092173070332352,-1.8322612810704892,1.2730279897348566,0.0
-0.5279383879911365,-0.6521274622490535,-2.210924996287581,0.016261847798937922,-0.16929323088364118,0.6782614284482126,-0.5310739311717521,0.526540206466058,-1.6343773024313968,-0.5254328660479983,0.7911325841527161,-0.21671356423369367,-0.8299784577989724,-1.4905545976973338,0.4377794313502601,0.29282191100119176,-0.7141431987383748,0.5141019281820298,-0.3845414331544832,0.3683488824897043,0.0
1.170691639218631,-0.9493969195155854,1.3447686019203402,1.4315539619244753,-2.1045052417958408,-0.5328776422996842,1.084948810378573,0.011798886020037898,0.9568178448204873,-1.8444969244069993,-0.682020379109891,0.8227719169564911,-0.011058734553440629,-0.002084985463737764,0.06337417494163083,-0.945360495690196,0.6308462109922421,-0.027293683134328377,-0.6392620600898277,0.9717868647211891,0.0
-0.20790307011742057,-1.7456283941735726,-1.9409222891074145,1.3590885919636047,-0.5972703415545421,-1.6216963419875323,2.5809547001161737,1.3345798993043,-1.098427241545452,1.0379976061356295,0.031426030910512076,0.772542331993566,-0.614906178833344,-0.037137984065308306,-0.6612261516572401,0.2478618584182108,0.08079141681154853,0.2107439650380363,-1.0355076572258153,0.21666608480484564,0.0
0.014763164911831682,1.0081749192881069,-0.9005520189996208,0.6316436700409217,-0.15911420949344948,-1.3984099477098773,-0.620940887478233,0.5915608531216533,0.04487069105377369,1.3620066906171908,-1.0474659848470296,1.6934597179726665,0.23175414669865188,1.3114012501689565,-0.5442745080503028,-0.21682040944100497,-0.759660333168014,-0.3379415129642725,-0.23567608786323965,0.3372831495017064,0.0
1.3790945039956717,1.438492001591947,-1.2173207864820959,-1.113226990299984,0.667635824581075,2.7083056380346573,0.5589534135838332,0.8960500076828593,-1.092610174213876,-0.884554813929397,0.46171697847894744,0.9619704612826782,0.7460847718224931,-1.045206704441833,-1.443213490655967,0.40525723702248073,1.1715763380992406,-0.4614956882254676,0.7950350236689543,-1.002264638564796,0.0
-1.0070177424432987,0.4783112462975403,0.49367474408740625,-0.7157339192179698,-1.042328782518349,0.4168833903094137,-1.3290197622134177,0.2460659446540973,-0.40727730545151625,0.5255042879388563,-2.0311381043828596,-0.17817872373604715,0.26140956900681256,1.388993191274817,-1.1461968277157932,0.023925744274003187,-1.8254093145535208,-0.6577367828394636,-0.11400041674732543,-1.6588764745164712,0.0
0.5594270353441387,0.6230406323178195,0.8864696069456152,1.0798057959563905,-0.6661770798878826,-1.6730673287106235,-0.0909550739001956,0.5686389430831168,-2.4511811374960146,0.2534571029906847,-0.9161038300373079,-0.95028095435308,0.11341880293791777,1.6423710063367158,0.006927252543418854,-1.6281987095390018,-2.322112586732498,1.438376204343935,1.1948826853770675,0.5943736084755467,0.0
-1.395704700270785,0.026328277725665417,0.18884758933505258,-0.3049990355653686,-0.6020308470136304,-0.8974608648881116,-0.4280610392526063,-1.066482562147857,-0.01150406291940652,0.45264209521785936,-1.0258448533265738,-0.8575752643880048,0.11237948568767595,-0.5698961094387585,-0.8633135984821457,1.5089566216165207,0.20540952226275344,1.4993435563102102,0.6490462902659846,-0.2678317944260641,0.0
-0.101814418238628,-0.14224518287155186,0.9403220818471103,1.4383495812446578,1.449275800710242,2.4628002866915377,0.35481806931050075,-0.2327795543665619,0.6446882371582331,0.6886653508631582,0.3663265118910858,-0.892538919480893,0.9498381535489443,-0.4485264947453601,1.2537080077298004,1.2669809568986001,-0.7723193428141792,0.7800597819653906,0.3561148108138157,0.28768435062916703,0.0
0.951277829547442,0.11721854001020002,-0.1864701671998696,0.37545077379910763,2.0836921695079993,1.5543993482189045,0.5247230891242508,-0.8400507137348178,0.7576109242747968,0.3703634877627536,-0.3154757181640358,0.49036991233276994,-0.8174783748275165,0.30114427908918484,-0.8824467428732201,0.9184413678191102,0.8267450714324736,1.3730944171035624,0.6916582211899323,0.3555451430705298,0.0
0.014450652972315294,-2.194898692303049,0.9470673172035431,-0.8239786111881594,2.468655892453659,-0.25113768814686876,-0.08360459111553808,-0.5829230980178701,-1.2085630932685296,0.7762364432430929,0.5839336766926194,-0.3288859078072915,-1.0569854236562382,0.719959891641179,1.3687852527230697,0.17956235568657913,1.1580403504426904,0.30241810747195375,-0.5622277923046579,-0.8596665868784718,0.0
0.7635495241739917,0.23544633190002529,0.6406763926574176,-1.2444727194904401,0.5411333434841983,-1.045851927499194,0.11791320212994218,1.3761306309146655,0.4793979018362246,0.12691713702618831,-0.855864726111076,1.220221486991524,-1.630638884001906,0.15998385603947995,0.49008767389672175,1.6469541792926723,-1.4234300126495005,1.017612022838156,0.3164578059370153,-1.0048853888532514,0.0
0.1422955546482341,1.189760936551377,-1.786578395042403,-1.3793364107857997,-0.8308691789507949,-0.940280284933286,0.33845454717121576,-0.8892076921836813,-0.9949423436271574,-0.20350364910041338,0.9393910696922002,-0.022527686264013462,1.4668019830756809,0.8287685014161695,0.21148519784757325,0.4896780154096785,1.4853081296731439,0.2631253749774583,2.5167070396203712,0.38410084117323895,0.0
0.48624767438071254,1.120721086811714,-0.17059825479926,0.40642856539115324,-0.15695150467611207,-0.11109288038018302,0.354635220675998,-1.6258025805066563,-0.1601937867325422,1.4046229435045927,0.3529863984228645,0.6746966122570777,0.5321289067913503,1.6662790030593346,0.9391691400074802,1.0386051855492138,0.2923341143591969,-0.28317630437979174,-1.1181547837033012,1.8798679593148415,0.0
-0.7501167501494749,0.13749837269100068,-0.3826758298659024,-1.3669544265639326,1.2237087078445166,0.8233970890617122,-0.38938968603513685,1.3583049869831958,0.08862916818642715,0.9466348796142264,-0.58786053421791,1.4597586815126435,1.1272008550597417,-0.7126975491672743,-0.2711609671595441,-0.25343584823961046,-1.421566152517709,-0.3594997316527234,-0.4935277937842178,-0.9771492253956772,0.0
-0.912509171827754,2.7271722716511566,0.9991620907079809,1.2767265788360744,0.5514716387277697,-0.988484889553707,0.5326660961716364,0.21378964789178312,0.26543044422421797,0.6552526597283304,-1.326126659308046,-1.340409965033138,-0.8985713176262715,-0.6296671881599227,1.3131162643374268,0.19559440298863032,-1.086651321467797,0.4978470007765845,1.2608293538889828,0.7559054672954487,0.0
-0.18505988948193736,0.17572615602035685,-0.9137268366662705,-0.09543761644940767,-0.2798693184850117,-0.7512233618697208,-1.0564046293801743,0.1826641276809368,1.133179227122631,-1.2758535069695858,0.7855894298247007,-0.27229881188542693,-0.5525567860759897,1.1168938166454456,1.5098854874619059,0.020930323954657763,1.7345249924417057,-0.9584824789939623,-0.44127275235947017,-0.16402377998248388,0.0
0.32098220408447437,-1.1601459681047401,-1.6022912460546856,0.5881449787025128,-0.64542820545507,-1.1960918974328478,-0.16586081685064677,-0.793045453142508,0.14283057811585717,1.487665775498016,-0.08719612788534363,-0.3419049012827742,-0.38379413246740446,-0.2109623686212123,0.17872211210360664,-0.4370847086432999,-0.08557101687884326,0.2584578866796431,-0.4473650199555704,-1.2959714774353157,0.0
1.0584364741596939,-0.8204571919360288,0.2102902541894233,0.13813916294734876,-0.5596917041051122,-0.6119327817092096,-1.2287460114822732,-1.3624219207667443,2.086010332426011,0.7979608308178696,-0.2517623969296162,0.25867860765420575,0.26681920920972985,0.579690689433613,0.2570126628996401,1.4389600315225715,0.9079524632243858,0.2714858460655174,-1.530147583973908,-0.7320865880396765,0.0
1.7401994880480585,-0.8508659953206169,1.8930169342851029,0.05301538591196332,1.4912055416318835,-0.07626889024636806,-0.2235516560984735,-0.018704916365916886,0.36600920052534636,0.7462100484098548,-0.3645048721377363,-0.012040568722195007,0.13470998256259278,0.22993570815936473,-1.0602068393316801,0.6256928113004449,0.14674060472001954,-1.155365590312991,0.4970844255950824,0.7648379718786654,0.0
-1.466859804350343,0.9503414853742741,1.0271383327741672,-0.937399547132251,-0.5285565239980342,1.7979402132635969,-1.370762844229459,-0.4402574174308431,1.3761645173966255,-0.46016432666582935,0.6263961181324635,-1.1721622319310305,-0.9474419087790625,-0.6286862093371458,0.4267029993896306,-0.6095303664458362,1.5815572288174822,0.20948037049739004,0.5536846511068365,0.290759041137833,0.0
0.33290978333566906,0.02011587749331329,-0.06654301710829337,-1.1982804513028873,0.3380454114512565,-0.9892559569294073,2.202602169580005,-0.1930656180825426,1.4486511328028033,0.6525918497569513,0.024008430197184356,-0.4076746612209157,0.32621563309103746,-1.489025041204057,0.5683591685325828,-0.7266671817523099,-1.077111971523038,-0.6740214248684585,-0.3880422052697115,0.8866017959744418,0.0
1.2292564317116597,-1.248010514261302,0.17059665356859832,0.8543508426624412,0.39785338297378137,-0.50874758962758,-0.27986555244955974,-0.2984369367394716,-0.6166110475312382,-1.126892741474282,0.613612501325558,1.058835265352488,-0.694376799902311,1.9450579218520765,0.41369789860523143,0.04854239899995519,-0.4469862378442828,-0.43955061040914567,-1.7612396521285203,0.011125973202181508,0.0
0.09615840494997265,1.4203940104748267,-0.05254393391219688,-0.48049175593285476,-0.994777997260343,-0.2850486873889121,-0.4474744674316986,0.6505141076726094,-0.2277089358616146,-1.4659422651367693,-1.0074075951012493,-0.09804746249203233,1.3541469456109,-0.46147318152315403,0.4479560459171556,1.0383995396862629,-0.09550673691339942,-0.4317693522847648,0.2057051961674246,-0.7661394312627638,0.0
-1.1001698370964794,-0.0882004866629824,-0.6418912363216976,-1.0748861562985945,-1.080834503905316,-1.1075517870245286,0.4183149332802318,-0.2612880674036983,-0.4346856436768701,0.1999476248879605,0.45715255672973465,0.7268048205734017,1.1718912094725444,1.6643287978975405,0.9166441358212618,-0.7778094510175317,1.0923443421016712,0.3635175995828236,1.0181945473678022,-1.943286935258088,0.0
-0.9281519058606098,1.632344940468566,-1.3039561409156248,0.49895632826822744,0.18797631804808224,1.5319029008891605,-0.42095896699775853,1.4978443780504773,-0.09037355274381917,-0.6166398141414434,-1.044557018366516,-1.3644718169327281,-0.9334676960723032,0.2262938905720733,-0.5629479522318347,-1.6439276233952131,1.4070697117338267,-0.4770045807982696,-0.40169115211459394,-0.09637509157749484,0.0
-1.2514476332199351,-0.5583325294672853,-0.38804234532352333,0.023288324317060245,-1.4011748551214618,0.44561940057927646,-2.393528750524821,0.6247026121885606,-1.2111790097645043,-1.3193804456557325,1.0542144163712146,-0.22352329433985693,-0.2576175402766202,-0.05071716338149593,0.9652698736440076,1.980922503497257,-2.822712734775938,-0.6629650856676124,1.2323657666396135,-1.0497153377359276,0.0
-0.14894347812815267,-1.465766679255537,0.9759523454660257,-0.7187821978809753,0.6693334169213982,-1.2924619390821137,1.5995246165777328,0.1742355437388665,-0.0903936372677402,-1.0940802589293577,-0.25679741319492,1.9871632005943103,1.412164281732207,0.11166242502102781,-2.948565569960766,-0.30827761867835435,-0.3255619399495558,-0.34577876709018807,-1.645541765442158,1.213540599165667,0.0
-0.6616821621779013,-0.8825267879458586,-0.614925094390289,1.0896206257297765,1.3764736009725573,0.08147018287977481,0.7542766396786084,0.8241079280135579,0.9517847373039091,-0.9061082650289967,-0.11714202021413558,-1.0312215745372721,0.3138740320752465,-2.020788666960322,-0.5521147096617819,-0.5342276529179973,0.13790175144439837,0.24691878570009249,-0.06948299487271564,0.06785578019290212,0.0
-0.5556878729254138,-0.7668284729964342,0.9117267234219881,-0.44741801572376,-0.6084436210325808,-1.0782585570246568,-0.3521723682077168,-0.5359286935104709,0.44111440692372783,0.08229465474602073,0.515150966133772,-0.19339144119207427,-1.080517806408526,0.47152326711778797,-0.4724854922003453,-0.446633110718745,-2.3098271259340515,0.5791675464261282,-1.264884580112163,0.8865227930049973,0.0
-0.8222085523058323,0.23743699716388686,-0.979010143262692,0.633955033550211,0.7191032328713604,0.3802859105731715,-0.9882825282171301,-0.8386180794764764,1.6639637402663463,1.8406109506915134,0.5774615687113231,0.3857304176206317,-0.6765246344605687,-0.9959364158041316,1.4730889665786862,0.6711252840010932,-0.7746906765971905,0.41893010830737343,0.9719255177373232,-1.4949756600825144,0.0
0.6169759506450543,1.0375765694007895,-0.19927895258117945,0.30766120624902066,-0.7231610988343989,0.5356248984272213,0.027766839794736237,-0.3221617100755561,-0.247804340237921,1.1543906093023335,-0.4080179229701543,1.6759788450243143,1.1840144836523783,-0.6011215393350403,0.7870037565192736,0.4647336869471703,-1.214759518140639,1.5341051645255175,0.17477395943820617,-0.6633456033874492,0.0
0.8485894729958096,0.10746756330559976,0.860807990094528,-2.5629619290013204,2.1993988203783523,-0.009941682581773663,-0.8539869928694112,-0.37623139916931514,0.6245248734085908,-0.3542949403530259,-0.6432400938611614,-0.7631933993851951,0.15787378858643164,-1.1357676161761454,0.8900007708037083,0.4074133032623856,0.637145037027046,0.6122773207508115,-0.8816529464384611,-0.1520178248448641,0.0
1.2433747806144817,0.9262101014076837,0.9489155756685185,-0.043499356750561366,-0.6891834445568558,0.4170830514999117,1.3530245214289267,-0.6562618238267985,0.00725097412306013,-0.5933351001951556,-0.715252353121395,0.3983592659096172,0.7323166424318492,0.06713330186811599,-0.562979960888006,-0.6607330942140879,-0.6651927753657565,0.6500626533820227,-1.539109365375805,-0.4142614327371012,0.0
0.24624868180803478,1.7349841199156228,1.9455223811373874,0.7646146121756601,-0.286203007338824,1.2909589990549146,2.273106257395894,0.5041855953634574,-1.077579861846998,0.7651731069102453,0.5404682621659398,1.4760790789652052,-1.229109021787617,-0.3073422600743228,-0.6971453229347774,-1.6711669663783368,0.7035048063916405,0.4495339814581296,-0.21555855659210976,-0.05031036791392662,0.0
6.70440279810453e-05,1.0181535059551723,0.705052162807681,1.5201799616118032,-0.37781719397819563,-1.021018188490871,1.0960087254817148,-0.4860169356874872,1.8053318669418779,-0.6907480575735909,-0.0527306139152624,1.9624830929611947,0.27221986367309325,-0.9900403704735704,-1.3163701405523058,-0.14472890531613344,0.21312942355949988,1.2835888433037452,1.4045319553774656,-1.41100328814239,0.0
1.1407070278297933,0.8645549806803615,-0.4863468444353706,0.29379208422043906,0.7163180794779791,0.3269613209793692,-0.33079332282222346,-0.7864113652120159,-1.9653392941159302,-0.3357016445203852,-1.5578718636404854,1.7016056422282584,1.2329231250974548,0.835387437615686,1.2157752795892611,-2.154214685133408,-0.22128645581642012,0.5219243764123356,-0.6640595469374682,-1.8676878084078983,0.0
-0.4575192522133659,-0.90850926858639,0.6918926684621471,-0.6576763460306639,0.25402085558818516,-0.5508060383078673,1.9002662159915507,-0.8019053369878157,-0.016206008927793475,0.17495138064741747,0.6956452358489178,-1.0601974913542267,-0.6518917629192256,-1.840448149955788,0.8702316726594151,0.18603715468237988,-0.007392936822170311,-1.5663040478102046,-2.2845652485234216,-1.161456307822129,0.0
-0.21910540496306832,0.11112973794423961,-1.7852247545017597,-0.010359136451757374,1.508741360149032,-0.3260382835833317,0.059721558677730234,1.2774316276714703,1.0649600087500992,-0.11715014613097667,0.7167736785549481,0.26214659070482343,2.5735509353162334,-0.6068341574482269,-1.0050177600561778,-0.2416082319652403,0.5480905663607312,1.0862155693714983,1.1651661780260703,0.7328057405049793,0.0
0.7480363852578867,-1.1046493469510215,-1.4508292499867272,0.5516285621564306,-0.512749232847087,0.5119178635432663,1.0650897437041817,0.4054785256051916,-0.14126367664235548,0.8089200221610041,-1.126310326283094,1.3213798860621953,-0.2409745398028783,-1.8172934373684357,0.2973594936421924,-1.089678422946835,-2.0232221381813487,1.4718033814916422,0.3908796272379369,0.26903717455209575,0.0
-1.3657858037932773,1.8916736616556638,1.8182010376421422,0.7556023142087392,-0.14504874050425345,1.6198248971560072,-0.19608497197495867,-1.5823948952147708,1.1109214906927154,0.6934430791593043,1.1196234948756287,-0.8428076275628029,1.7711023040789151,0.7134898973728028,-0.3921619413807532,-0.939700708227929,1.305123897503163,0.508498915232512,-2.9834190387911583,1.2699830854508591,0.0
0.06016953081932289,-0.25297396557812524,0.48683402290859673,0.6242421302674093,-0.9037032773227498,-1.6242760875779954,1.0024262046784318,-0.40336062178593773,2.279050900971118,-2.068311710826668,0.8983737949998728,-0.7326917932393459,-1.6613514240807457,-0.9943991672848179,-0.6334365224833317,1.1948512318526285,-2.035286525376227,-0.3842679403188052,1.2293928916116088,0.11139375103852414,0.0
-0.08750607868684845,-2.224214929664239,-0.530520617011692,0.8956443237226268,0.33875668911556034,-0.38362887549340563,1.6901489942778347,-0.9934879716337679,-0.5171079051305787,-1.1524960211991586,0.4847194286121954,0.4330335570633158,-0.3240575722668582,-1.860427713580338,-0.0855444270953736,-0.6399303553554648,1.9314886230842403,-0.9826227853222936,0.12337116249781427,0.2642526896609017,0.0
-0.5619919741909992,-0.8404153379774842,-0.2691161719644348,-2.3557124595493693,-0.41288775661399596,-1.5311571976201221,-1.5962927492360477,0.8243402057838062,-0.17741507987503485,-0.21547159513595182,0.7662976753986523,-0.1562343232583304,0.7395784160832004,0.04866991701029927,1.5227736654253363,-0.8336278624787832,-0.7026949572925951,-0.9740391530743249,0.8456806925710855,-0.6487279123900144,0.0
0.7258653926538862,0.19393419675396853,0.6743626611504031,0.1356470550345813,0.7607728966224357,-0.9076316850678848,-0.6608939083976082,1.3359275710696394,-0.6968667135022522,-0.11581802554177185,-1.3472254202253793,-1.4772619553970427,1.4119194599136657,0.9817738907922438,0.5559461126987376,-1.1627891459297817,-0.23410364382104018,0.16151169662304668,0.5355678905431039,-0.4155202307189477,0.0
-0.2490267863035962,-1.8751664455765262,0.20799107778958184,0.27151518619745313,0.7130120498036905,0.16315780793195897,0.20367556936665254,0.22443498355742814,-0.39666031213501185,-0.3470514893391707,0.4596595054807136,-0.20304664025637986,0.7235274093090167,1.7825118986311554,-0.08610576957721053,-1.604050590823608,-0.6283125968113574,0.6498349591631328,1.6851748404876394,-0.051857218889542055,0.0
1.276544372864071,0.7935423034769039,1.5569141149659693,1.019787273612089,0.7268204027629753,0.19409376363846026,0.48275861166722883,-1.3959505173970097,0.13205848981469895,0.715834879546218,0.09126092770459743,-0.5995854927588703,-0.3100064618766199,-0.9208661612321306,-0.1739578864885168,-0.26905065938875794,-0.5309833293247004,1.0799827419228103,0.5355455879295165,-1.2603241185318552,0.0
0.2793627552096803,0.6501965671750582,1.1046302456539747,-0.8394218829325455,1.2785350026669902,0.20627130771202867,0.5381355728189496,-1.4902565120222708,-0.4760190481994641,1.1485185108352578,-0.3116106012637003,0.30747000807642316,-1.2739926455407657,0.4814807099698595,0.48261919456982044,0.7087125935933467,-0.595263683241025,-1.0337629255046865,0.15216744839538374,0.1168395468680757,0.0
0.996518129889775,-1.5048196841161465,0.7531795565652867,-0.7218251199776166,1.8118935802930047,-1.3664849648017217,0.875731292954608,0.4712737716041135,1.1733258282127172,-0.9009491683052107,0.30589878538848375,0.35308361428801044,-0.25093464499138207,0.19899183978870302,-1.7115742706856412,1.3437942645535081,0.6180046502263202,-0.7949022442615035,-0.20335129888396858,-0.6834653997278219,0.0
-0.6343755307987893,-1.469615806715267,-0.22847159733475864,-0.8037565072853338,0.010464538238043929,0.0252326051861348,1.6777518603467134,0.17755325644748507,1.8550065962467615,-0.08322271697099494,-0.4644951306291416,0.6178877890504176,0.3849698164189641,0.45821172900389034,-0.3956818381183243,0.05628868058474596,2.1514984483548605,-0.7833011543616114,-0.4859547138056823,-0.2781115961782226,0.0
1.1210853509691994,0.4173388072516255,0.747098418375064,-0.7682914312932524,1.0933241532514972,1.3535577935009386,-0.6879323164977351,0.9212700558209299,-2.1512030874170254,0.23781642339749945,0.18517940290901178,-0.4169548945562163,-0.8013922336523872,-0.9880078714820967,-0.9913084099034305,0.43614572065846474,-2.0100395569152854,-1.4256057779455669,1.1608520379551857,-0.30801550583404763,0.0
-0.47261959859094155,-1.8598984039901947,-0.2999736412385389,0.826908504422862,0.45616084749102176,1.6492806995477554,-1.2318745599731709,0.5761232338921805,-0.5169542498703856,0.42946790123660017,0.9116161522393847,-1.3665406770362767,0.7474460246549771,-0.5906112083538235,-1.1389667446428167,-0.14473408127005566,1.4754226935990415,-1.147847129153751,-0.9401730281086532,0.3530534202812209,0.0
-0.5031780904678947,0.5708388751874168,0.9953370197437572,-0.41525503290012394,-0.9932084575835665,-0.09087267702499591,-0.42397112805989035,-1.3061524381818057,-0.41836833023315984,-0.6662325829117317,-0.7224317263687002,0.4933516509470709,1.3289398424821075,-0.7811690634222029,0.3490415434977096,-0.07290279150201774,-0.9550036625742043,-0.8051581770361449,0.8854533421757662,1.4517906416896897,0.0
0.06316354689164431,-0.6204755870779286,-0.33638268894542467,-2.1945751919878216,2.081182592287629,-1.3653379354672524,1.3288245450678022,0.17509290570809558,-0.7341214557932175,0.8069411351135763,-0.548708534438367,-0.2766997872811648,0.3432880497597484,1.9271283548264562,-0.3245766049686295,-0.5201743196093643,0.29949686945312204,0.4283004286948925,-0.5090498764953971,-1.1360386906525615,0.0
-0.15564319482995773,0.5102030975429737,1.0709980802737467,0.24956153154903216,0.526731790967002,0.14155306235331896,0.664225088945367,0.969862548278747,-0.11476658490437833,0.26801050422344086,-1.1986981464879154,0.8541840779085613,-1.2137356900144227,0.2563902090021923,-0.6941057255101524,1.5624650359864485,1.2947964233876974,-0.649026679448125,-0.21547663345375848,-0.7531146040199717,0.0
0.284667602161482,0.8092676272251859,0.92182367469906,-0.186263817776684,1.0776404191639632,-0.8736858320478158,0.11139881387561494,-0.6424178263134233,-0.01185928144313421,0.46042320855273156,0.7805514925629203,-0.6607411728641137,0.9791187664652345,-0.7408033305942436,-0.6682085765147171,-1.3619509118746338,-0.838427536259064,1.0026770017243838,0.35028023474729963,-0.4130318284089934,0.0
0.2660460814599057,-0.2007616367106961,-0.6391790957237952,-0.6867914987264153,0.6501570520096587,1.3622542126821477,-0.9085339660972296,1.3974471555720793,0.32219887108450823,-0.12086668596385099,0.3958998184166627,0.5263060401667079,1.2525633848312532,-1.4164217950817242,-1.0717250415800765,0.208129006093165,-0.46059103117662403,-1.2898894894994453,-0.9382624826848173,-1.462507246533404,0.0
1.6570684263481705,-0.1856002654445349,-0.5672543649623702,-1.4878251914705993,1.0644262337925638,0.6148955694941965,-0.33396982576837214,0.18788171928326863,-0.6168466600446082,0.15270662108848185,-0.21782821268379016,-0.41374223118087394,-0.8509148680906986,-0.4062150445668232,0.5737064894784663,0.43388727162120083,1.2982065913134724,-1.6698809551201617,2.809505848966819,1.741878507982427,0.0
0.1997246555556627,0.2524967771026684,0.22142484603857732,1.3851463518764175,-1.1571860649116037,0.26767049156952244,0.7689442145379642,0.2959153846497458,-1.9175460062073109,-0.1664997911245524,-1.3522659332182512,-1.6742475464454187,0.1628878929335918,1.2012532003851975,0.3812928088665451,1.2311641729582732,0.1898351555431271,-1.388838908452014,-1.0554012708132379,1.3882373134023116,0.0
-0.6457064143554583,0.3626026695675849,-1.2854980530212532,-0.4065892347662665,0.9919240395411539,-1.443618555108995,0.32332690136846376,-0.5222139108342833,-0.3238009847187914,-0.5793043063594657,0.31727665466672506,-2.247004113397832,-0.4574629223370363,0.7558438129793489,-1.1923066457954445,-0.5993220016626922,0.9996122750775253,-0.40425944360852467,-0.4938749366585331,-0.29320446628268765,0.0
-0.5606908855241305,1.887641943840655,-0.5574962318230174,1.618113196850563,0.7741715202690896,-1.8147280100585763,-0.6488513062284629,0.22124381675171714,0.6779098084091575,0.21307040493930396,1.1891886496765058,1.694300216365873,0.3826723537608733,1.4957652832914028,-0.5924088834285578,0.4028846545171691,-1.4661278909541453,-0.3699640617762251,1.1612547776124784,1.7495209034806576,0.0
0.1546047458573105,0.45969572585457424,-0.002096681637028949,-0.2852203521049772,-1.164732619218607,-0.2851512192104538,1.4783383422722236,-0.09749658570740133,0.23732455043050024,-0.8838076852925495,-1.533392413095452,0.9414882789375874,0.5815661865605443,-0.8494607423075656,0.35643174797853855,-1.877785964646784,-0.9393333316609783,-0.23791978285799112,-0.2920176986634147,-1.2687401963589964,0.0
1.242653294711431,-1.366734153155664,-0.448466755058713,-0.29769458575955177,-0.24772929709390185,0.7860596029586071,-0.2636467276914336,0.20350243949045851,-0.2933858909439209,0.14131167680086829,0.4984652638912033,-0.5558233558635947,0.31019520386679816,-1.3363857058803579,-1.9160507649522154,-0.4696152380726572,-0.29626188304693307,-0.6895683151967509,0.7672725738417135,0.8084153837654445,0.0
1.4789810632697762,0.6656242334721894,1.8142885707725267,0.1716580131549665,-0.25375545979198794,-0.5639519767036106,-2.0819307651905463,0.842394125773007,-0.029394897355115246,1.2528485235578275,-0.8782819569950844,-0.6701233452270853,0.23100522618264463,2.2348656531268896,-0.23037681219127545,-0.7363428801647176,2.052491029565358,0.5187270830900808,0.32428152259375587,-0.19649400216045607,0.0
1.0512170167702872,-1.537798133273109,-0.8276661477263986,-1.1821040211707476,0.06335590709931152,0.05547418049055687,-2.755551202415288,0.05460324634022646,-1.882743205328225,-1.1154431195796022,-0.5684974384490361,-0.1398209815747948,-0.07867340124397149,-1.4567820123254347,-0.43768835020785174,-0.26361004918641423,-2.262716685675961,0.12442881911352119,-0.5791196233361702,0.00884664902528561,0.0
0.09880163636840801,-1.4538293174747527,0.07926076790832218,-0.7980513333221018,-0.9573156584064139,1.4276789228972386,0.550238739593001,-0.29735595273771903,-0.7031917300384092,0.7567637868347039,-0.9357184740530735,0.3978842528804519,1.1363184600146896,0.7602792282039565,0.11293374509703666,0.15892251135197683,1.1669508099019992,-0.4062235866070831,-1.1030043440010817,-0.4047299200399683,0.0
1.1862072891863498,0.8107909220478888,0.6355040806460307,0.0860204113378759,-0.23007715126398484,0.7937178694630551,-0.348840214234076,-0.33662992370398853,-0.6118258523385374,-0.51075226272534,-0.6632946124424753,0.20274072638255858,0.22953074921641362,1.1666661157667388,-0.4784405628611987,-0.18001179309820364,-0.5713277247041582,-0.5477368433597914,-0.44470391699254985,-0.005511633318517305,0.0
-2.166345158705871,0.4551199788655387,-0.3921216275782875,-2.246823162424871,-1.364855252026945,-0.8960039730980691,-0.13597315228438428,-4.065703023194331,-0.14211910557303123,-0.627209994502996,-0.15457670169439816,-0.6733263370265647,0.5771451969273647,-1.156008390690826,0.20028840226293954,1.7367241730130398,0.18058190550937298,-0.5644136068764184,-0.33232341657601067,2.1461487783746502,0.0
0.3907452231559675,-1.6797972612547165,0.6766305532147573,-1.143681264894084,0.7189032356780314,0.530821472486235,1.6278785669830569,-0.44566117923068893,0.1727743279584604,0.06840842527218137,-0.7969478439911608,-1.0428758057110135,1.992420301945395,2.7246101552150033,0.624129091703989,-0.5244985332153174,1.4488330595700776,0.5848128865693561,1.2940802025449651,0.931551980011564,0.0
-0.38952827632399323,-1.3261628833341181,-0.9155186002987955,-0.21464820121809186,0.57867287725395,-0.7716928279722878,0.13596424976107474,0.7422446051289319,-1.4838785666184786,-0.16257876770601143,1.5313891064599463,1.9483522379957696,-1.424439071829348,0.9959993947039091,-1.3496321224881056,-0.5038957454253048,-0.17697808504641058,-0.1371352003258357,-0.015007133910479023,-0.5048358100388903,0.0
-1.6352108552785076,-1.2368600381222958,0.02125392534775544,-0.27371458380801267,-0.4259155118875511,0.5996736348826913,-0.3505660686484244,-0.31569861063711485,-1.0775478651337977,1.00418063087257,-0.5440659453828222,-0.7549200797636378,-0.2547573960856807,-1.479272685954187,-0.34559599273475045,0.9580215801954854,-0.0756278442619749,-0.7590494730422416,-2.202209182669105,0.5912003608190187,0.0
1.1694609198262047,1.1750702123014856,1.0769777308727122,0.5988071960616326,-2.0437417712485524,0.564140147158234,0.9405012649150586,1.019218541139001,1.6384791521123252,-0.001106999109000979,-0.9259626925821892,0.23949861399739178,0.016361236210888867,-1.4906758290244666,0.21663821129712182,1.8211194672526507,-0.5667549712715975,-0.9520010188770924,0.34801435123213226,-0.054171151940869224,0.0
-1.6973407908433777,1.8430442637776874,-0.13825483367431587,0.5605987979709743,-1.9411227040125292,0.4316313509576327,-0.2978085163318624,-0.035176085007496256,-0.8627514536833322,-1.18064733841157,-0.2682280609608669,-1.0978217169849043,-0.6234517404683612,-0.9544864916814328,0.5249014899443075,0.16873929598967638,0.4551616556817106,-0.2660220651821052,-1.2840702039739482,1.4127271744890044,0.0
-1.2466432722954066,0.4150090821183141,-1.2080070488069803,-2.0993228510661597,1.2226553219184577,2.708693107718369,1.5335657981804052,-0.6018449782959786,-0.3146933889512936,-0.11318768804588546,0.3384668307934706,1.369700152302207,0.76099438709158,-0.3824638375909074,-0.7311302659379857,-1.491950688519211,-0.8360112666340801,-0.8839776461955982,0.634111887363513,0.48442389868933783,0.0
-1.3304100457155548,-1.0780274045560587,1.2129445625356132,-2.392162653933135,1.1477200044481306,0.11668551577474669,0.7543471364795179,1.0456604206172446,0.13422900531471157,0.4545453191989125,0.9513875983417782,0.04802116118368007,0.8608526451200621,-0.4788014714556298,0.4477919402876342,-0.5022299187757759,-0.5342758336465173,-0.1103867749328098,-1.9518303280741534,1.0186087351010058,0.0
0.20334835856526118,1.1665446345611359,-0.24553366767568302,-1.1243950446480089,-0.15066302630616435,2.236632929858204,1.0990566713188956,0.8213640506142322,0.05532461524311285,1.1273382695626113,-0.3671620831952624,0.26565976781376666,-0.5232183577901448,0.59336105156049,1.4366101451104762,-0.16532760515567502,-0.18985562705538309,0.35097798732044444,0.9569001781158206,0.7019682048817593,0.0
-0.22610698465390183,-0.6112297262989655,-0.17487004253799296,0.954230816209542,-0.6569919396547965,1.0007804978602746,1.060657826254503,0.458971804372092,-0.8953353011146745,-0.07347571313673221,0.8133379100852783,-0.07856381165023749,0.6317479420410618,0.7956042486324185,0.5875507208064391,0.9814504357584654,1.5167335277734582,-0.62650351095371,0.6158700950538958,-0.2223959019689422,0.0
0.7486982683408551,1.3853300323897408,-0.16890723814730982,0.1762107219781789,-1.085860148647895,-1.0261702403592692,-0.6765352900342797,-0.9937075186006014,0.30681211481692583,-0.7586655273483104,1.0816867716039074,1.0771766096529838,-0.4856476883087989,0.39792254909022323,-0.5546917923195275,0.1946210163442318,0.2900376900915913,0.9450098481234398,-0.2507895470461311,0.027088913288357438,0.0
-1.2214156888086034,-0.059740748252504104,-1.8556934903537547,-0.9006119620486576,2.8435555939361232,-1.2472202785541686,1.0127413894610677,-0.059751065809559446,-0.7110407933569446,-0.16649592675475106,-0.3768444248220454,-0.5041802166331192,-1.0827232530810431,0.17654363082961386,-0.03660857641069445,-0.5402666095818637,-0.6009000621282967,-1.2815491309269937,0.3207818054065193,-1.3153138747343274,0.0
-1.176549960582718,0.32617284776260225,1.3161077092185836,-0.2609679446615389,1.1837135962163585,1.4959923188905178,0.6572212587800643,0.957797424319996,-1.4456867513625968,-0.16733713922772364,0.23334927856140544,0.03982793908584789,0.5208215333580509,-0.42598227555615864,-0.10696022290829522,-1.0844564999747481,2.1730111191285166,-0.8601684671998928,0.5996305837049328,0.7962069328246575,0.0
-0.6097706544373392,0.3132294723071676,0.565906348612317,0.42866272953175943,-1.317006449443034,0.03597125442385571,0.47900915292286544,2.3425076642215847,-1.0570538907808598,-1.294131023445403,-1.4796191238910936,0.8083046704508756,0.6855855869143912,-0.623147874552685,0.9571212148785597,1.575529501543575,-1.111100198123128,-3.010303237467727,-0.5941946403317508,-0.7687767232482374,0.0
1.143109460852384,-1.293641806673577,-0.36115818012439854,0.5713064827339321,0.23280330494835919,1.4887029827225096,-0.6226198003132006,2.003077520979173,0.10046491418907541,0.9872613339506658,-1.131293704796371,-1.71133080884237,0.1699693327665524,0.29165849749028516,-1.1142060912816467,1.4147646639255502,1.359249167224537,1.2961183367414006,1.0529051291361173,0.9890238715648663,0.0
1.8170770906237934,-2.489902042254656,-1.5130166437946282,0.11556701221033935,-1.391215887861298,-0.3936928242023225,-1.0145343564461224,0.41359942608335115,0.5866315504133993,0.47873452365102254,-1.4486537873411092,-0.7296257805697337,-1.061104648553472,-0.5055972745268767,0.44616509908733964,-0.341951518381811,-0.9180709373451779,2.0686822587206826,-0.1705334114971841,-0.7731975189853355,0.0
1.4766182382355313,-1.2711746028293676,0.2401525734371198,0.15027852978215325,1.9323700546857003,0.9768155448329595,1.4164363067565224,-0.18866723015829734,1.3778700780955009,-0.3023813436518852,-0.45783892552374794,0.813432645112168,1.2077754980860815,-0.4054146863313822,0.2941599635869067,0.3542032347540447,0.1360851604888648,0.4648010791971424,1.3215363298202838,0.15033449503110705,0.0
-0.3643183833871829,1.8266315073980202,-0.3778631040352607,1.2793193868076338,-0.272931021714216,-1.652673490212971,1.1663141236842172,-0.9359996154927153,-1.7707025549195676,0.7030481008636313,0.5173327246636067,-0.512750290014234,1.2836933599616316,1.077626924696455,0.03573913826641865,0.2872258039011319,2.9475886285109216,0.2744314449174157,1.0480506514881935,0.5719030871531985,0.0
-0.9428155401800835,0.5951712606950986,-0.30261042089206813,0.677279822904802,1.480178183437831,-0.21980409178230526,0.30974371741099255,0.10894726596080151,0.8031659370172748,0.464664831601433,0.15969394112826318,-0.7317486440637982,-0.5781460434837348,0.5187822116832537,-1.6993456907733948,-0.6144721304538783,0.2394789675735994,0.6567602132389598,0.24955294644811968,1.016824258550492,0.0
-1.6006147436386076,-0.21497240915252364,0.5888991277901043,1.040539821537624,-2.437067356439331,-0.04954606320177916,0.06517338264620445,0.01258964568884503,1.970460709473745,1.1558859146995957,0.6738777628252945,0.6581226978286522,-2.2683094491539295,1.262851788418501,-0.16946176281178268,1.4835724717715122,-0.9753292571155419,0.11402667873642149,-0.9927505210590072,-0.11200809504633782,0.0
-0.19036384597125655,0.763345754550117,-0.9018708988484119,-0.5584369649784496,1.1714599545507098,-0.7526831400824139,0.06643767569270415,2.179948079610807,-1.107717858224334,0.6911289449491317,-0.7805727066037705,-0.7510036735064526,-0.1048249089642816,0.12111155991923644,1.793735266436992,-0.8374054016437613,0.8103211576265249,1.9436938807905673,-1.2365944794802455,-1.7713667413125522,0.0
0.16904032954160642,1.3203655937377545,-0.5595299918351777,1.5116557642791886,-1.42875685993969,-0.07324341105267085,2.377049343925737,-1.5693739953124575,-1.2026999951743587,0.9316921061292,-0.5308750838688737,-0.3981011271446701,-0.45126099482959486,-0.47434757600479077,0.5851895405433112,0.17760866826208452,-1.3766925025892063,1.315908715048259,1.1069893360494507,0.06817301551958625,0.0
-0.2502298225666873,0.11558850191737917,-0.1494477716121147,0.20008976104143253,-1.274743089581045,-0.23454494766362505,-0.028079944687992988,-0.3316876052363973,-0.7271169710769724,0.8589442758925174,-1.0579428076305608,-0.8782180702261018,0.9163614787149006,-0.8528818357757341,0.9749175224365039,0.3927289581394518,-0.6843218570423764,-1.0398155033611995,1.4365886238465009,1.5072347683099447,0.0
0.8417724976437851,-0.12870021021611316,-0.7956297657428689,0.2850953734545936,-0.7473031572551196,-0.7245756125914344,-0.27517724976429675,-2.4661956909789744,1.6200194612008103,-0.5099950193975078,-0.8956060339233124,1.1146867588404417,0.3559600797099409,-1.4383549483637599,-0.642795729299041,-1.3161794147947572,-0.5350744207102216,0.42559763880104967,-0.009538564134226275,-0.18521669192536713,0.0
-0.9913803232420741,1.2217684593267961,1.2456810493046317,-0.2822590436189231,-0.7037836782103437,0.7366589268249425,-0.7099887539630757,1.9193030361109333,-0.562589165904988,0.4877537760299343,-2.1992886429555067,-1.427086735688921,0.30067948318483845,1.0805483729861114,1.1663545604817938,0.3225754639376375,-1.2080831887661052,-1.8921264111448708,1.3906456905989295,0.4985562119903554,0.0
1.0526171923035073,-1.1556704933497537,-1.486226435872462,0.3690965331601685,-0.1669088141600129,-0.8060953923893549,1.1378574679306996,0.8016168165004739,0.603951322179814,0.72975744863243,-0.4661327661452711,-0.5457171531632674,1.923490500837311,-1.8500480290760455,-1.5346449511910185,-0.007662696846430429,-0.8288771619319061,-0.2832439312254137,0.69601415857987,2.2196483454561107,0.0
2.478495434268989,1.5629143352979578,1.8705717423179706,-0.2902116056546248,1.0302416149673987,-1.1955143224392273,-1.7153677998986332,-1.0443031037895005,-0.48193146745393983,1.0698077613124786,0.5788535081071439,-0.8543507648631348,0.5381668803981058,-0.17623454331349317,0.18255422189531936,-0.8679132251014239,1.3537211432005933,0.7931439698060216,0.6584293321361642,0.48557750968745933,0.0
-0.3413133158473709,-0.33443194482647487,-0.4195289755357238,-0.1765226527741937,0.040209477474656564,-0.6769656900498716,0.2968218573403381,0.5072211629259398,1.0957569869072261,-0.4375287644111945,0.9621367885568757,0.4319450260868022,0.8530503473690306,-0.9589480320170108,0.31316054070034927,0.32077606231594263,0.39813881191382294,-1.5470796086333292,1.5085337292841043,0.7907398488540617,0.0
-2.0487293490153484,-0.8086607351995435,0.7186484628001424,-0.3185878117422843,0.12727366214626665,-0.7198540547205046,-1.8426590498354676,0.41000205006904006,-0.4825552212969592,-1.4664173104906633,1.2958705765059089,0.7829420291979061,-0.5601170478950346,-0.6395401848305149,0.767819193852046,-0.1673370432170918,-0.21304179127299808,-0.7959970521242687,0.3710305454630221,-1.2514143534888764,0.0
-0.3889638989793481,1.0238745199770019,0.0778852953582064,-1.9645357652116495,0.23867736607658785,-0.5083507365848169,0.08417184937161486,-0.596233509295521,0.170683539562487,1.3209471656260618,-0.44320020610643357,-0.6164262403628447,-1.47547118827052,1.4538710221412436,1.7381478522833038,1.2188986762169096,-1.062447782821134,0.48090077941334086,1.8138411211792032,-0.053930082773577664,0.0
-0.5575360933263173,0.32969722421165903,0.38025512277915996,-1.1616334667599246,-0.49131942943655493,1.0541147108350188,1.1124919120819752,-0.004477199881877346,0.4250755732721131,0.44959636792145585,0.2477605511561313,-0.29975933580336883,-1.2348898301023696,0.1463284887817848,0.48828670687514447,-0.8351518147815973,1.1565631100700349,0.3173912802667496,-1.5075370332260893,1.438894458619351,0.0
0.6184688974375191,1.2036072843809287,-1.8196783718915257,0.6330704867113064,-0.42098058724295073,1.6571719621094616,0.885204800485245,-1.0156810242159602,-0.7549489047116991,-1.1952128328959954,1.7059290278895334,0.5508970428631876,-0.01964909042615636,1.4152717405405604,-1.6122283042864387,1.3266583117577049,0.36983191173313956,0.046255277141776414,-0.09578322028711657,-0.6899703962857273,0.0
1.0784324382259993,-0.027507683793362308,0.5637217701039695,-1.4071687473913468,0.0058902906823921925,2.142858525032833,0.45766873905644595,-1.9098457582505717,0.07298494994579112,-1.7111118733673465,0.7943633646905229,0.3385984881398398,-0.8777555420343193,-0.9165306754393989,0.7394464393710537,-1.2713590028477382,-0.4611636304785908,-0.4048437513467185,-0.7098308776811155,-0.8874645618964898,0.0
-2.3431494483421678,-0.31496948436091027,-0.9566265507190447,-0.7701927334472568,-0.6895602097480446,0.44825512029556375,-0.6258638387657351,1.308194362804189,0.4336946024366376,0.4120568826188469,-0.21574929017011193,0.3771077133466478,2.4093639228829673,1.366898359195959,2.0628342751946174,1.865511341518455,-0.6739408777445159,0.8238286354923716,-0.26677099234163243,0.3625938610875382,0.0
0.4755159383603455,0.8082320919262438,-0.18828847897656376,2.3058787151643463,-0.6847795695986371,0.6632443380548079,-1.0561478011757743,-0.8797288438410547,1.4238455000911612,0.2914326395178233,0.0768500888454022,0.1068746145715308,0.6002750742019273,1.784517856420793,0.9087821291437801,-0.4424690686988967,-0.3371236928924725,1.3714574304233056,1.3150251476406842,0.6984854647769013,0.0
-0.8344742804539291,-0.21129969270657784,0.36965379314282343,-1.6002481728464242,1.4654785668063968,1.4938478580169907,0.24998014872371735,0.8854782446793659,0.35386058441582474,0.34028543434296205,1.1864296764408575,-1.051916564874975,0.4865844390900611,1.4255179547077839,-0.016631733563820448,-1.1024139628352287,0.8245720390899548,-0.4579729607609627,-1.2950291954287734,0.7139570856364528,0.0
-0.9275640930906054,-1.2483014615952033,0.7628320188446123,2.393951555681971,0.1019386822242491,0.3981744042483258,1.7212657493244254,-1.365923201376259,-0.35852921785582437,-2.0540136453671005,-0.8412415604359552,0.17488403849209422,0.2930849804394116,0.2681672608048037,-0.6579586296550414,0.6932725667893659,-0.15884401677794496,0.7350954466042566,1.830464616772497,0.6205028233811279,0.0
-0.2201395613715962,-1.0308880350835052,0.22798506973287952,1.005064453489925,-0.5257433230433478,-0.27492243918470355,0.06626826156286407,-1.0040817454218516,-0.9314597900262572,-0.7774482921354906,-0.7436107664290386,1.5501962019931255,0.08847518225446438,-0.7285035508759635,0.5683803878284709,1.409789295755215,-0.2020596981171967,-0.7201651652334861,0.2438344568321938,-0.5186193228793872,0.0
-0.7518432413211157,0.2595712364661096,-0.12183490379107216,0.41766830167055813,0.8509795639361821,-0.8686233897361515,1.1204407234611107,-0.7818254940322779,-1.2840074072708196,-0.1115220823735573,0.7077477554857686,-0.5909663119528645,0.7202048039136325,0.2919806544104586,0.4778502207533119,-0.6710149696492096,-0.055503377587512004,1.0600547332702384,-1.295774102590476,1.9787525089278915,0.0
0.9275960865993984,0.3973378501907581,1.007939003028378,0.6212440525492554,-0.5424378745927956,-1.2632627904515223,-1.0156367786438598,0.16417777182317195,-0.3848530916874342,-1.999278154724108,-0.459772998681113,0.5536484147627789,0.6219535255461814,2.301140654917613,-1.123335070177019,-0.44163750378850497,-0.6289419084648195,-1.0197197552797803,0.5985364915695944,0.08820027659417565,0.0
0.412415927617704,0.012451876125584899,1.2807530715826396,0.42316398733566457,-0.5114594261261055,-0.7609961155148253,-0.07965827924011831,-1.7857983833500262,1.826679293312218,-0.4376873878079645,0.6577972181166781,0.18836405547508123,0.5146141313808058,0.2500090713471266,-1.300772320996777,-1.0460712946076314,1.1828122204142717,0.3468413713089975,0.5551922285781744,-0.926254851857895,0.0
-0.4075255747152118,-1.1770227087210445,-0.12167307521228728,1.3270391796851866,-1.5537374061076366,-0.4461510228766093,0.2790454430708782,1.0959002984164274,0.07223272202366755,0.37075729970204413,1.1080756069447968,2.204716256929398,0.009347855627667169,-0.6329857137535049,-0.6112411870325608,0.8081061956807186,-0.2657020083709894,-0.725365427762398,0.685951151426828,1.111930148920775,0.0
1.1666363339603036,-1.8623833067422495,0.2456297175505164,-0.07693166048758818,0.20386146971574623,-1.861304899365033,1.1142623562131453,0.7053208643016242,-1.6890350599829453,-1.3531367676235548,-0.2037444131647512,0.29829171009598254,0.01886879732260698,0.7989796055824425,-0.347575173088817,1.8999601910424853,-0.2609639973495692,0.2799074801372718,-0.581971825694718,0.31094705235702463,0.0
0.5001389528371156,0.41328484837005847,1.0426552032371974,-2.66284431201234,-0.8308211353859125,-0.8964583338603859,0.560312377327478,-1.3343893614896383,0.2900861926456752,-0.3591007154968823,-0.4917163989516398,-1.5266793233788716,-0.33872753038304854,0.5218672853762764,-1.8552069384751737,0.8315735449478071,0.07063315865841911,1.2724513651951768,0.8818794165375136,-0.18645067405039326,0.0
1.1371912358309302,0.3926506974526782,0.12624141594565977,2.650706219796723,-1.682960345527487,0.46336430324033473,-0.264900666850965,0.4046824794666134,-0.4667567861887183,0.8338110076731596,-0.3021573835745834,-1.5848099720534188,0.8669629051204438,-1.6457513843969278,-0.3960573908069437,-0.3497484490313627,0.12385927450393384,-1.5803143079996491,0.8939529926922498,1.207070234451556,0.0
-0.3793348546852989,-0.7425236815488326,0.029809720315625544,0.7893219221160592,0.43202549062764645,-0.2564514147503531,0.30728591974661085,2.3692929329214762,0.02419322487789073,0.9358413817769553,0.7173899875453723,-0.9647374927347889,-1.2836334866475252,1.8587686577114537,1.1853662356384378,0.2537278181345141,1.4763065644007667,-1.8593936590864175,-1.4387640707311606,0.433405773451314,0.0
-0.5040536763406085,-0.3694645745318869,-0.49712766457646484,-0.32544900364159035,0.9895554815039596,0.8803278459274142,-1.6052754174850525,-0.7165326631393785,0.16350893227011584,0.3993367557389843,-0.8386848548334433,-1.5648394269494168,-1.190346158492201,1.0079410951472245,0.9196475748763372,-0.993611876825197,-1.7541891033076218,0.434277078531993,-1.0170789192675251,-1.2524528789199878,0.0
-2.615221045841568,0.4082068929566068,1.0569067571721567,2.2448502832395234,-0.2223142657095835,-1.3782581582745346,1.0498487201416464,0.6368369569758098,-2.062520252846442,-0.18924664612401096,-0.5979096071119662,0.47504594617652984,0.45752322638508197,-1.3269811908171734,-0.51295610818505,1.564851410127573,-0.912653461075283,0.012363871738144485,0.39701002024829823,-0.3527874278706544,0.0
-0.997427824323367,-0.29166925443435654,-0.978509527622927,0.5840506505569542,1.3072866118124566,0.634112309713067,0.47835416167165073,0.5021254729587902,0.06684747714559387,1.472672978052159,2.6331141430750575,0.22448019612079154,-0.1941412822321942,-0.6536112177599104,-0.3936141764222429,1.176221231198301,-1.6267939513665095,-0.3018232087759816,-0.8381039516636134,-0.8835438308743767,0.0
-1.4938767875594525,0.40619093982985477,0.021925013219675785,-0.6318025838560943,0.4100740423112692,-1.5556284557688003,-0.09422977999033519,0.40289594294307346,0.8205082820194897,-0.17178516495485763,3.3470664023391117,-0.8465229707828719,-1.617545937763997,-1.1303258884223446,-1.5396426040162972,-1.0814049766108318,1.6346376435671035,0.13628777816313503,0.31754263587124726,-0.863128084690971,0.0
0.5986140121997731,0.8823370713905624,1.426257572089893,-0.5935741956073429,0.15698472893747542,-0.13541145413605407,0.3300891259150543,0.21506817791694152,0.018620915341786594,-0.04611513106126391,-0.855674936940427,-0.23314467917553716,0.7798282965163572,-0.5364474576109292,1.276982879276884,1.7546733876224183,0.6891756118171141,0.7738414763723743,0.08280250900440622,0.7624998119333707,0.0
0.6848351367967601,0.3434515487053945,0.0007377369391993303,0.14183715236187122,0.449489812686049,-1.371448788795256,-1.3575659590144595,-0.38920618330125173,0.5706772775142263,-0.5563731970609151,0.04309846313649408,-1.5509892338091154,0.7642493362328127,-0.2130261272307238,0.8598548760150246,1.4421908315803948,0.2772777293815261,0.08522586162775841,-0.6846512868113518,-0.6190465490697834,0.0
0.12033617493308255,0.7259677394680768,0.13376412269718163,1.5227524258965266,-1.3608920953236734,0.2563868791129646,0.7001181247982378,-0.2674926859300339,-1.3225722324380258,-0.8312005162165419,-0.560605336373875,0.12399441563015727,0.4159489995314603,2.4301825631175893,0.100484438960932,1.0582349348093696,-0.6674640553864432,1.1599151283466114,-0.6595445004959403,-0.029276130201715708,0.0
1.3483672594358673,0.24132257072641616,0.4832374423429159,2.362926003106462,-0.8733968958314531,1.6318071058052226,-1.9278496947969328,-1.0044248279611165,-1.9040548833983788,-0.3528361932675845,-0.038272682904250246,0.06819240443622437,-0.7248232228099301,0.5405314676878341,0.7264973605214551,-0.7826346161131674,-1.753243036436541,0.3719006482185928,-0.7823054902251484,0.5532055925720282,0.0
0.6308500458272719,0.9714136330173712,0.5841033847919599,0.7492173783139597,1.6239945379245935,1.5770002256406632,-0.7825003547021284,0.34986592622523915,-1.2511888554404984,-0.5363290511045307,1.0624086921790794,-0.004015089425210678,-0.5968453176055937,0.22986683961028564,0.011718596312219703,0.07883370969517221,-0.6473024129426712,-1.2032203117815492,-1.424780457903023,-0.7553075359187141,0.0
-0.06705958088793923,0.3124688539694388,1.751786230502359,1.1271893642158122,1.3153486287227405,0.25915416609513486,-0.4513093112840253,-0.5253452391453896,-1.5165056110892547,1.9080936839328804,-0.0378436619519854,1.0652496134120326,1.1255207900548614,1.4241948028091378,0.35956087028391476,1.145435088609046,-0.20432634642445888,-0.4599931435027613,0.7783374240958858,0.7727916534851625,0.0
-0.6065774479520434,-0.012608875551427874,0.8539916416803214,0.8442051995445429,-1.0498936906585457,0.5047366275184064,-0.2556629837153531,1.1391188862729649,1.299075375492136,-0.35957027203195757,0.35346590526022503,1.0670918665832334,1.294036052621434,-1.510177831218875,0.6185283958567172,0.32212475059641366,0.8951772520933341,0.30517507108096115,0.09852724143427391,0.13802699095301876,0.0
0.07037066891172901,0.013158998818205772,0.18096312924479918,-1.441568618751492,-0.5194511015077131,0.3215604205409467,-0.16188749016415366,0.31247105163490196,0.7477894012299173,0.4856223546231585,1.3663531978979326,0.05761681934132374,-0.03448184893840091,-1.3277883283292924,-0.44306362512810926,2.29329230718035,-2.1329924075552733,0.8929006712371317,-0.4943083996298662,1.4416379853822199,0.0
0.06143744555193789,-1.1375210433026473,0.1938922623199216,-1.0626863291379134,-1.1260234854976117,-2.0557232382429005,0.3654408825869754,0.37268097873714096,-0.988389162490839,1.7009892126291049,0.9306236205099436,0.04544233735621234,0.2647330916471916,1.8434226374934584,1.5622434443362123,-1.2182639189317896,0.2672429452799163,-0.0861781983420936,-1.57434021772707,-0.2822855460290332,0.0
0.5694401336619948,-1.111407765827481,-0.2524387910980063,0.19470427788522585,-0.5160438998696654,-0.7044326133392639,-0.04971014531580493,-1.950587024714354,-0.5664604647556379,0.7144076359010072,-0.7300881418420474,-0.635420483867538,-0.9658766006517361,-1.7799141994879346,0.08988804343693564,0.03938959282114666,-1.6363289998320991,1.1793471132396893,-0.8980787566529771,1.0240084462464705,0.0
1.07731611717033,0.16683592642229478,-0.7171152050093514,1.2089255999250055,-0.07522691055339864,-0.09595799044780895,-1.886509835463891,-0.13536781357157424,-0.7504016707565923,0.15849647704671302,0.35338772237817445,-0.15484639438036146,-0.6776531367985956,-1.260604829708766,0.21571704433291378,0.006045496563847265,-1.1408100100009781,1.6231997232197202,1.1416655226533359,-0.10415048611954449,0.0
1.440939717485143,1.2532393228420091,-0.7869859498285997,0.39943621731392304,-0.5505724360053911,-1.0226768360979266,-1.5109198334802605,-1.019877496351218,-0.1159121002875438,0.2726353814024661,-0.40378055406024205,-0.5073257119215937,-0.4843900333116688,-0.3247414679654126,-0.6728179029432032,-0.5214194783496998,-1.3096477567216687,0.06617902661428766,-1.7064231236469087,0.9956403010308483,0.0
-1.399418986179298,1.1422552486759714,0.9865679770291358,-0.6794036045472205,-0.15996915067596465,-0.3254368039382256,0.13605630869849406,0.5327181458417884,-1.482155198332974,0.5129679884945575,0.797245901780399,1.3603855850820303,0.16510673542614454,-0.19095904217538306,-2.4912157042291083,0.9486192166519678,0.2072753267026011,-0.7645927821128621,0.09175933803985471,2.2176978359036648,0.0
-2.319004068864997,0.3027117937355514,-0.20734558644402243,0.08676686636446736,0.0669707563814216,-0.7477726769880624,-1.1715103502434745,1.2613402129381117,-0.34496566660697997,-0.7591008438226388,-0.5758437306577198,-1.1393476808242644,-0.07497172700938427,-0.23226072627330832,-0.30317349810897476,0.7630172682322548,0.4885555454281069,-0.39884917742798776,-1.741890564235573,-0.09707790877485982,0.0
-2.6182165736775174,-0.8901417696417665,0.9190915094415782,-0.8426988885492422,0.012980783475830456,-0.2139215486332273,1.951152441820743,-0.9086275252325979,1.4384575614025314,0.026276049194134506,0.10934807024399391,0.5480077219647247,-0.47041969592464067,1.488788281733287,-1.4605133590655404,-1.1448457588066734,-1.6295230272723633,-0.5796455882976284,-0.7517853610915461,0.5253199447730106,0.0
0.48612874605827855,1.957932471162459,-2.0029132896388178,0.21766684066780456,-1.5821649915863512,0.38678199083078685,-1.7840600193154819,-1.0030745575715152,1.2922962801339877,-2.672076238966502,-0.12791849785728435,-2.186145073956143,-1.2121901542300808,-0.3603814998143286,0.7302760088741342,1.9979247412797954,-0.20417435963056701,-0.4276971944957334,-0.40365605702900137,-0.026663595819889734,0.0
-0.4604513279126087,-0.5767949073895392,0.05751474370690179,-0.3463215955848938,-1.7320985446150445,-1.063015059888418,-0.7325903225714019,-0.34834048539045986,1.143648288104886,-0.9226555908903531,-0.9272159824377633,-1.2967308307428482,0.6372131269789328,1.2797401847635999,-0.710782948016183,-1.249583770307451,1.0760911242434494,0.16210177397763031,0.8175242943273892,0.18377703269959356,0.0
1.3360570100351832,-0.4476777743184715,-1.7586279163243201,0.151426223173021,1.3863672601245536,-0.10475903094922513,0.7767611203294169,-0.641014028956537,-0.4460346039014755,0.9132830674803233,0.3005069687741355,0.4833053209975908,2.210012850222816,2.917170560364789,2.1398061802237107,0.8228182903880783,-0.9869342183459032,-1.4639790063112765,-0.13096821725745375,-0.5227571152315884,0.0
-0.0788933126964994,-0.39997527458107884,0.11610399067956799,-0.8157199428611305,0.3553831261575076,1.277373925835584,-0.8290431387498499,0.056938960452873215,0.007086353513188547,-0.4248733915741461,-0.7135674965989611,0.13685245061780396,0.18187787785634002,0.3368218089640609,-0.50628815113202,2.7887657030511446,0.08048195834897043,-0.15628183050249758,0.8257608685307415,0.36027487162101274,0.0
1.5206420615875167,-1.2831169331679961,0.4495947852250895,-1.1870811116779894,1.977847135913068,0.4252570769709845,0.12180227829740958,0.47206729812449966,1.2641127123985054,0.20643805168231208,-0.8069434824010349,-1.4972162774741347,0.23973597585211506,1.2808899911069633,1.3162285295145948,-0.17536297958058408,-1.0633454367544197,-2.0516499071094,0.43185613641781384,-0.020072004753394,0.0
-0.3583334876024934,1.0203173225252662,0.5248248246307237,1.4885540843142733,-0.1551107163160706,-0.49312755627939947,0.4411277022192773,1.6271869868657562,-0.26025054873142506,-0.06730018589038726,-1.0806171810625542,0.6823537997780694,-0.5253601394363707,0.34972856412384457,2.1486231660026114,1.5878869009640673,-1.173749417311986,-0.2692123599598706,1.252307607777802,1.4060874218763137,0.0
0.8299875675940538,-0.15941376590584735,1.0803554358284584,0.011716070506554268,-0.1444075191797697,0.8533712748432256,-0.3116370219801504,0.23070474923380618,-0.26030975840685905,0.13562209431574984,-1.6640865792320856,1.1562359112806029,-0.014712767506932348,1.4580369132821944,0.8841611618317361,-1.5251991132285228,-0.13043280604441737,0.10911672264073777,1.9985041455610397,0.26272495341227087,0.0
0.04132355318213977,0.7041527103723251,-0.7485491015160498,2.0963919393054176,0.17233183621073897,-0.31925182802706087,1.5682580194440094,-1.9530336962469033,1.5959900353770813,-1.297478597459729,0.218174483460644,-0.12955991218389368,-0.539039110159088,-1.0997581968901051,-1.6895679225873865,-1.165163188849779,-0.0500602305709271,-0.1610026914629828,-0.023986378453356973,1.40590523171701,0.0
0.07453588913777966,0.5610901581855862,-0.20020765960810394,0.3589674781906031,0.6233541477054148,0.1409836740609578,0.15935960712222286,-1.8641078998547609,1.049353258785365,0.6083712568512318,1.5950441617931217,-0.3364935039643802,1.402236473044381,-1.1097071225842756,-0.9466339128741958,0.907868328595643,-0.6313723873665512,-0.03993513740257848,1.7795884270468179,-0.30964656231478815,0.0
-0.973373249195064,0.8399707748217653,1.6322641398291546,-1.9054292647606172,-0.29052494946310203,1.6662333272428866,-1.837224438974609,-1.088997777313089,-0.46663209180787296,1.1226348626616005,-0.10017332972454382,0.3007492617928668,0.3390515649936504,0.05173595041262671,0.8205614833413384,0.17548752092128678,-0.058625356148593426,0.3655728079778941,-0.8843341349890876,0.2852948470582689,0.0
0.26571095840065007,-0.332172801060365,0.3940130805893733,-1.6782259049024533,0.7858103932283069,0.520181778362036,0.9069489542238435,-0.5970293515297217,0.0059123280364709405,-0.45945681807038385,-0.3778147908063914,0.8908813753207012,-1.3664493863885243,0.21837147089927653,-0.6438915440232875,0.1045396889453754,-0.5503998793001039,2.1400079762782096,-0.8094807065453848,0.3480983634590435,0.0
-0.6860113872632297,-1.2397299600849017,1.100082623363897,-0.41342494308345273,-0.04405684688791913,-0.7704446288876322,0.6415794356549396,0.3849132298316558,-0.7754642615064515,0.6185875168085992,-0.9445224045786711,1.4967434931524388,-0.9098775830109339,-1.6906252663670236,-0.0017092476855997715,-1.189569776353915,0.9649161178537865,0.09448172896803853,-1.1381363322435036,0.13268120498869163,0.0
-1.3872830364162667,-0.6658256161826788,2.158722321255167,0.4369692885822726,-0.3905108097530178,0.2298811601871942,0.6068886252773359,-0.41346464423847173,-0.7698075931517725,0.13039234661686874,3.597034317250642,-0.3680526047559864,-1.0437533975402433,-0.30533399485136353,-0.22788497972991595,-1.1742175312715675,-0.0193582053533238,0.01569866415035569,0.8959649288546511,0.8125346174859068,0.0
-0.7904872777719063,-1.6065540520298416,0.5687391823739897,-0.6546032656172857,0.7209429624834547,0.4570655044862787,-0.13056707384669766,-0.29402774434121526,1.3478998592790061,1.3051429487359063,-1.6872362884432697,1.7230439884856743,-0.48635994931250076,0.6809817347677685,2.1567934141520992,-0.9198747667451367,-2.518375466319798,0.9513296496994434,-1.3500727581640384,0.3120379977251952,0.0
0.1452055940033686,-0.52379173516092,-0.21531728518202115,0.052038180745040324,-1.5338936830034355,-0.1949650803766169,-0.20861142415062206,-1.620060176523564,0.8405951912375562,0.2863845295049993,-0.06060650685179742,-0.9589604037060842,-0.8843080098359091,0.03826920588850732,1.8355352042474793,-1.404116004259005,-0.21164986528676621,-0.5578503209966841,0.7572854320740579,0.2413903595810126,0.0
1.1413018668907966,-0.45192176986834093,0.1787014824999312,0.03010931840951634,0.7007601535807271,-1.269447382023985,-0.21560688738047323,-0.866711785522047,0.44175592884494325,-0.3083535683525755,1.0426308449801804,-0.1118568813143674,0.4587030237973278,0.2358364449483768,0.616219197906945,1.41703211567337,-0.03201058062152487,0.6087506789429256,0.03312693455441264,1.028863536107126,0.0
0.223571081270572,2.8287996257239465,-0.21176781818268905,-1.151069898653992,1.9276522555273354,1.0248995584097333,-0.9136743667513041,0.4607127259892686,1.0214241624809404,0.8740616868657822,0.3837574193538568,-0.14248281523612727,-1.84161466720967,1.3352610766253468,-0.08308777091469571,0.36816958282950507,-0.9970935293711152,0.08420701068965619,-1.8312156759645901,-0.6374301709295769,0.0
-0.6472999052003012,-1.0347636223910326,1.2136347956773426,-1.7480063002515356,-0.8705123248523838,0.10458033068464456,0.7613070930913434,1.5386094579113208,-0.23157305278388646,0.14369387301700157,0.5201516140084655,0.05817354854802511,0.15120216342863818,1.0778006587720255,-1.7410999176694837,1.3056424904088517,0.5256037141807254,0.48036528365927744,-0.4702669556735774,0.5587992471247862,0.0
1.1381300554508984,-0.03591373837896624,0.23003907267315443,-0.29654464752374143,0.2151048023017265,-0.1531678730038704,1.6310835791473997,0.5320022154125514,0.13172454593493202,0.54264629742904,1.3570609077795155,-0.9920255119685866,-0.5207076534003771,-1.0707503000137413,-1.29879054067584,0.0570712539251818,-0.9254448264501617,-0.15523058117043342,-0.906342772202731,0.04923478754436324,0.0
1.104341997496126,-0.34698672170316786,0.039852602612641355,-1.328727767263871,0.5320079572470313,0.42464731950197726,-0.3448433022674171,1.2880695716963062,0.4301097227263969,-1.763991427474064,-0.28465894182147555,1.1645576696024484,0.5086865967860142,-0.9295264638408305,0.285733262726093,1.6361931195622281,-0.2288084587711236,0.9292329285007099,0.9029307076375552,1.6571858389172391,0.0
-0.9763321538406518,-0.6006430216982411,0.47810081180660896,0.30598395000975864,0.521783565226579,1.1192465700918854,0.9078009965977805,2.06490308666987,0.28587520568679464,-0.3507651486458053,1.6675208824985726,0.6871216413418725,-0.6571983580267146,0.7596907895683813,-0.6574708022427969,-1.8213134177466357,0.5038967311531322,-0.15478666103548241,0.20878476960559297,-0.013366205261582607,0.0
-1.413680069911422,0.9290608597653692,-0.6617620305798768,0.3389821747932693,1.906226052969884,0.01083684715518422,1.7155699319954456,-0.01974252329366814,0.8544752837552204,-0.28570584686863615,1.1149505153476242,0.4299463210809573,1.220858413899321,-0.7954180508292116,2.198645297155961,-1.6019596713681465,0.06845483209747545,-1.0610070653150083,2.529203763757953,-0.49769268602539446,0.0
0.5984010720344437,-0.020624388812194878,0.4201069500451974,0.3061034537707854,0.07798819744895868,-0.2785173543166322,-0.509688807308294,-0.9489178333170306,-1.761370035542347,0.7490151409243394,1.4707613996449016,-0.8041763837845147,-1.3783916106648066,-0.9327584182531633,0.3555557622123182,1.4630418789166748,2.0322749425623097,1.0202208255902412,-1.004582027540563,0.250841853307756,0.0
0.35624661246286826,1.4384015931742373,-0.3196092105931702,0.11732471016804535,-1.8289344029260013,-1.5903780031617187,-0.4181238910017517,-1.2054028956636167,-1.140818541291119,-0.22427112281194236,-0.6186229092738074,0.05826867641249702,0.2189059948140811,-0.22071269896960172,-0.21927771199336055,2.5638032002078606,1.858876849064247,-0.15751800411493913,0.8654056619879701,2.397309107734763,0.0
0.518369523010041,-1.6826539143302146,-0.8029647965863254,-0.2555891153615097,-0.6644278864244048,-0.20104439218164805,-0.6633294683659429,-1.8418359037676912,-1.6095882791129887,0.6195808351964152,-1.2677078140434537,-0.744363016544208,2.356576475722921,0.33876322447612633,-0.786011558320658,0.9298805754845209,1.93729342510882,-0.251914377226112,0.760322529714833,-0.12599569528619414,0.0
-0.4436708429256945,0.16075333249307697,-0.9362493193238739,2.1423455638715856,-0.06309182159827317,2.4307919640336775,1.2402662939754654,-1.9410039306583629,0.790013155765556,0.22539161133058458,1.4729276956873243,-0.5113924617671799,-0.37711485866864924,-0.4839566034362481,1.2396870400954687,-0.31403339045686407,-1.1598954283665588,-0.14844774522801926,1.1182544963893655,-0.24829282064916555,0.0
-0.291011312382596,-1.10387454105725,0.9920120682573026,1.376939317014423,-2.2505551172670946,1.4566115797902257,0.26329011804937424,-1.3787751124373524,-0.12791937593287106,0.2395911910113188,0.2635465202132457,0.6805614481341489,-1.8620095283026468,-0.42794036317111517,0.5328753632015668,0.2763936400446502,-0.914256283784215,-0.08719301947006396,-0.7611691038537838,-0.8283481962877144,0.0
-0.7767524517558738,0.1709190149105537,-0.8047993313651883,0.9304915706293634,-0.24816270220704148,-0.5473580526720772,-0.54943097604956,-1.1907497380110306,-1.0007877458904626,-2.1098576382348635,-0.7941724891196587,-0.7073042661553022,-0.23306693420165847,1.340099173411023,0.7328517666226986,0.03934887131345765,0.3619754360896866,0.7901308050828069,-0.9476050493089635,-2.5810475941088917,0.0
0.134078768158987,-0.2873872721485423,-0.4240230384459483,-1.3759542173981578,0.4695731666755908,-0.4868170103126081,-0.8969129060787652,-0.46581502475640474,1.4654671217729853,-0.24073704346890978,-0.8103287869882876,0.2432834453392236,0.3531398868482062,0.3736835537359462,-1.1381075418684234,0.9296697674794464,-1.0158843973211444,0.09585589881991448,1.379469187658539,1.5698425776749625,0.0
-0.6243769587596825,0.24071785588136063,-0.9047324012124662,0.7212892973652021,-0.38428409311506284,0.4896660697525912,-0.36132621845477236,-0.8993227364676676,-0.4360777261450939,-0.6607622628709039,0.386588765443355,-1.5952301487207579,-0.6236874739019244,-1.893982485795088,-0.3645416056736551,0.2886286101780165,0.18653752581905966,0.3073138595076653,-0.2611570020523059,0.003901154706736135,0.0
0.9984756156146858,-0.6553848928577767,0.23686908816647878,-0.914378079727309,-0.6220656208469136,0.15887889042166914,-0.44104760629963863,2.1218953626589214,-1.5117057763849655,-0.7390840156900331,-0.8296377961580992,-0.11401107947647966,-0.3044876591228395,1.0908137970970364,0.31154489791303797,0.28257987701298287,-0.3072957433037209,-0.8694633619585493,1.0520715173385855,1.3255686694530897,0.0
0.11952770705862602,1.0827237399836591,0.5776827673638958,-0.2079364003346688,-0.017265466224832347,-0.0894292764047426,1.5201284190602957,-0.9728972046662413,-0.7844175714244641,-0.5205882381964784,-0.36527726758576373,-1.5750595917052057,-0.4339960506014213,0.32594560502578634,-1.216703857543792,-0.3223206930621743,2.188756561078553,-0.9662659854233742,0.1689481920101736,-1.974130438638496,0.0
1.5009339218331186,-0.49199301199735707,-0.3816133419572158,0.691630136557466,-0.19895045390991223,-0.009247401205816012,-0.8970026833096003,-1.4449520593871692,0.5058765170643884,-0.025271665593010223,-0.14140219262479303,-1.4600284483020003,1.1017944468509158,0.07322547334975757,-2.2127095604931815,0.4812087959691145,-2.3477659306796754,-0.6015590927130432,0.19771485783928033,-1.8697707125099703,0.0
0.21622567488151695,-1.075923038598653,0.6983184051232482,1.2735513345821885,-1.1008625780998837,-0.3892184628808082,0.9145176987426533,-0.9894885205815322,-0.3201864100195347,1.3556700692432853,0.16053780502507523,-0.7261974703759249,-0.12619587348522004,-0.013596206755511504,-0.6243005786858595,-1.7445940903095758,0.11133157929871339,0.3026641106688108,-0.2710745002908145,-0.29198785390689014,0.0
0.4675966732680346,0.050654006328293026,0.8247573000889998,1.4004141508415067,-0.7454329333065823,1.648135727159703,0.5987270659402327,1.9554977624724919,-0.7186106817575817,0.9305212722095685,0.5518907746480562,0.1867900001196947,1.2513681891796733,0.34165529492496605,-0.8331628611738638,-0.4736538404237018,0.07320104664317031,1.0417577616512241,-0.7838099229786681,-0.7578296817742538,0.0
-0.33778752799990786,-0.05895742654897667,0.17587270591568424,0.6396333748689432,-0.6274733716894887,0.7603321746107902,-0.9864235488108759,-0.8976770428755495,0.7560182264506687,0.40262811056022024,-0.547708074745826,0.23650236691921303,-0.4431301953804076,0.4012139469248003,-1.2119062327521015,1.0595337908337923,0.3217930516624945,-1.0352154402741256,-0.44340199367479083,-0.5658163698058039,0.0
0.5640674174374908,0.6820294796574048,1.2234775086953351,-1.278015797109338,-2.4835048696673283,-1.2070731899287672,-1.1481330183811187,-1.2570819831873856,0.10968187052663758,0.5448779743921802,-0.7792197352762186,-0.4670502606125705,0.31499472127126066,-0.7723700992024832,0.988470899293264,-0.1533757986716699,0.009649539553954114,0.8609406055545669,0.41071435397701095,0.24227929435062587,0.0
0.6075248873214892,1.582850335201532,1.3153197300211754,1.3034225261070298,0.25984756266606707,-0.21607677094673014,-0.9115436783485071,-0.3194825273889086,-1.2675642040135424,-1.6827467629878732,-0.6085768533350925,-0.09748724410005402,-1.10766546224814,-1.7220698550883993,-1.1961269829117573,-0.2982275483845316,-1.11801624502622,1.3761947233580547,1.4890367179721606,1.9455621667983127,0.0
-1.1068248811920787,0.2655893612579818,-1.805489150481841,-0.22173315704423227,-0.13636252550790215,2.4630485986521653,-0.5395689719992155,-1.1793932396888938,-1.0751050476434596,-0.5080558619130698,-0.3943632950774791,-0.779273056690011,-0.36949308463937963,0.1305163930505035,1.0551306546000805,1.187914573411399,-0.9425176115086917,-0.5739405119849762,-1.482861208147655,-1.1856998772757465,0.0
-0.6619251298882548,0.9678869748172877,-1.043538263487536,0.05585678357674743,-1.1985356874071191,0.6788843920191404,0.32440812594018925,-2.4458868794390045,-1.004984371713642,-0.5878948613701774,-0.7373713829213828,-0.0258902003840001,0.23341049350819368,-0.3357292744684846,0.5712123744345857,-0.6634539918124699,-1.8753805974831834,0.601889516463543,-0.301633942374054,-0.021809247902462147,0.0
1.147384601142875,1.8478350119988922,0.9845735659909874,-1.893641244207711,-0.008020217696366938,0.5352679508374264,0.8056476034006836,-0.8064562265459406,1.4048141047200975,-1.3660370587376187,-0.47020167692643994,1.6684412759341394,-1.0871800200873614,-1.6299336801866269,0.11578715140148699,-1.4442829529596681,0.10743621389578226,0.25539244500174324,0.32828866546284646,-0.708992145430892,0.0
1.0787783589086513,0.020115347283572917,-1.0489512383426078,-0.13982386876102784,0.19759582584552685,0.3934011962344236,-0.0018982345518111076,1.697069885435967,0.11774667045125954,-0.08395183123067422,0.5381480026172496,0.796609379119352,-1.5214010155124251,-1.298636815556849,1.5504196988436063,-0.1512287183454179,-0.10985119061819099,-0.4527958012879848,-0.7553157012113737,0.7509741264184735,0.0
-2.732520470765979,-1.2629573504362654,1.8359943485933732,0.24192940213453362,-0.14509267599984368,0.19080383133014828,0.4619527916378211,0.6783272560939769,1.7473604117697028,-2.386420779497523,0.8599590129630162,0.6371811059041242,0.1264057219785007,-0.4119768228793978,-0.20839538513155245,-1.3824946110998413,0.06101707937227716,2.248647601374976,0.18177464231741106,1.2261785989305305,0.0
-0.0900224046692129,-0.939397080731992,1.0787199427191172,-1.0165386375823804,-0.8880219692188078,0.44099457180038326,0.12133772751746781,-0.19523631967985702,-0.723768450068241,-0.5700566204760287,-0.002732453195534971,0.31454000246308084,0.09598106080125293,0.08223760962048726,0.28407953797606406,-0.3763499440954692,-1.1778151346426473,-0.8272638933041113,-1.436673907403687,-0.5333049420598845,0.0
0.9675221833356858,-1.4606941594420029,0.08402841120691953,-0.31201578317858664,-0.45846218347069356,0.2016425411088721,-0.9555744883071453,0.09824415924272298,-1.0325388095985326,0.16033856266210794,0.26666196327644975,-0.9348270815741104,-1.3172345931306995,-1.4351864771838487,1.074951595713323,-0.12278243556379997,0.8380769642064895,-0.12316636247229341,1.262887883560376,0.030495834984701757,0.0
-0.688912265934613,-0.5124030325823345,-0.8228236928964245,-0.6125403178842331,3.088468561907198,-0.6243184108191784,0.31518610163233585,-0.2586580289710432,3.313131185906415,-1.4253827943396074,1.1014286312790544,2.201055299268349,1.9170456064874055,-1.9798963988793383,0.7633960591812533,-2.0291395322160475,2.2486655831953803,0.6121090455744674,0.5857829900206036,1.0385285322538227,0.0
-0.3317476339516006,0.9267497601971816,-0.657013956314942,0.9460440791510311,0.0911036920966234,0.905607976807384,-0.6432853338775147,1.0474253590196894,-0.8873485828469019,-0.574540055878651,0.14935497818039245,0.0722595828158624,-0.5656325274494229,1.3766168912235006,0.39364154477798596,0.8935045480353377,-1.0580356873118408,-0.657656784108588,-1.426653426553869,-0.6329273237918626,0.0
-0.7595442721760312,-0.9304683476109414,0.22967054928131608,0.3264660488999333,1.5154043542535598,-0.8700478959968545,-0.2483518473073837,0.2552441933142246,-1.0721625382798778,-0.3357463685607768,0.4920691240047899,-0.9204032132706632,-0.6255360069028704,0.64506206840343,-0.42889011110934494,-0.5840569712517568,1.412948081829075,0.035566971489830415,-0.30635980783232564,-0.1687107809268852,0.0
1.5016304292699698,0.3217623690747828,0.9246721594156269,3.0587751733315787,0.36376535838249097,1.3248551760462441,0.5428491093324638,1.3860562278496646,0.0828548239256542,0.37701615645190706,0.9121727422511442,-0.11005673058433235,-0.6762587715018574,-1.7156681500002942,-0.557101317529373,0.4391213064122659,1.3045605358050103,1.4197944157615559,0.06067506621037796,0.21465505802287402,0.0
-0.520285452483659,-0.7680610617095319,-0.4469570538932984,-0.8023958094875392,-0.44528029182328027,-1.1544111611734358,2.0561976513866314,0.7494141437871924,-0.9922701042282216,-0.8889351186092511,-0.029781503019526888,-0.05196599543134264,0.09758339393924267,-0.04179224742870817,-1.2300755673622004,-0.5498711667335601,-1.894429609695788,-0.8158097718854654,1.0687684517160205,1.1601978377656674,0.0
-1.1206339605223692,-0.6915350757818803,-0.010887567571862908,0.20322739103978518,0.7024165236978237,-0.14748438755954787,-1.5953265822911333,-0.5978994274829902,0.2116132071211239,1.213161641882037,1.8546308699893568,-2.072477736087761,0.4601071291706787,1.1561725711303485,0.6799819620010855,0.7768550598863629,-1.2920489018643104,-1.123069310761133,1.086084424303762,-0.337131458084676,0.0
-1.016657118095958,-0.1343776684449465,-0.08083666263110739,-1.4587779633610647,-0.7385074217156841,0.21492707230337085,0.9037134572173535,-0.5122363319492661,0.0948663097729535,-0.11458771803702522,0.4968865385397371,-0.9120111877694108,-1.1090338220699063,-0.48011203054913015,-2.1631445540542447,-0.6781932116174538,-0.45471438087201943,0.2076511152765936,0.6815163033958154,0.6152059566014804,0.0
0.6150574258672215,1.0424494720386224,-0.4141935632749373,-0.31808629962445684,0.2639809733687719,-0.26150708806688433,-0.8568536408932803,0.5983534292021983,-0.9974944300268194,0.0438088641631421,0.4594944870861165,0.33820722436787626,0.14844046329480212,0.670395846433616,0.47842086280462415,-0.4149549943912915,-0.029418042426772803,-0.2846525635940254,-0.5330368852285888,0.4657145237380672,0.0
0.9609001144119904,0.4186312320213634,0.20073541783589902,-0.383083254205413,-2.373464373901559,-0.8175566378695321,-1.3157954596177663,-0.8901769525255507,0.31132746175203435,1.311430890091545,0.3090076860792983,-0.4619956178858903,-0.9424708432341982,1.8985084667337593,0.16591555241635572,0.3938640328332434,0.3981782265374527,-1.998760650140842,0.6257086004063017,-0.3693796090499788,0.0
-0.8364553239299994,2.1307220570395815,0.3828938097125127,-0.563821208024032,-3.1911705208976513,-0.4654460951284422,0.9828209352919443,-0.9047197136318834,-0.012374096669709962,-0.11704513232536776,-0.3127974241328063,0.691680915420028,1.3566787347775584,-1.2574476279596514,-1.5423820951624874,-0.9965270767871955,0.03544867764625495,-0.7024668536268247,0.3136819542018288,-2.585857993687688,0.0
-1.4963856293727118,-0.042485970125125457,-1.1518908483997412,-1.8126930852120984,0.67465840638156,-0.5541731769149597,0.6585786836346403,0.19038305092630808,-0.4507249244440269,-0.596536959361968,-1.1902881969104768,0.15390383337383712,0.4518602999119988,1.733114502898536,-0.43581217282608564,0.8583442034457532,0.016413979098780576,0.8174135151662524,-0.8717544653358679,1.1314799327768057,0.0
-0.1185969501975063,2.107145722949519,0.2515186940525169,-1.4672080647329715,0.06786773624964615,1.2671277051691834,-0.159364162426239,1.0082245855168115,0.5339124099634341,-0.5850425069768515,0.47981141138403366,-0.13369785709147994,-1.3179422204775342,1.670316289566702,-0.94099524882915,-0.4633395806769149,-1.3336246351292205,-0.0719760568906575,1.4281705140127854,0.9949119113750158,0.0
-1.3659147598446073,0.6827496146571983,0.29469875132894785,0.7987793665454046,0.23123337853633638,0.914637965905766,1.4793553391381677,0.068839729399865,1.1287982685425435,-0.42562872378910027,-0.27930882838720045,-0.019168438611738142,-0.3394421366488154,-0.0031902724837811164,0.41395933074699276,0.1227334681461636,0.1246810246262728,1.9640753847180454,1.039307387201784,1.9230126824079248,0.0
0.598012531386008,-0.070118176815099,0.9037545750654992,-1.708384006993787,-2.3683168503900243,0.40825470805752273,-1.3114616796510277,0.1288103172747726,0.3151002193444881,-0.3894442526811037,0.41959951047833144,1.6764862004736005,-1.2556311929577837,-0.13178152378517902,-2.2422835352899377,-1.1144528966847422,0.4802485364070506,1.492862657818123,-0.21000496598136753,0.1586048336893472,0.0
2.3871057870873402,0.6704843229684537,0.2659255185523794,-0.11095119835232584,0.7042675490130845,0.8953768760151983,0.1529125127747922,-0.6353773630708656,-0.6133792889573254,0.4799156041623697,3.261554880858369,0.13925331942743258,-0.09456375617264098,1.4233892430009938,-0.7799354235133515,0.3250807062366716,-0.07625114349536304,0.6270940097780646,0.7009369008324147,-1.3496402164515473,0.0
1.9481069373249429,-1.7783093504568652,-0.710878008215467,2.4087106063056165,1.7617335334943611,0.06479422144652808,0.14142307970189583,0.7106917514758886,-1.0803600872269394,-0.6378237504737596,1.4700519515006976,1.407218987722925,0.18000304667504052,-0.07017820248734474,0.563044385295581,1.5641780445075637,0.535064684544211,-1.546806805159447,-0.2130841991697131,1.196105059657168,0.0
-0.3048960295157016,-1.790284572875775,-0.04732398633327332,-2.1554610740847937,-0.25547136651095875,1.1686907901470782,-0.05007782530344372,1.5642419439504158,-0.06947509454337389,-1.194566568614249,0.12648965707697765,0.5200077256329669,0.59321195559397,-0.8583080736726916,0.8237850819427132,0.2180198698260474,1.4191691077955932,1.63737426730947,0.09614628696472649,-1.2099558568777053,0.0
-0.8756782390986617,2.57894754132451,0.8614516176967402,1.1953845625787403,-0.9054452241071725,2.0731472507152744,2.0728852074100903,-1.4784051900593433,1.0346393100074116,0.9092619564139802,1.3607247668829328,-0.017411179656710497,0.5124257236082658,0.5866347902885131,0.7778226572706163,-0.4040564421117107,0.28243621299966626,-0.5915462486538681,0.9699188740438289,2.0169782077220755,0.0
-2.3693745207238197,-1.295201294388325,-0.09966821824014284,0.7776525154036972,-0.283204174877221,0.3931361187727942,1.2668149119867194,-0.01868313944694199,-0.10880368097964463,1.969438356390603,-0.2744228156435981,0.05372723548797436,-0.6122879860032054,-0.6709010258874151,1.6521176533044066,0.5535430559849854,-0.13439051137780558,0.17389108001388967,-0.7172880477372051,0.5773915278964225,0.0
-0.4941218979872224,0.585267944976512,1.51821706008968,-0.24694594667495243,-0.6713150178374583,0.29500229425563856,-0.07916008951183354,-1.5753369889410493,-0.5802517508462519,-0.23214302948880783,-1.4271964289744887,-0.09777557049661684,-0.16312929813064872,-1.9582684264641634,-1.0181040078885755,-0.2517483516076637,-2.0861164102908045,-0.28595607464122297,0.8311173906656882,2.102454080516464,0.0
-1.0748186518905851,1.2495648499875893,0.37182560764414857,0.3939673409947397,-0.7265057923896682,0.5244676904980593,0.4702401805804273,-0.6699729341202254,0.2679321577026668,0.266590091264827,-0.10655019371339401,1.8170920307211769,-0.8455989375925606,-0.009967321715473397,2.015796055733382,0.3698142376111508,-0.6718992344402598,0.02813313339919963,-0.07151190001812874,-1.8358272271945233,0.0
-0.6281695452151268,-0.6779533420959113,-1.0619733636078492,-0.4930382252436216,0.14444673962678947,1.3612149469096615,-0.15475212866626492,1.6591500182828958,-1.1931403633059081,0.8389374307787599,1.1706245414516125,0.7222164268102446,-1.5652066574103265,-0.5195938600647138,0.29679510517764024,-0.8310202084848732,0.375267174851896,-0.3821187159096903,-0.4296186376015271,-0.18392813728417748,0.0
-0.239591462993544,0.19667107702862313,-1.1510691035850504,2.1694749181234085,0.2123211568913927,0.6516077012016602,0.7774156482565946,-0.8621836197620693,0.7186282831350699,0.3904501382184246,0.2851371480009524,0.03691473351297099,-0.8142423399274588,-0.6134435737962346,1.2245686493615844,0.6236636173630224,1.975844898385231,0.862302368458882,-0.012104413642315874,-0.6778255197883774,0.0
0.18988105954969628,-0.1506907421428198,1.0445476896883805,-1.0973070645636471,-0.962052513127881,-0.0527603819604487,-0.35703845760165503,1.3016777523792986,0.5706320221679902,1.1532446660996434,1.1721871446182415,-0.5640748177659547,1.2206579351471494,-0.9799189122927825,0.8495653254756008,2.1539925062219227,0.026369851332743992,1.223068900952191,0.6202696176846005,0.22662562626693794,0.0
0.14018893641618338,0.05830875489859529,0.5296282964658526,-0.2831426780323097,0.553093832634244,-0.0586332366782718,0.997451091835594,-0.3669326586301279,0.14314583938459666,0.5697073433689117,-0.508124642414932,1.8120364484115192,-0.6264478082733483,0.915789855947551,-0.90656686027628,1.4512859523867827,0.5322785435583357,0.5707036206422258,-0.0630316480664843,-0.8494245230103812,0.0
-0.24003766942567203,-1.2065458805993416,-0.9093815524576753,-0.1664051215536458,-0.6426853626912555,-0.6248135125927569,-0.3424457411230523,0.12435015596141274,0.10194011076971163,0.02578367194515241,1.0117914173446918,0.23609550447956076,2.415636104777853,-1.0502500113152868,0.04502032720089459,-0.43794526311950244,-0.30780335371171064,-0.4665583243828426,0.18238988294824585,-0.3223302354318648,0.0
0.5270782971956924,1.2611123123598027,0.12712927975439448,1.2933119873236956,-1.348223218531207,-1.7666911075664122,-1.150953723464587,-1.754663958698422,-0.9153410975846336,1.0145840632444363,0.08139847922739657,0.19775001562751374,-1.2260836591727862,-1.3333976809051242,-0.034086511460141036,-1.3478769757619358,-0.6214823267753168,-0.04891345076253273,-0.39690001491905097,-0.9193306703444458,0.0
-0.23129831472324475,-0.11719540404112672,-0.08493410204967597,1.2608511224146355,-2.473036873292763,0.010960904425083275,2.764433710234053,-0.22779426715514686,0.23373787713706343,0.17848455338017452,-0.05474193944153078,-1.073242937935152,-0.890308010336894,-1.242815338055487,-0.33747811977810693,-0.1157885122060602,-0.9966535418171261,-0.7867729016289056,-2.1513254509170205,-0.18409576074716855,0.0
0.17147495600532583,-0.6733418412353205,1.545397718963009,-0.22225839215470583,-0.33680836775738576,-0.25792008801945016,-0.7759063296506907,1.4026008018198621,-1.696473223977123,0.061959629871619445,-1.0388635205064807,1.0487715408774096,-0.09836112575724867,0.6979962413456049,-0.7176117096608536,1.4359238263748666,-0.3115434632072177,-0.48926405276296114,-0.8318092600535852,1.2231033341344937,0.0
-0.15196681008729263,0.36010881127978084,-2.2234781813565627,1.5698158750361033,0.7534866151186462,1.3776121171967373,-0.11086732086650387,-2.198263230996684,1.1660277945073891,0.1022707772755278,-0.35209501049037284,-0.24978383675488372,-0.6187322112277601,0.47508120399469556,-0.48944323235791204,-1.4871456344927545,-0.18656389603944903,0.28104373298489255,1.9875178295948928,0.2981921404947412,0.0
0.17571292455607973,1.9596066690226064,0.9364078671535814,2.584291620512957,0.0630792571483536,0.8349544447351676,0.684931482676797,1.13790504013972,-0.49003891858367243,0.8638791112486395,-0.7630325144759822,1.5181268436548427,0.9466870492190043,1.2454446330526294,0.009205237645389977,-0.8085841346404458,0.6220332801053761,-0.640960305852218,-0.8359092954502955,1.0119544545707997,0.0
-0.9357151835673494,-0.4388018319436159,0.567681587445231,1.4577833066071102,-1.1670062287660983,0.004584186558717774,-0.6402003419965024,-1.1587531181449262,-0.40987285524069667,0.5037208875263546,-0.5348007591988889,1.641423857580386,0.23052096033452804,0.028810381965714005,0.4169299266793359,-0.42488284888847033,1.157092878693777,-0.4241716839941029,2.2659863967050264,-2.021327038412672,0.0
0.38093813757102235,0.2625951992462979,0.07515223717683302,-0.3831125482958629,0.33416601110448085,-0.8148402371509549,0.4845127395867365,-0.6240701505769657,-1.37059820254776,0.14880961705038484,-0.6213374783640083,-0.17805648829232726,-1.9156184748219132,0.37624159072166724,0.27145718352098014,0.8284649382998273,3.35586390567076,-0.7131101717580242,0.021143255440604206,1.4566258614600736,0.0
0.46795750022940313,1.1150557329520547,-0.24768168267092186,1.3991176060725765,1.1196724920836978,0.8329696186990044,0.7719859088311906,0.5581676030655676,0.4418613427531703,-0.24980206576509653,-1.1021217874554612,0.5510552449541302,0.8347568948088303,1.9082418701147335,-0.8693495600661227,-1.8854921206041988,1.317952448997118,-0.9352587975399644,-0.300348349546091,0.11550790866087123,0.0
-0.15636745778116778,-1.8001414255818595,1.1530434738718804,-0.8171825429240542,-0.2702809185569036,-1.755707316439752,-0.7857700729829488,-0.1613683380465661,-2.6612445050910543,-1.695510640095066,-0.8434375122344602,0.6827377545449937,1.0297814364930977,0.351859083933604,0.12519585391981994,-0.17931092329843645,1.4857086184496886,0.2740848929115587,-0.938555522193176,0.46244342278320355,0.0
1.6121802444419049,-0.37202607830471496,-0.3734129019494835,-0.4525936459967778,-0.8113200155212679,-0.11770195274584327,0.4187024647490217,2.4639312113952654,-0.6447538946615029,0.5014366502613452,0.3685348838164977,0.8394022300760307,-1.5688283546222137,-1.0307247470399032,0.727913980456836,0.1579158338301615,-0.6918212375707414,-0.273520621280978,0.18386660364570273,0.16021770422889664,0.0
-0.6036801969954493,-0.8415812437770738,-0.8388888352590305,-1.7837120234437256,-1.084011295122462,1.0754324250797969,0.7747356929109974,0.4983502623605265,-1.0873700649967457,-0.7834548450149632,1.761289706029193,-1.2249141165643904,0.6656317225035392,-0.012344511056306396,-1.6626794394601951,-0.19074826840236486,-0.9315718360005077,0.9825739368072026,0.07785892696852939,0.8651023594828997,0.0
-0.9568179032227339,0.7878713961667917,-1.7056728942756618,-0.9650748980225,-0.2067046412120674,-0.01736333855890643,-0.46105895162764704,-1.0121103158642655,0.5781518576202155,-1.153250411832292,-1.6260083620606207,-0.3743873383326304,0.19326234944171666,-0.6089880935558949,-0.07116924560521105,2.1536026144641034,-0.3224464548752557,0.2607073815242192,0.3243565534924164,-0.4459255485190813,0.0
-1.1564160884700447,-0.27545637876881424,-0.5744599073811787,-1.2157302405793988,-0.30709426740982315,-0.7027070313583327,-0.5455449444401348,0.8429592650689117,0.24332839332187858,0.2920586017658717,-0.5086019346469993,-0.600764250908126,-0.21913404036077677,1.3675331671877593,-0.08181491937211072,-0.6341749843952672,-0.6073095969002991,0.22399952148262506,-2.2806955019322035,-0.06552643985997365,0.0
1.732795393203016,0.2918609649861075,2.2238070994088313,0.7011085819131307,0.07979902337203812,1.2243248338076385,1.147678014032937,-0.6051546531049932,-2.1518830298555707,-1.5941235587278493,0.9390884513214376,-1.1225987438381455,-0.09480441706474609,-0.151818287634862,-1.3852450369203575,1.2887674622254737,0.6023690520484957,0.2774762881455466,-0.22238216246527454,-1.2937398092708183,0.0
0.7989150722060617,-1.8727087632528203,1.2329720021378614,0.4632655278909844,0.48027712003587875,0.9062416192560545,0.4684309986532936,-0.062196892077071665,0.4683298501515465,2.12435857184403,-1.9086323491741763,0.5524566406396084,-0.8586213210557473,0.9237766598459672,-0.015384389910159725,0.8295910111416303,0.9901928582191377,-0.5413506614215544,-0.20479002243605082,1.4869084089809965,0.0
0.8369521409121741,-0.19869162172188873,-0.37715868800026414,0.4929480960937455,-0.9249592342318471,-0.21473986764415956,-0.3554909904545518,0.5465243657454589,1.530478918207491,1.5563026014989012,0.9612380006828263,1.3567842197350888,0.8995511188814458,1.59414829987451,-1.342717299786125,-1.397762303490334,0.6652312800176582,-0.9508402923422928,-0.38694282859745355,0.369715504845745,0.0
0.8093663618910424,-0.8198232882243831,-0.12636195645201803,0.2437889954955432,0.9480338931023672,1.1777888721214973,-0.24864290708581538,-0.42582297784517437,-0.4567898517817687,0.40044971191989587,0.17358861015431287,1.5570742480840785,-0.6027083433804399,0.2878263219494871,0.5655044294817576,-1.1978470589020445,-0.30426923792773214,0.1901359099476992,-2.062449400415221,1.4684929059948966,0.0
0.5537929776648691,-1.6644255443269464,-0.3288210508580117,1.2774951738536848,-1.073741148077138,-1.4779580524548077,0.4481200980978496,0.27113642943223276,-0.9485458557600355,-0.4598349513557739,-0.28291720567998596,-0.06599415503934535,0.9943854117818148,-1.004582591635607,0.9398363293616955,1.5900321419243117,3.180704533522048,0.3996137666949841,0.6270646583100503,-0.58642438444296,0.0
-1.1319773889860874,-0.5445477488087929,-0.1428802076363228,0.8349425306527074,-1.443533765779619,-0.9435293286129478,-0.3545111406143954,0.6222954568185652,-0.11182693391748585,-0.18667312936210576,-1.5871309546793946,0.1692834720147181,-1.9705879898165282,0.6757864673073343,-0.057051581363059795,-0.21906781015061733,0.10309951693329568,0.5647513357929576,0.7781285861004222,0.17206932428021018,0.0
0.7168796943528698,0.8897650607127071,-0.50111222564443,-1.7100330618071484,2.8863968778024005,-0.17035370631207247,-1.4632265366409567,-0.41913209700550863,0.09781624545994914,0.18429902225031827,-0.4735656994883103,0.5965275276079006,-1.4035585654230989,0.1615265491200407,-0.8820801568295182,1.039381956440336,0.058182675478459664,0.42783397381683314,0.08800471884758886,0.8826701070967169,0.0
0.32613486250562734,-0.0960526325074093,-0.12572757677033977,-0.2984056825005644,0.5048943753167452,1.1635542345012595,2.195046310435273,0.3797943933291711,-0.9190181319455555,-0.823256189303415,-0.8070577909521174,-0.08621588835180796,0.2790129532197774,-0.6848924420838644,-0.46373733283708873,1.9683973634580287,1.6999157438540704,0.8457902540757514,-1.6465097553014756,1.3033582372334132,0.0
-0.08739759624753786,0.05965557361675129,-0.6410557755776285,-0.5478307994739674,0.6665189949984252,-0.6593919116112021,-1.025969249601378,1.7261631733472151,-0.9078126684955652,0.5981037935817322,0.9309920405651968,0.5866749827017573,-0.9736896684822113,0.36240961464259425,0.309670197753184,-1.506496914446176,-0.09127679986090695,0.3491644323536833,2.3118357846436917,-0.07631903762079739,0.0
-1.3150195149804162,-0.981259393331226,0.8966795043100946,0.9323131350145792,-0.29053374554994144,0.45313167724202313,-1.2335947793180653,-1.2108338969368793,2.073749962648956,-0.7139160326462528,-0.06288276848560603,-0.9770425684851545,1.46280846198067,-0.7711636893003843,0.0594898028015261,-0.3411926059203671,-0.44773812643318234,0.14949985217691406,0.6280356511110762,-0.1873047693582928,0.0
0.08601646428768887,-0.44010264265508103,-0.3349621842211257,-1.037376602429108,-0.325076567161616,1.6415879150304575,-0.06374546061847602,1.0881764451654972,-0.8926247388057091,0.04032019862838224,1.084431106996595,-0.46578551366390486,1.5693475863443511,1.124411631005456,0.1580218702697993,1.3828342572251255,-0.3038943514340953,-0.31516431395452493,2.7895782030876273,-1.5767483011638304,0.0
0.055736003815578104,0.06903495941854493,-1.087696650602012,0.6127666658792916,0.8161593715275679,-2.091592235326149,-0.8981896737053741,0.8590647700305201,1.0961545567788455,-1.556990384811831,-0.16726088833046796,-0.5622444445322502,0.07368934622409169,1.0991648507311387,0.6567761045335813,0.9008297283407344,-1.3159920726311727,1.115651769800169,0.44992223942320136,0.29516469996783484,0.0
0.27713376304127224,-0.4183192291030753,0.037177960676851855,-1.2269928710378983,0.21104928797991612,-0.5523876674677068,0.9611381651653423,-0.2926873206297094,-0.009769438498655802,-0.1289046947728817,0.7685942675538321,1.0582916556976338,1.9936526783539528,1.3149132017798444,-2.640668566776613,1.1390257546788611,0.5344982813173014,-0.5527972520209147,0.6365816254865629,-0.1077476912289882,0.0
-2.1538896602878754,-1.3726356407939715,-0.3648853437744004,-1.5902239467094086,0.24078378755919125,1.0105776214060638,-0.8138112887237384,1.8134711053322305,0.8365686728442341,0.7566954507730362,-0.14096104593584569,0.9539325026628735,-1.619008892267688,0.6061929906354921,0.14887818949231998,1.6533573228863478,-0.05898370019319331,-1.777700110921478,-0.17163229527526788,-1.1000273811803023,0.0
-0.9217574397368145,-0.037308241660173186,2.046620316915367,-0.1599076177190266,0.15778878481840553,0.9674295724011953,0.8911015894041264,0.1415035640886521,0.32347804256661683,0.0054337786733197726,-2.4077937364473985,-1.504729072731889,-0.2845041379297644,-1.568598668497689,-1.099280719375489,-1.03644699910096,0.1649719051747623,0.8320790398501751,-2.8326013391465943,1.9180827974381942,0.0
-0.6291827616841826,0.05551819745237158,-1.8031452373866053,-0.4666913845580687,-0.5020696077410982,-0.4253889974524986,1.5327985373699475,1.4117522010502137,-0.8936402751050576,0.74024314736185,-0.5331671759319007,0.7564047245304195,-0.5562497173012692,-0.28668194416200826,1.2916263930845417,-0.7461739586146422,0.8693386134817606,0.32091281281969936,-2.469923497551202,0.08639002657262405,0.0
-0.26917155247723873,-0.8894909707052328,1.6342157078739705,0.6965716290904623,1.039681979371097,-0.6034434855086228,0.00190895825459167,0.19224261625921912,-0.786595669284861,0.20896527185955943,-0.5113617345567709,0.5021551354751885,0.033254376654916755,-0.9427056911192763,0.5927988376366534,-0.9365261736151822,-0.1375458090767802,1.5067252142915928,0.9572740903872229,2.507426211273101,0.0
0.013314658914354517,0.17831598362141673,-0.7974836884559998,0.6880639538074311,-2.387431792149107,-0.05361583615507092,-0.5428324875651087,0.17807807922398816,-0.3596231568148024,-0.23785971109233509,1.657860435545928,1.3867593548265054,0.6203386070587366,1.3824420122282979,0.4995472789642834,-0.31176516326881876,0.4465842492735228,-0.6472353550994481,-0.4087253805881321,-0.21153814614437547,0.0
1.4778787596087513,-1.662623658901443,-0.25605661560637527,0.7431443009382704,-0.2628478861368372,-0.8856209748616445,0.9369097278145081,0.6510068460775044,0.5381352526012867,0.6057713085077616,-0.8968361202231964,-0.46173755943188244,-1.0545419970217125,-0.5012384671409204,-0.9202062426138198,-1.2920255124773101,-0.6075596592817335,-0.3118654453648209,1.0619447888405777,2.2947624991022075,0.0
-0.4492983150347599,-0.5751920620798372,-0.8727027206431851,0.7137944211757915,0.4777554188380867,0.6487520575803025,0.5980566416778595,-0.781160756265047,-0.47015187609506526,0.5780017446537536,0.6507752286760455,0.11875105048805001,-0.2769983444044447,1.6504558624816434,-1.240267096008174,0.527238475816979,0.04599815147120481,-0.6884331760647849,0.18198361781886163,-1.46048078018109,0.0
0.31378586893604477,-0.3191353673225628,0.5519687000503306,0.4192764261686238,-1.9040141654402816,-0.7959718931113907,0.3256618691959867,0.3191316341301783,1.9988415084187552,-0.16899750112428824,0.38389781509379167,0.06068824264244556,0.516024306837604,2.3300067717226334,-0.8407402817738816,1.8789651274435002,0.8590544296634441,0.3878583675947581,-0.7493209810651685,1.3166618536254664,0.0
0.48371854858559654,0.27315155740626557,0.9384487703444948,0.7241360675799219,0.4421588827064532,-0.7912053956588674,-0.2652012851227293,-0.0013617513494980314,0.4868604030529391,0.6303026911125069,-1.3126081616735854,0.014729652109121904,-0.4381032989252808,0.3549407639073374,-0.214276502718969,0.17990412405772943,0.5979068554525462,-0.57917112586106,0.8123684372366445,0.5797322591221717,0.0
-0.7257001519723755,1.4304229003676894,-0.4113137126795268,0.5707127653119158,-0.4687400863203412,1.07349902148922,-0.6026365598809315,0.06809393768013247,-0.07463500059819758,2.178146680142549,0.9016493235917062,-1.6059962263009662,-0.6674009417467472,0.18297136328687688,0.18717410841800858,-0.9153443767327412,2.2097373379207386,0.7651434402878968,0.5762716845800601,-0.7879305903338963,0.0
0.2837999281312249,0.009047845786568321,0.3494188020953834,0.5411314290972634,0.19646661767640836,0.24901212043539367,-1.5396106667895837,0.7585843782088505,-0.0666955200140806,-1.1921515170152193,-0.7040024386512581,0.5996755353114541,0.6142046060828623,1.5080650014158745,0.46872867082862324,-0.548920904278519,-0.15905144124771808,1.0240925243154408,-0.005832902379538463,0.9004700247235652,0.0
1.45436666336989,0.76057421153587,0.4993845829248842,-1.8282767031247706,1.7039902598609706,-0.07335372907454285,0.013535276782119476,1.2964999926322378,1.1349536445501596,-2.730243004379847,2.1341120726666793,0.07724995671328795,0.9452917223874966,1.0929443713828144,0.012422239293261608,-1.4044872433580196,0.6363594564757061,0.24092283590885805,0.26824755048462273,-0.5969341369155418,0.0
0.8122537025267527,-0.12755033237049646,1.5585482424568582,-1.0546874756919298,-0.7010567836299704,-0.41801240126056965,0.08427409082621148,0.14573951555443293,0.3503891767706548,-1.0509221175643098,0.7329598545576969,-0.872610063169822,0.41476377645407053,-0.21362637597330267,0.042230475950083,0.5669415575174351,1.150860265574606,-0.11298184981402379,0.16962285410135383,-0.6645802688564418,0.0
-0.31249102907548904,0.6474465013442667,-1.4269776087405432,1.8022355438923339,1.1925908766763746,1.2653580136681282,0.43885156218499066,0.7611122652129781,-1.0888126891050798,1.63397347410772,-0.6501961229858425,-0.5526750258223178,-1.0112525205192104,1.341965829804969,0.6375203111221764,0.03485700473239076,-1.08374021108768,-0.83599370141613,0.4600447433856173,-0.4435112106688321,0.0
1.6151824817554978,1.4227468966845773,-0.5674147685117547,-1.1738448141160354,1.5478379365749524,0.3493656827867681,-0.9243521134795912,-1.6565401943789895,-0.7268222155905325,1.5639358019297502,0.8723911983008377,-0.993954754363062,0.1494864372394402,-1.3282733370299358,2.069289431732751,-0.8885780235655639,-0.6656019384702865,-1.0414529103266827,-0.80043512375027,1.0268255829796262,0.0
-0.12827720957592287,0.9505873532101409,-1.3371523674888741,0.2098121528888065,0.596428639652015,-1.4216540783683176,-1.2159178710926457,1.5314160476131369,-0.2865152279044494,0.25861378959008036,-1.4167991427352276,-0.4657827379310135,1.0544521657925179,-1.533451481351243,0.3987867059754563,0.8210460997094715,0.3030724479037409,-0.4791625117211027,-1.5008247373944448,-1.1461196563459544,0.0
0.2403474339096605,-0.5966674429632429,-1.1248217135082637,1.6855879876433497,-1.9712257850508317,0.11243591105294719,0.8837062546551337,1.530305904504538,-0.7700244333008301,-0.1787179478065144,-0.6170037728900737,1.8942636494267777,0.17820198959599826,-1.1332973948547853,1.1828818121788685,-0.7993838355967959,0.06164345883323133,0.34684710032938865,-0.6033424944549728,0.22684761477008156,0.0
0.39494141710518554,0.7512305445402035,-0.793281898133858,-0.3729986453909321,0.7783707834571767,0.20752259149457344,2.853637137272762,2.2851083752397856,-1.3200389422025667,1.7910949068681687,-0.1700853627067736,0.9641292209502238,1.2597450135160464,0.6992320273636794,0.33498808189837687,0.5794888864059422,0.5777597030103911,0.2788646655413124,-1.4419126717087887,1.1733131029245347,0.0
0.4936512865784117,-1.6070282113968803,-0.3399009363940319,-0.22702491200029873,0.292045153917473,-0.7253815195395564,0.9753010399837497,0.9503645795484018,1.7839347431450694,0.962459237684293,-0.7954499909145699,-1.6339161545749559,1.7280549096180606,1.0559594650692052,-1.1539886880015604,-1.3044966032565148,0.43825217082598966,0.8594077300439099,-0.6323303895202654,-0.4758270267777088,0.0
0.12115070553301446,0.15763114998221212,0.1509633457652592,-0.8073940759941362,0.42245486090382517,-0.7860219871659555,-0.887023195441847,-1.0687172884256253,1.2857688203665125,1.5088139030987662,0.030596255956407265,0.45320801050386,0.23644618748281437,-0.4282732675976379,0.08158923421259744,0.06278347365990906,1.0848093454074068,-0.7870963171306574,-1.2275765195935686,-0.8156220972728776,0.0
0.04766477823006431,0.5954344813132988,1.6083629859381499,-0.904080263881764,2.297173449444206,-0.5446849599704265,0.6680402822234838,-0.4645147236542187,0.4425539320175384,-0.5767655398552708,0.581770660323023,0.2874342426029561,0.03521022548270607,-0.9530842066555152,-0.9096664773044439,1.2614920137664247,0.7050277895555743,0.6208996439021293,-0.6817728636457655,-0.8279824774934866,0.0
0.34519306265049843,0.6238770804837067,0.7746323884687774,-0.892396303179959,-1.2467869936098541,0.4357413956076517,1.7652377848044027,-1.6309487941652576,-1.6392519620852732,-3.3408487365491872,0.1106808655208405,0.19762537689871632,0.8978870855555253,0.6969367666771085,1.6810469058605702,-1.2627745827158605,0.18670928837202722,-0.3617723726740056,-0.6355281290317358,0.2696213734146564,0.0
-1.7195588457269573,1.3321274024723897,0.9802868535915503,-0.901431660122667,-1.1754493820070275,-0.8333302855619197,-0.04610869420544565,1.048752981442504,-1.4473862610961665,0.5182998467426739,-1.3843389722455415,-0.32268607456117465,0.579565791378745,-1.4193156230800208,-1.2217982091827089,-0.24273786058982438,-1.215811536595692,0.7183330868487617,0.3545560746966012,-0.7127706097264827,0.0
-1.0979535704904693,1.397996354810993,-1.1932569203215009,0.6811137350680795,0.7957187880865108,1.2341417328772586,0.4638460491741653,-0.16015168539798683,1.4442772440424512,-1.1865814767349043,0.39798346116811123,1.135521085458422,1.9746282284799885,0.7838622281209747,-0.07652605919297419,-1.1195334180937904,-0.80182532740416,0.8594070369286076,0.24957991759693712,-0.6100652103171891,0.0
-1.1850103694176335,-0.4560908600525587,-0.1929029972866701,-0.8788859793735128,-1.0000370885853604,0.5508128881620334,-1.5485381323351335,0.6882963578984607,-0.5534586377351048,-0.2265095254557006,0.657744062968731,0.3558717179451309,-1.4039920268282806,-1.623380830629521,-0.9226344512317238,-0.1638791383190445,-0.7647038863027766,-2.1493562097899903,1.1156079365699931,1.7657495861244779,0.0
1.2114567869127406,-0.7207102512652583,0.09928772865383974,-0.7929985050733791,-1.644198414704128,0.11173732548020827,0.8877114141130247,-0.11171013945514682,-1.1226091317455427,0.41229643380970493,-1.5555008602556486,-0.808121986452658,0.48886952669434386,-1.2686607917417543,0.6863165423554716,0.21310701471590865,-1.782079324264921,1.0190737196842607,-0.7855653429399055,-0.4049138353929202,0.0
-0.031612998106886926,1.9570308622527886,-0.8723389637167474,0.910816419000632,-0.22854071362111542,1.125007522456855,-1.6745188736438041,1.0664956271771662,-0.5260127735456415,0.8002588468045201,-0.019619738420329637,-0.0699051527916539,1.456111618545152,-0.17320229105757468,0.5375411177983741,0.06530745898740367,0.4362653985562176,0.2948418801694246,-0.8250382284922266,-0.41686343953938376,0.0
0.282652039772071,-0.9804498967765798,0.13836835822421562,-0.11073823761007735,0.2938632278828462,-0.051153541655352075,-0.3561098622596264,-0.5628192661072359,-0.8848715290527848,0.3454838646460961,-0.32556051876017283,-1.2023879312168035,1.161876434764375,-1.372636604550885,0.3595129502900948,1.1333037356272038,1.7723249983062361,-0.09842836627358863,-0.686033348945471,0.5200121346411372,0.0
0.25025069060001953,-0.0209647189546255,-1.015786954061599,-1.6754083471277241,-0.6367085613641996,-0.7050490707828194,1.2729558069930937,0.29120467604692607,-1.1430569510201576,0.9435337514215787,1.8639784068043588,3.8206488327483616,1.139144095820605,0.7777539412719752,-0.372309553892691,-0.4308396803138824,0.6835263857735582,-0.23680548771119628,1.839915211584775,-0.8916134905470546,0.0
-2.387190609889533,0.3848751670088762,2.454314552021242,0.7263794081771665,-0.5465838653761319,0.03463792833389496,-0.3613377332377469,0.17942796168422043,0.0009734042784593803,2.841755415715067,-0.21742885824144403,-0.0015127973289748885,-0.5514127358310613,0.369961257124937,-0.13846242390368968,-0.11312831702574336,-0.9458416454980464,1.4727686502322708,-0.6147016877573129,1.8561829481749335,0.0
0.15959511760353695,-1.5281897635440727,-0.017048670393990672,0.054565002979400624,-0.2082830048892198,0.22452531043442953,1.3893446586681792,-1.8527653555337964,-1.5941639295396244,0.21733181570560195,0.7727839257323126,0.6486633783368737,0.43714841170952085,0.03625460806049311,0.4006489539402709,-0.30454485768492773,0.18495431842456267,-0.26438739652155097,0.7214369310345824,0.5798290218555029,0.0
0.48844606763636955,-1.8013497407545687,-0.3895500401753989,0.35760563206794,0.31196897504690163,-1.3276226699638465,0.42176129736529694,-0.2728601993324404,-0.4656026364068251,-0.8287997290797186,1.6062993524033862,0.696491532794566,0.161212958461341,0.23091545060344243,0.7524521171309091,-0.20525958747998233,0.15409142239197154,-1.8350248032867016,0.8224481778051781,0.5949588714199456,0.0
0.24599900764879934,-0.36357294280186997,0.2491446935439031,0.8331559423432575,0.20342723313821373,-0.1187928987179797,0.28736161255441234,-1.9196385021849844,-1.3096715981322553,-0.6845596402712822,-0.2771947982428583,-0.8890405043813868,0.2421902149562841,-0.22264697078039977,-1.647665931656462,0.6777351801977219,-0.6745490324458059,0.14686860692011672,-0.4055403315815487,-0.5519473721834749,0.0
0.19141522717526974,-1.887026903130624,0.6352665292025064,0.7110257199556698,1.8997505838893582,-0.16589060892463742,0.3378956889152656,-0.5067771499243365,-0.7274282586886851,0.30549507672031423,-0.563783228576571,2.1387116797306565,0.3128456743410245,-2.004422819454113,-1.7230957112835856,1.2730593483568726,1.0595541237575858,-0.7873325624804317,-1.1109643644407103,-0.38058224259801626,0.0
-2.3564280869373673,1.015649097544427,1.3977504857312828,0.46999901175622333,-1.107699264956423,1.1797495406202771,-1.3592361642551836,-1.4553628186897605,-0.5222557976691267,1.1423048838424041,2.25221827471261,0.4269781637645198,0.9551698301021093,-0.22520413612114865,0.2575506996889637,0.9554455100060208,-1.2076769695991891,0.28613769279351703,-0.22584393660479415,0.3186182939949934,0.0
-0.7919968382829674,0.2998865420599268,1.0164196281588675,1.0163197499447694,-1.0195614514326667,-0.2716321191257842,0.345704249752027,-0.8014735734392886,1.0272140608533247,0.12298572807714409,-1.6627987359372862,-1.6376910082118923,-0.6409649618862905,1.8059555765076154,-0.6331266729916363,-0.6541589167168044,-0.5537401172565265,-0.6915434328160042,1.058665865823006,-1.2623998703231312,0.0
1.468126660082972,-1.5906478662754446,0.11438441142272113,-0.091947258218797,0.5337025996252303,0.16322638492606775,0.2074789877796114,-0.3240005879997642,0.6883390968962734,-0.7993184439920764,-0.09677236972476087,0.260289399399165,-0.693990046397643,-0.363581395904855,-1.4571384042814786,-0.7061025415513584,-2.1796671932904457,-1.531614537710435,0.44620284416771266,-1.3705296649284444,0.0
1.9711293461024575,-0.5933812381704738,0.8579737261842939,-0.49117786271401415,-1.912468677672837,0.4033108144177168,-0.6641377912583676,-0.7403007139460963,1.3138905053598902,0.42915848116872257,0.4192005103848607,-0.006812014554084491,-1.008684446213026,-0.9608184290558294,0.1544876231433816,-0.15882313929085193,-0.9088367721129943,-2.4239314558603184,-0.19479608820066646,0.4084821194192525,0.0
1.1300873576869048,-0.7700055463899487,-0.576132044601488,-0.6281161599162315,1.5616576143338472,1.4433610272079869,0.9119151633802506,-0.8029068881972624,0.7403649895129041,0.08800535609351956,-1.375936254662046,-0.6153494909595324,0.230199382570025,-2.119722808224781,0.752480926982695,1.315028090739915,1.57328761161513,-0.045539580973799496,-1.0786058342927165,-0.8376091707254758,0.0
-1.5707699474187125,-3.363978874120094,-0.11173754613892314,0.8488839990643221,1.225755854430587,-0.8678886988794161,0.3157864364670048,-1.0446957700515584,-0.011362360838554367,-1.054946720326757,0.828636221479478,-1.9541544941005924,-0.14598799243741273,0.9918337147280172,-0.6757659628058109,-0.8910962716919753,1.5334914790241383,-0.2504113426327327,-0.46543868393627846,-0.017101962182412948,0.0
-0.585284287720268,-1.228754275842056,-0.1753207304048707,-0.43689340275826427,-1.361014692530733,-0.27045814341029556,0.06628682960358025,1.5513457994650806,-0.20459753542795497,0.3923291004530767,-0.4434356594751466,2.5215275755005675,2.071484646340786,0.1286808225877039,-0.33854429036879724,0.0075225764022522415,1.5099879798651756,-0.9228449754131474,-0.17238727170623547,0.1971629120915436,0.0
0.052817074084521964,-1.0562350775010139,1.6620708103845847,0.179442547157368,-0.6167828908441189,-1.001443715460446,0.5643273875788841,-1.1613422111757241,1.401747665775222,0.4203093024106688,-1.1169502054307863,-0.6484519918319522,0.12585194548895445,0.5101915411082967,-0.09843995430794039,0.16046229181141491,0.2991150632661794,0.27826866587839066,0.274704743089583,-0.8289251642874887,0.0
0.18709586363881942,0.8295439459290918,-1.6307167075006412,0.5660510009176042,0.13278704395207844,0.5347029795682061,0.8481160751035332,0.047639838666175875,-1.7048666371927685,0.25072979625429803,-0.027304761472155274,-0.08703414855983846,-0.5626394184415006,-1.7086633794881179,-0.14334485246246295,-0.7357805664579881,0.5528187887945888,1.2366795783686733,-1.122356208571852,0.4224724646795351,0.0
0.8003015957339468,-1.2709687470632256,-0.3277253866078934,-0.17618720141398175,-1.050983108940108,-1.035642277599182,-0.8328876891133434,0.323065671082372,0.49096067207131955,0.7845081063090563,0.588763012816495,0.2017715801050988,-1.426687013430245,-0.3803192618964212,-0.43232766102699327,1.124907769392711,-0.9725010433273014,-0.053914461123435564,-0.07988527253383451,-0.37446540907823,0.0
-1.1163069469045566,2.51200536002543,0.1148074004857475,-1.0182059065502254,-0.7771050814323605,-0.40407581641805024,1.5346519695179737,0.5408483268766962,0.2764846378483467,0.39209894699141956,0.7071021459494318,0.6979589630467818,0.9179839579029195,-1.916661485303912,1.1706141939906463,-0.7663092573306235,0.13332972935879117,0.674953295942379,1.0458954384693788,-0.9037781219745745,0.0
-1.4441389871081352,-0.45107274837447403,-1.1598559105457051,-1.1453013879111198,-1.3819689672387125,0.4260751591608119,0.6620621549365524,2.047739807399773,-0.3780190549439598,3.0302027353714194,-0.8435231324052888,0.42154793252299994,-0.4193283478738898,0.3463603820542812,0.9158739259269835,0.3633232670135107,0.8490913217181855,-1.176431232200367,0.05406445699349179,-0.15358422782567402,0.0
-0.40226568367553844,-2.551189359980599,0.37656169958506885,2.276737267557191,0.5441739082365699,0.9788744720537137,0.8414501734931825,0.8216834678394994,-0.24969507476677702,-0.3185968326776859,-0.7022567010521045,-0.021376885966551126,0.8068902577899812,0.15529285327690368,-0.5641001423106883,-0.781613350564253,-1.4986544575170524,-0.5172421287542355,0.7237055611922918,-0.6335727921218858,0.0
0.20212134991789005,-0.03797851554036244,-1.0211910634921417,0.1585106246198612,0.6969105180594694,-1.167020015943027,0.5172866636187442,1.4625093157795315,-0.5553225232045435,1.0652983517586436,-1.280383393598785,0.28207194408323993,1.341009441090912,0.0980123745785756,0.8332598163607651,0.5975379013116905,-1.4299953606636098,-1.5997233374852988,-0.9357371501783436,-0.2471048244970655,0.0
-0.09660281058358673,-0.12949206763622131,-1.0801072433323884,0.612714513089329,0.00450914364692829,-0.2666207962235088,0.5224781553409928,-0.2922451804984979,1.198322437297801,-0.1364052074971945,0.7017820699617557,-1.74862986844799,0.7196789000804422,0.626219807400554,-0.6419352108932053,0.3209191055615452,0.7395291000926046,-1.87061440234944,0.3368901500865444,-0.6838858897617031,0.0
0.11978728334079858,-0.3543418533576947,0.0011576285701568225,0.4258703023772153,-1.3705718882770228,3.007355141469624,-0.1575711198899376,-0.6860615703640357,-0.8174559478131965,0.17803259638377078,-0.1890774208852801,0.5749730030860536,0.7810955590709643,-0.696443724325858,0.5824770696190509,0.1854288530062607,1.5597102862246932,0.03845109889643446,0.9090315027299446,0.9714921672655178,0.0
-0.44385092554223393,-1.767933026396456,0.07527488402577488,-1.1903559836367907,-1.2878417343467288,0.43894964162719496,-0.12354371881426347,0.8712077774375149,-0.35389759334587173,-1.0896515920334795,0.3953572884273735,0.356036139961697,0.7803860723758717,0.506582347144208,-0.3972865967575108,-0.7191052696917625,-2.2517183600272133,-0.2751631119920752,0.5916776541303375,-0.32569736377592345,0.0
-0.07029815740382445,-0.3990016308419514,0.004998230846732239,0.25765233284974615,-0.3663502755242094,-0.17219801010932004,0.44063960078412845,0.6661353983228292,-0.029148325418894772,-0.5030616822824653,-0.8143745379483435,-0.18981878196949398,0.2301918122951371,2.6618818015519197,-0.03263092536927962,-1.6940749699542597,-0.07490838034345733,0.640164835694544,-0.12331845267703194,1.4168585054559548,0.0
-0.4708758929487403,0.07151861433968965,0.060565555127478896,-0.5806706237476321,-2.2592246486834457,0.08807642677831197,-1.2854583100651318,-0.2692769567321902,0.7839422622010039,0.19843411265367866,0.29737005741696837,0.16843377512869173,0.45052207274558237,0.43079260876643394,0.5053285950767981,-0.4646876207831861,0.4607328818234341,0.015438301491019794,0.8378346979033904,1.184723528794822,0.0
-1.022883955054605,1.5240315191843063,-0.2239079514616868,1.4785162136841898,0.44547254945809067,1.0479891166040265,-0.003038346346014616,0.7352519628964029,-1.9051393627520579,-0.019483902490759774,-0.1668025634456217,1.074570836781159,-0.8647474896082084,-1.0646458642040744,-0.6213770057065021,0.6831883532355829,0.5016316913268304,-0.7014508532652333,-0.10492356881628319,-0.6013869327312992,0.0
0.8622754789454808,-0.7311580842731411,1.2561395620346616,-0.002727457896289305,1.9086051852002335,-0.7941492121829161,-0.27901601647893826,-1.6502152993462678,-0.7464545900162755,-1.4949268115808398,2.9112075738467897,-1.2639982249895236,-1.3527805199828327,-0.08919366199226186,-0.8927578667573915,2.120547330626029,0.6296865807129438,-0.5379785968994538,-0.23776263323450292,-1.8425116419668197,0.0
-1.7888864614438584,-0.8938235900851357,-0.5325899231826571,0.5957192454707955,-0.20412812771352312,-0.4929282639937111,0.5070820491108193,-0.7080637278937407,1.584782796352971,1.5791776941186135,-0.8322190183204435,-1.8450063818205407,-0.05916405371411223,0.8701371233991896,-0.3757619126058509,-0.47793991861280094,0.5210312276371157,0.1266067026333565,-1.1104324719108645,-0.3617646883856258,0.0
-2.1221706210548246,0.4807577237632503,0.1298556451166543,2.1389969611133286,-2.2428576684156627,0.6774695909832882,0.4379573183760361,-0.4767255160497546,1.4842673217619082,0.4618233121124316,-2.025665892734421,0.8307922948538721,0.2726660260151325,-0.6459366312804474,-0.08266579371259584,1.464217263091048,-0.7501979525639172,-2.3217690669871596,-1.1648961184085098,-0.99751785762583,0.0
0.08745512191131681,-0.22127146694369682,-0.45203050488642205,1.1630744143975988,-1.6960674504741655,0.3936946788212081,1.3194276738958488,-1.0250330038811306,0.2026603450776186,-0.5693640465460759,-1.7536425278835066,0.21566044180304264,0.915868910097542,0.10048985124871397,-0.13843784273995494,-0.29646875823509317,0.1765018472577055,0.5419479567588084,0.9106319479936963,-0.2823229155015188,0.0
0.7576615327199889,-0.8055345692456047,-1.701998294841143,-0.15452647733608899,0.6932747713962386,-0.15771236599285507,0.9601036421673074,-1.3363286957557778,0.5220241779962201,1.3219678009341356,0.8712593005578367,1.1105260494138287,-0.8490423343881045,-0.04810430853928581,0.2861918437662736,1.1456218334443296,-0.983614473258293,-0.9094215990721011,1.2540193929425494,0.485263510802599,0.0
0.9980327603265726,0.9287252249529122,-0.8718689988098628,1.210126953212649,-0.1561874623962342,-0.16674634268917735,-1.6741574452006474,0.33043359688201035,-2.3721822254456786,0.24549028215730936,1.7483090274788649,1.8609185905047072,-0.3228598865019197,-1.5891994746721216,0.10192777846994311,0.29388068167991177,1.2795673914240033,-0.20094895461360757,0.08235968977695389,0.9901909081720665,0.0
1.7338232020283393,-0.5318561556870611,-1.0635084359428,0.388023695997966,1.2227607936349139,0.8906845083039012,-0.6480755983164684,0.3929553468561226,0.7127673646872797,-1.2220721825725873,-0.15691308836179105,0.858884723768951,-0.28283011380725237,-1.2360210431090526,-0.31895797626293376,0.4560186113818333,0.6895425277659857,0.20970750049081846,0.37917370012127,0.9529334301779246,0.0
-0.4645451514096612,-0.20085682345866945,0.5681834344184433,-0.21312905455590841,0.08187266803249778,0.6322023197026206,-1.105971676005531,1.6463133075435754,-1.5601676450933448,-0.1726556513055861,-0.042563173676242815,0.4264350038795327,1.3758259891036277,0.3323269935845714,-0.05553693604324332,-1.9760868827240317,2.6995021049089103,-0.40607154545169266,-0.4418120827884722,1.3044292717728065,0.0
-0.13288520732808995,1.1259864176042211,-0.9809668141830427,-0.6057173036326204,1.2307741694222045,-0.33539558706405415,2.6915612482666615,-0.8072273899561875,0.5628240421549787,0.6960436007887192,0.5333092575512695,-0.35546105839854936,0.09645777217133425,-1.5425386924317714,0.6608778285789636,0.3317660290935479,-0.5730456719779276,0.34201809116917753,0.3676466123900061,-0.09622846242908513,0.0
-0.12529698124150584,-1.7974047178740375,-0.9235948804999137,-0.030691261836356874,-0.29346229095730586,-1.0538414083564553,0.3777767258303046,-1.7288352258749895,1.3315827304435857,0.2459292520582635,-0.8840167696093183,0.8594901543755007,-1.2555741978717554,0.19497797575809067,0.36183331200281155,1.176466290244244,-0.47874928782760795,-0.41570490662232357,0.34475560906829833,-0.4165186074655663,0.0
-0.8464055777225195,0.9703748182360893,0.022704311099236325,0.413515799579335,0.21042136122382465,1.3892096232646947,0.13737995657564953,-0.22524029246725777,-1.251423644939404,0.6243424405609317,-0.6717445364668647,-0.40420960833615155,-0.35501101466952295,-0.8658661779838324,-0.3921509200265908,0.14072937319362525,0.20486534505601303,-0.13875346745915884,0.4741565949978128,0.10993932547662325,0.0
-0.5704682680189347,1.2896404269095207,-1.4339459030245625,-0.17008572197772634,-0.08823824680528033,0.11946063351318459,1.0024425614526569,1.1978660114373818,-1.5613292389051334,1.20565432113201,0.06850425408444667,-1.9180367361684152,-0.7011881596177145,0.010301377857341466,-0.5387326744945065,0.6228645170515368,-0.4043172515360029,1.3740234629619603,-0.8712817190131076,-0.6019717511029573,0.0
1.5536306296117384,0.3714750098622119,-0.5718849749807445,1.5954469701450298,-0.08290535424497292,-1.167319633135327,0.7338959764702904,-2.4779335302607586,0.2526920833762078,0.21807353470451424,-0.5668736421089979,-1.2761654235875657,-0.9517740417329855,2.5135439954872454,-1.698112070897403,-0.04668134241261493,0.23163201782013385,0.4161016525854584,1.6870328151877207,-2.220768606499979,0.0
-0.3872099057923671,-1.9189484677905717,1.7915554418947688,0.9512275907356806,-0.035291443828177387,1.2950293312345542,1.347014702493207,-1.0355660969650735,1.367558381209915,-0.2463653304819096,-1.10237833688413,1.278585304916196,1.0183549640851532,-1.1920100306287993,0.34758387249162154,1.994768501647737,-0.23518520603422757,-0.21829384560864482,1.1560314467407296,-0.7438231287585393,0.0
0.008425166572090179,-0.2955980636200553,0.9220076133557373,1.9358980031089597,0.6493970191863423,-0.16540994956236513,-0.7927561384783105,-0.6735767106385411,-0.2994415240518225,-1.8191163725606092,0.17158392037664885,1.7791466609331417,-1.0131755891280485,0.3145129692507158,-0.6511490861119918,0.48708008221700094,2.203658866233259,-0.8285621649039978,1.2442507799344904,-0.6113055387148904,0.0
-1.6775456105609525,-0.39884759848422935,-0.34887561938385575,0.2670588089692501,1.7991224876684049,-0.9329919059391969,0.26326064198555243,0.2801003781991277,0.6249829563543862,-1.4714969074948943,1.7963714161259496,0.42301574808170245,-0.13145003611476827,0.7374626122529037,0.05012627963275747,0.053478741350688815,0.5921742105226024,-0.29713865429295205,0.04586438506414249,1.4569705142267058,0.0
0.5596435909013739,-1.3957994919480636,-1.8264504637685945,1.8063423670506729,-1.2588446604206323,-0.641774672326898,-0.3555121238284602,0.17696444214249094,0.025002258229264555,1.3312040845252966,0.1115135273731371,-1.336584935017165,-0.28524514431475,0.5732224043513262,-1.522864130813555,-1.6898884021024956,0.9590980237391955,-1.1965571006715012,-0.22198520059612503,2.60228444431976,0.0
0.9514400404429422,-0.12328195350222783,0.6761921492518019,-2.041446270101755,-1.5723312076939227,1.0312985488365372,-0.2919326201598044,0.6049229116580618,1.1875648987506005,1.6464935921964277,1.328716376806119,-1.7579405696439627,0.697216279489083,-1.1746546001913962,-0.8432182392081481,-0.3770878200885201,-0.2571704764881119,0.2848094738658513,0.9054521139569328,-0.9068355594592561,0.0
2.482540225742789,-0.12198496660407433,-1.0744924469768773,-0.14191774196044513,1.765525948914076,0.8930684688626143,-1.5947639383175911,2.3000066923218747,0.4785036028580834,-0.8604606642524398,-1.0723149435985115,-1.18534067515214,1.8449260942336925,-0.6275734831170817,-0.14824967108863166,-0.20295738623887183,-0.4135500452117004,-0.8968186788346095,-0.09213736310468575,0.6736967774526433,0.0
-0.5202264819589608,-0.2082095087043111,2.693102860065186,0.17354538677643555,2.634648727588574,0.31972947534386165,2.344929009525949,0.5976930216665156,-0.3630398056314464,-0.1817912494823091,-0.9178513996575547,-1.5858450092149237,0.6439873537559495,0.6077835019549565,1.4960050181186066,0.6491699455347649,-0.3996053324109363,1.0201139817399145,-0.34470161285062095,0.7960186663303864,0.0
-0.13449300494323144,0.9457571732114561,-1.6680170694201746,0.006679491830532249,0.11844897877355601,-0.37380096768076937,0.7324505787069876,-0.7007386335177194,-0.3904041273618556,0.08650494047334127,1.0794392017005907,0.38884086552389,0.40872088428741016,-0.6990644381921426,-0.4536446562863684,1.0361876516619541,-1.630391863001898,1.3172223207228781,0.930144959320921,1.2518355979751392,0.0
1.5012426292611798,0.4057029675530117,0.1838228419532808,1.3260228814043704,0.59068525111034,1.7828487684151113,1.424835327055306,-1.3607859055946516,-0.594182664263743,-0.3993145543191212,1.0309704323170041,-0.3171445654443596,0.31774132073543815,-2.0362666455940084,-0.2666737508397232,2.663917822578242,1.6343239762405901,-0.4771534292614616,0.9670466021381857,-0.4425622357644549,0.0
1.280567377752826,0.768504041944322,-0.992393108212544,-0.32274962860060247,-0.6072646868680174,-0.7710434563982879,0.13604586519343537,1.222578157224887,-0.6834023039850753,0.5869751184466901,0.4770254257996687,0.3348683187717262,-0.46821827777566,1.5457289387089534,-2.3579490718379787,1.1729546800518145,-1.0616568995009141,1.5950998285583524,0.2275417068704564,0.4754247033799853,0.0
1.4654043600650075,-0.9394451787983702,0.09471619678797616,-0.006106603680537065,-0.05790739186395925,-1.0607768982952155,-0.7618858095204611,1.064193097806299,-0.9138069038157859,-0.8358188530787054,0.383977626048447,-0.48964200902068916,-0.9038738211710667,-0.5904604757054973,0.7782910177293701,0.712485139197545,0.2182904464731756,-0.011351200274209801,-1.6866668652202659,1.0903948942225088,0.0
-0.4562771376141098,0.9396641881138973,1.1021832313702085,0.3223571876803824,0.596695433181202,1.2054189079748243,0.10560806662683918,-0.9405955857925884,-1.5359225388603923,0.09860999463029813,-0.27008440797554584,-1.2792364815122115,0.4331957766844551,0.08634344397381705,0.505088889106054,0.47978757117896925,0.4102583908685676,0.018822171099705805,-0.12077458695344764,1.1522940696850656,0.0
-0.1584981401221529,0.2953085720961955,1.395065655897892,0.5096486445423194,1.7906393218915495,1.1906472820499494,0.012047789346842011,-0.03407610598727901,-1.2803006023882029,0.5713825537024659,1.1719079361080489,0.9380277573025569,0.5337129755076763,0.5430573456458507,-0.12552222560926796,-0.9810363642055021,0.3786351239504538,-1.5647985962474096,0.6949359606378137,-1.066495839196867,0.0
0.6880640055349699,-0.48122765634695125,-0.21706986646506476,-0.5114093705502729,0.6628187268652416,0.4135147764674979,-1.1811674663940663,1.3316355150244077,0.9590663181359108,1.2073256206193508,1.1737284516300446,1.1573812783640147,-0.58169583953854,1.5981209101784597,-2.072551041454587,-0.10525503929882152,0.6524876168833901,-0.08633179941686567,-0.009945880800669035,1.1884021019854596,0.0
-1.7683142539340029,1.7084395518290818,-0.8870226938656333,-0.8801504750721527,0.2737641718793469,-0.42459752005665063,1.543922961674303,-0.18749847426822436,0.013625904080802448,0.5015618744238802,0.8974740210739983,1.1746678918642715,-0.2921961972260243,1.6727143426810154,0.6483358121804631,-0.5013278490000141,-1.2463763352534074,0.2000900075320218,-0.6698301879359081,-0.979268938521514,0.0
1.3179542927361871,-0.6066610711475791,1.4796576613357224,-0.23057478185583655,1.3801010299353087,-0.31225145095480755,-1.5001142359214974,-1.5061940619438607,-0.40354286301682585,0.7696446187868871,-0.3330475014821848,1.1672413938614348,0.22096298812112994,0.07067366018195395,1.202632301300603,-1.701131588302491,-1.112320850713262,1.9606622407082368,-1.049078683318438,-0.2215775616195004,0.0
0.865675251105191,1.2955129965903678,0.18719625548953195,1.1960188093888637,1.3070911595610117,-0.37529499918019155,0.6003103418585228,0.9128320385235053,-0.318420964857469,-0.3158533023344413,-0.9078469070238463,1.5735918739404582,-0.8971365543154411,-0.11617557829725442,0.1694952126683504,0.7488234856836666,-0.7143082475040456,-0.490106779170846,-0.8018747690792086,0.8969559872918339,0.0
1.2562455954057994,-0.24387840281197004,2.401800258186739,1.4989465343795383,0.07776934696805088,0.1446714733972347,-1.879073246172259,0.620751374933151,0.773652579506328,-0.40206867903188037,0.5230095858757894,-0.6392193874081619,-0.14476116312916984,-0.8003139263817456,0.2592230144190308,0.36224859783453306,0.4057192289698643,-1.4058890150185874,-0.4519767483114374,-2.4305354232835903,0.0
0.45531335176672133,1.2992679953872122,0.055010789312124664,1.1506430232302456,-0.250527673469277,0.20760464886405436,-0.1380814304468257,-1.1208501831114668,0.5305118845777117,-0.28585150438781354,0.7862880786858428,-0.6412379581208285,-2.2632808789149172,0.6361934959230656,-0.26195265706671306,0.22823508826413227,0.6204701779118131,0.6126116393346306,2.451039410206054,0.9242149280095272,0.0
-1.34027600973001,-0.4655023358861222,-0.3018904881036915,-0.3187653836254377,1.2876718577961137,-1.4789467156540255,-1.0834089178497377,2.636437274132659,-0.7872337977992511,-0.7553152628522442,-1.289060626746159,0.38102628628330165,0.9736560336306225,1.2505100011342944,1.1925561728332503,-0.43785032005566765,-0.40563304527682514,1.130389667071019,-0.8449837408825321,-1.6586087884692873,0.0
-0.09050910103353228,0.33162573446753474,-0.4729525463964299,1.9932164189258263,0.6367319069448812,-1.0096523656982261,-0.7660971351020239,-0.5453844264567101,-0.1845620162715152,0.18861065788285764,-0.6728511792355175,1.7620950922837695,0.880018309524471,0.9351688098455554,1.0263421721456898,0.021143585533034352,0.7955091165542278,-1.2817746577724385,-1.1709226265233137,-0.20703519111393187,0.0
1.0577016504350292,-0.8510837067252799,-0.6375279885132525,1.088547029441907,-0.17226446459893074,0.4683303981497421,-0.5952873129748618,1.3466145567960157,-0.4103976046102973,0.8807751597427584,-0.1392076388217378,-1.055796823132085,1.866022693153905,-0.6221974626576346,-1.3393267117392504,-0.15013318342662202,-2.1036630117906325,-0.5328955915942454,-1.1066208150813912,0.3718641705919619,0.0
1.2457857499264267,0.4719109613223692,-1.7718306344233243,-0.9922268446617778,0.1254917128638792,-0.09421582513542456,-0.7000818337519278,3.4027873912534563,1.4430480054625243,0.9982558950238499,-0.22081083707273413,-0.0005418426722041576,0.1627769720217528,-1.9734421403576754,0.7398147717101566,0.4122828793219563,0.5302285622815761,0.31541169767522753,0.2246224651421044,-0.06842904023755575,0.0
2.087452762298104,0.794244616916663,-1.886060928212868,-1.0550371326162409,0.733149935413196,-0.5718038585253499,-1.1786708850217325,-0.35787316391772733,-0.07083256653385371,-0.649185426198249,0.47272786887715834,-0.5694567838825269,0.7934043499911178,1.2412468813329527,0.09952137981386068,0.8279818966337676,-0.9340376665478676,0.397520217084914,0.45556572789089933,-0.0959402862736819,0.0
-0.42538570027684,-0.030495525286241602,-0.8053410359864487,-0.3585901677929076,-0.44761894588261053,0.4189610071336509,-1.2650775074802187,-1.3753848333841971,-0.4514148271036252,0.30765068540245966,0.388726456163847,-0.4996973946514938,-0.8464899153917994,-0.5897517293500661,-0.21033891781671737,-0.6037221072955202,-1.347557208461271,0.29840120145942434,-0.4252001485892928,-0.3996071696706922,0.0
0.06545727920200106,-0.8883085422962848,0.28038676733816825,-1.1648613808742851,-0.5880700532727245,0.9679966143156528,-1.2353832045105764,-0.7018702006728028,0.6736927673098436,1.53466866124013,-0.12383697354212968,0.7837241236516709,-1.0324993631621906,1.1109317863077777,0.5481991350226552,0.5299156615463383,0.6280455491661364,0.39207065025168353,0.8811126683795399,-0.4050311106798173,0.0
-0.39199908536600503,-0.5938023047211399,-1.4234363196845978,1.6216358035581273,1.2721282085018017,0.8501079656228016,-0.857897580344107,0.1027786157937807,-0.07385404618419343,-0.6927201741050742,0.06429037410132746,-0.17274564260836742,-1.4045571274991524,1.4491772030835164,-0.6089698179271215,-0.10370540889940953,1.152493217864739,0.4640329587024743,0.11842464945401936,1.536488890907789,0.0
-0.7485545998104242,1.3278964146581111,-0.24147740399491277,-1.4653795717248173,-0.2676871056396038,2.080484608037735,0.2560770913257246,0.2980167423064451,-1.0029919452256097,-1.8059324153739107,0.2780250243181431,-0.22991212721814516,0.002902618318990047,-0.5314183784233485,-1.482565968493966,1.519178529045128,-0.8652894085620635,-0.3016020675685014,-0.9756707105122784,1.2554889161377356,0.0
1.0855056322232481,0.17226301382467868,-0.6073977947996939,0.35636909939834766,1.4322502603915817,-0.0746463264748365,2.088859576595681,-1.5165746913239613,-0.9044785562120126,0.17779285254410196,0.5662087074254691,0.5288191049078338,-0.7264574149539218,0.38769546040571234,1.1720792302491898,0.6796805631444218,-1.0376170405578322,-0.028290218392097458,0.13912527396169316,0.7845455233091391,0.0
1.3204572532021686,-1.066381551579626,1.1961018635195486,-0.7605299517851093,-0.1886442712173277,-0.5697280103981809,-0.8292117327696638,-1.7788174369883143,-1.3860473843785106,1.2357939818883237,0.8622187952601603,0.2685931801347111,-0.15859624197738803,0.15045691469470443,-2.146607365467538,0.5248107183877311,-1.2892845351166717,-0.9243979032208254,1.4704954191595903,-0.0055030046560678595,0.0
-0.30889869578664625,-1.7411190529085216,-0.007495334858352044,-0.2107608612081106,-1.3754413505360978,0.08737130262538874,-0.4999351896852937,0.5682820558252305,0.8809768209137324,0.24413745449773394,0.6131467191058175,0.44934347090285914,-0.08959529610826006,-0.8258008566693125,-0.0964777133356703,0.6034831083186325,-0.8756557419017722,-0.5329901049347472,-0.15522547389124758,0.5428354019234186,0.0
0.43646100777372865,-0.897716462777917,0.06528673105751821,-0.861672029212563,-0.9164808723731502,0.43388814282989013,0.5357521467313813,1.3473606647991976,1.4437496688240186,-0.07011857216555673,0.5501154367771297,-2.9729346636967597,-1.6997511868591306,0.8972130876625192,0.6882202468188543,0.46583506921561024,-0.020872109699189175,1.1083507877254335,1.0206892570058792,1.5269206649319367,0.0
-0.14395803425117054,0.4827234166819978,0.9456474471510525,1.1331145266787985,1.6938071478053436,-0.9792614920335857,-1.0695703017800189,-1.7241619852529666,0.16766368448310215,0.2966141642205365,-0.23181946232362322,0.8207352315394685,-0.552171326618243,-0.8310939630218303,-0.5036997861909577,-0.43917259448973445,-1.3431120681369455,-1.928257725962446,-1.2181423203824784,-0.8366655547030276,0.0
0.19656932933797322,-0.004086025770154145,-0.5166236808328485,0.26344308761520707,-0.7088220395865243,0.22182065691510444,0.780418156573641,-0.38577709710637514,-0.25301287668623906,-0.4551389520287568,1.0585167345993332,-0.45595491583968173,-1.0715448669793113,-0.31985691164589464,-0.07215350570574122,-1.9837113394068493,-1.046444132899363,0.4504468509695625,0.5811835229150257,-0.8121751060437534,0.0
0.022880810746443183,-0.3875807463411844,-1.1377955092665188,0.23612110876315698,0.3318187236078854,-0.22645557942930036,-0.544329262619071,0.8859896457481652,-0.1304742948374106,-0.5463412233585362,0.17649813428775787,-0.39069085824861305,-0.8716421169544594,-0.6423770238827575,-0.14742446337769458,-0.2947517412777517,-0.3305515699554724,0.28591230569032655,0.9427159336823013,-0.5478755827619708,0.0
-1.1129163899791372,0.4108252131287892,-1.041977208217828,-0.7347133053123723,0.6004146075248024,-1.9643247782654152,-1.894075078405766,-1.4469012923783504,0.8507832936326606,2.6356364257466027,-0.06104493972178064,1.7664928404115667,-0.23347967074344797,1.60390040460773,0.40210750401312956,-0.5289915323774836,-1.4207435344741357,-2.5663499107240657,-1.1017966311305358,1.3317582330705457,0.0
0.13390644493202847,-1.7509572724962663,-0.05827242896349326,1.6667880873218708,-1.7075769477613643,-0.06384023791749076,1.2015803697041767,-0.9615729080738584,-1.3672449253844992,0.41137200482979036,-0.2748484678514094,1.1291602475425062,-0.6883665260959098,0.42830126685706255,-0.34126292921436435,-0.9952813017525287,-2.318287233222413,0.29807101871721325,-0.06806758861182076,0.4566479919411878,0.0
0.3033812411219559,-1.009931614606353,-0.11110115255896717,-0.08465245892412085,-2.8362843649187286,2.330120090862672,0.1738626627030518,0.025246815916619533,-0.5542135495988003,-0.04222072372213406,1.6461583074837947,1.46684528017317,1.3816103342823236,0.5490007891449997,1.8480783002818257,2.1117672800419944,-2.03504954369331,-0.41415227736074467,1.2310317029265263,-0.5802480344153088,0.0
-1.11129716578317,-0.35083867933888124,-0.20852158422257244,0.3254208738484774,-0.5945380173634013,-0.02308255139740721,0.8590458470413901,-1.0171865672745724,0.8023878308018989,-1.2207306759826182,-1.0303759253937075,-0.20979864120139247,1.3491234464776185,-0.4323049650709976,-1.196193060452266,-0.11871746791162971,0.4236200898883857,0.10169278149882909,1.2026164265694097,2.9326322420533497,0.0
0.5956206616694464,0.08077390822042001,0.8549339357864282,-0.1317515718069882,0.8972864517012615,-0.6995999263238393,-0.9487176013532591,-1.7601154157622028,1.2902864256552162,0.1927806373298825,0.8386076691908918,-0.8873793028016962,1.1668373103323426,-0.8489914775414712,-0.2839039441527433,-1.8768192694608803,0.34584229412229517,-0.8539309268144857,-0.4293245404552109,-0.7208953319958946,0.0
-0.5003650818853038,0.8105502602863045,1.0772777142809813,-0.7050803723133564,-1.4684290451523543,1.4495148873518058,0.6031240669442727,-0.2561012701644253,1.5970562631298504,-0.3393459162243791,0.5295509194487117,0.5944688495375411,-1.0753853840892114,-1.1836507839973496,-0.8717941609752159,-0.12752710536033957,-0.7406884213703279,1.3713281533945807,-0.6031582245852316,-0.1408308693294445,0.0
0.9390547356728272,0.2294461665232349,-0.17874693478825224,-0.14878925719930663,-0.32131168080626293,1.535445444646466,-1.0811172306853574,1.5946538262610803,0.47725462674279895,-1.0195888566831064,-1.6920685126850492,-0.03248246146543695,-1.3566639026613796,0.19567302980747125,0.17997691765229826,-1.247656725242312,-0.24457284204586183,-1.0288866099685718,-0.7810481065519606,-0.8675079811852854,0.0
0.7665269082682895,1.280450685348906,-0.6270501580360504,0.7525026178187311,-0.6952118858240105,0.060748804910228174,-1.1756305326190049,-0.37696169033437166,2.289726427519673,-0.354266779478604,1.185326621655266,-1.417967306405554,-0.9658681706357833,-1.7854279817475607,-0.7219625542444726,0.7528661863947858,-1.203699514439773,-1.1026631006486887,1.088513371891888,0.9310993914231038,0.0
0.7769493696750746,-0.4878121515428334,-0.009227116937546336,-0.7314547385082507,-0.8678496821732452,-1.6941961053432915,-1.1456836351571262,0.8525620511987023,-0.3790115467506928,-1.3061105159995667,-1.5041951409919643,-0.6731661612831258,-0.5211757428771876,0.29628239375512705,-0.23323719012106184,-0.5314507867458061,0.5707011801982133,-0.8186359142109855,-1.4138325217722485,-1.7332719652403794,0.0
-1.520777948491184,0.348083272885884,0.4984834593983259,-0.902372690952785,-0.8131612357152584,-0.3113001233191495,0.8486357722149324,0.31279572898969105,-0.8405408382233942,-0.15011086042442334,-0.2483992777913975,0.40943367933152486,-1.3273367176918875,-0.9762787691342487,-0.30853360925036777,0.26365140301781465,0.2669978136462692,-0.9109111690048344,0.0023161828538639925,-0.15424134046166796,0.0
0.04520585806716237,0.48374006618264376,-0.10376323180516406,0.864411402165609,-0.853858944419066,0.1494375974230707,0.27604806631882395,0.2547327604127695,-0.6550399410123183,0.8220570570620763,-0.6834113550207438,-0.7619090912616905,2.4747016222062457,1.0121746772486235,-1.1226338315082285,0.9507111288926049,-0.7216761545598466,-0.11446715591398772,-1.4234690767190747,0.6434308393818148,0.0
-0.3328288739620921,-0.4598217990016964,-0.7059684510070698,-0.8929270568945552,-2.680398474399584,-0.8963708934963003,0.7981181079883112,-0.5400322907732917,1.4580515641866045,-2.5368872526312716,-0.46570942882179356,-0.39469792724908914,-0.8402480482723489,0.1310581165153135,0.16284786712284352,0.581174827416285,-0.9718675999479192,0.7705780736205213,0.4890993023943296,0.6477170089458312,0.0
0.9723780189340231,-0.4663256269300714,-0.04403764539619149,-0.4943991943003814,-0.47858635870100413,1.5477046152813652,-1.0518460757694892,0.8351408773919308,-1.5126306016048188,-0.0012120690185787298,-0.20186119293658894,-1.3965960404435194,0.026012839456612473,0.270109393857552,0.35243286475476615,-0.4201115903093971,0.16868206253533652,1.7607551906053813,-0.7179540331807577,0.34069632115208026,0.0
-0.07764152470489172,0.5684533892728244,0.2754545443264359,-1.8100884575125458,1.014362517734648,0.4830176031290909,-0.46286677592128456,-1.0453956502428001,-1.0086063264404341,1.3313585050646566,0.15799792966561105,1.7118311169863998,1.209289176584642,-0.1742421860705864,0.004189983067336559,-0.8174816424004462,-0.2269126468951114,0.8172625815480562,0.13591617479915005,-1.772674173909665,0.0
0.11721576847324978,-0.040863016067878406,0.028718827771045934,-0.010125058817619815,0.07273006373307818,-0.814306294255408,0.34810661905371026,-0.11151465097531432,-0.05230473052711395,0.2668595598932502,1.4740668079286174,-0.37443190695769013,0.32361380284552194,-0.5950260701371534,-0.07814256110993412,1.1476232490526193,-0.7800100617607265,0.213525335331579,0.6954347696824675,-0.7847212613777519,0.0
0.18745319757245382,0.2913528651241869,0.9389002011675247,0.036077920924182424,-1.7479208281459444,-1.7829386378783387,-1.1675194307342995,0.05192569187507447,0.5785657189906116,-0.6043087903097873,0.3752029014396511,-0.5321487311920374,-1.6121093045301844,-1.4614360664300852,-0.03977125137886109,-0.08919866278733661,1.236345907560828,0.41985026250909746,-0.13952196619153975,-0.9620223437496002,0.0
0.6735595242996022,-0.9840915348509925,-0.8929678047181632,-1.3891288676169367,-1.0622915882522848,-1.797829180336119,0.710743074525756,-0.26838259699164174,-0.8670327653901796,-0.1115223982318273,-0.9897817719704417,-0.5238465046734205,-0.5886542476058686,0.3838711533365237,-0.11875438123596069,1.5478385012494433,-0.5315855982805068,0.6458257897147096,-0.5059255189567634,0.759899031840361,0.0
0.052446465459553435,0.19962473043634504,0.8670929496908024,-0.8199100775481772,-0.294523567584835,0.8121198332870134,1.2625552756970826,-0.6199115717400618,-1.3835299693014467,-1.5397072806861525,-1.7200902927202475,0.7996770474187643,2.2638204246232028,0.6263610103034974,0.4174679245136497,-0.20632377379945013,0.7260483806327795,-0.034232780964041434,0.45132305779729015,0.4771444254166765,0.0
-1.4037156802463793,0.01709307314476016,-0.035666551153252096,0.7580962268015943,1.0334163147837272,-0.09555856592432872,1.3567433442135277,1.996058795858471,1.7863820890540365,1.4877561976731468,2.5561081757832502,0.5582946355424228,-0.2862449739571407,0.35606403428237793,-0.4284003582370267,-0.8024066167493784,0.3892160935285599,0.06547422452092931,0.02151167508485355,-0.8419312383060015,0.0
-0.5713504352831659,0.6983018994470469,-1.994774277881476,-0.04287075966933281,-0.7820073187508402,-0.3930818672676367,0.00870117903178948,-0.3023280301838908,0.8744041560513061,-0.7012624239929065,-0.2807944335594086,0.2582286498028565,-0.5460994719031519,0.5772601507473549,-2.0247829684244807,1.1509619470157304,0.8669680912676709,-0.9416636581571867,0.17995442848061796,-0.7263985304004761,0.0
0.9201232174452237,0.09236086736938112,0.4403990886336181,0.6499321304098591,1.7095441890126566,0.014582111571335772,0.26245152717956,-0.24394996192110185,0.41489655656540236,0.5883183663150527,-1.2999832355186758,0.2164675769751088,-0.6878502553047838,1.1726183837912905,1.1342140077569096,0.523967937449055,-0.5771716251897752,0.5519869202503881,0.7097812261663906,0.6762549194365933,0.0
0.42117092918427684,0.719841411049082,0.9403961498132798,-0.6162747118781283,-2.3466160015432025,-0.1463541576140118,-0.2076627070467015,-1.3233405281162585,-0.3996969091684448,0.7738711217576444,-1.0460816138844968,-2.433368090008102,-0.8188701504055003,-0.05346365348084346,-0.9167866689448034,0.6168565463155296,0.45179125736304,-1.014666930485996,-0.6615700782015678,1.3452107606806982,0.0
1.04236472131277,-0.9620513338197427,-0.03769511010894005,0.5761672088056327,-1.3394019199116538,-2.024608315266396,-1.115563050025529,-0.31147550789982464,-0.8045247527768512,-0.9435023130964588,1.633870010991927,-1.104018443203811,-0.2400981344177037,-1.7281520197351077,1.2123362847169958,-0.5399457333238844,-0.45363960506920326,-1.6261961893164245,1.0945949765010767,0.3654601077758093,0.0
1.4138328865748084,1.6550805597995688,0.10543399881723518,-0.08188033031791697,-1.2803265086343165,-0.1686335931849564,-0.8759679901188411,-0.2568263313370029,-1.2682058047262732,0.6278734392039984,-0.3589067094833453,-1.9059909516859854,-0.10134281470989667,0.20800616597321206,0.463027259077833,0.23849546135156274,-0.7713451762447422,-0.43850423226330265,0.5537635249529557,-0.16918757806726153,0.0
-0.530891447984396,-0.46994145533245646,-0.28325652285187564,0.559401797533746,-0.16683049828386348,-0.45493253972616354,-0.29196051123188815,-0.07716307658471193,-0.009289860188886242,-0.5734977397977941,-0.7310877017100377,-0.9389086863082887,0.7013866211116359,1.611584009487273,0.030290810427021152,-0.49956690975794127,0.4640568793312256,1.324337021456803,0.0548819771656131,0.4840738646095629,0.0
-1.234729374335816,-0.18608563135713488,-0.5092653196583515,-0.3963040774222245,-0.3522341140016256,-0.7454259666399066,-0.4173533048036547,1.1530725875044614,-0.8479686693617489,0.754973886450674,1.8809984796593242,0.6645017690920795,0.027323396258904665,0.1474199524275213,0.5071272993808511,0.8979870301954471,-0.40411657537345014,-0.2460586253392709,0.4954573952863687,-0.33771696127081197,0.0
-0.8316335835812534,0.44760146797339573,-1.0630412156554503,0.0755894810964264,0.5954600654241727,0.2072050693227805,0.985559637153498,3.700783000190927,-1.4280323854148211,2.0046802910264727,0.9070414467888919,0.035329980951070206,0.3165774826562945,0.08948516228073856,1.2106596584858629,1.2300124973594744,0.1399130114056642,-2.030425508104232,1.8386738376952436,-0.46781575541438053,0.0
-1.0303422190676788,-0.6450030338362681,1.5759510041237832,-0.800283898108913,1.8673219880613061,0.7440347547250891,-1.6737356299180535,-0.257606743679888,-0.4930808514939124,0.09251422366066779,0.7930033174748586,0.18150026963309024,-1.3125128360512106,-0.8378614861119099,-2.385883639002895,-0.16331741773638261,-2.135294444516909,0.4054548810044181,0.5991887069716973,-1.0251675318953326,0.0
-0.22784454458351547,-1.6729711769399798,-1.1541469932572979,-0.7393870732154624,-1.1925503456613926,0.30745743089077987,0.47645299260429164,-0.38139455831919505,-0.5583859087169186,-1.341153554400939,-0.5486774891221801,-0.8442474981456264,-1.987894274738003,-0.6150971236353253,0.5222761052694485,-0.3154980025448572,0.358047563245135,0.06168611513798889,0.29637441367473966,-1.168007260532587,0.0
-0.28728522693508474,0.6765976210254808,-0.7579473396089561,0.13278821071766883,0.010363283126030068,-0.05769427849581177,1.0126495626022276,-0.3034937580941966,0.7104815496445551,-1.7334008296973085,-2.2906217552181465,0.5307350648048504,0.5590769003053169,-0.9855097798722421,-0.9534873208288926,-0.2421627754960111,-0.9701992848327531,0.3080276807920103,0.5923543942558125,-1.327257294795491,0.0
-0.18690409094361995,-0.10762405513211147,0.2955117536094561,-1.6052179473062362,-0.6651192756475828,-0.9249109471161873,1.2981604147872998,1.8211598613303008,-1.5466216234703192,-0.1971114233099168,0.37983786127005176,-0.5839578742373617,1.460502580293421,-0.21445089454477664,1.26772849806549,1.3600739367415993,-0.4276854727947211,-0.4175576491926183,0.2937780200107541,-0.6433191100645399,0.0
-0.3910180475130572,-0.6048814089579291,-0.4612903733304618,-0.2628228110754232,-0.36776513332332467,0.3096437270210436,0.6276857638775872,0.08907414038568028,1.477344538127274,-2.99871866969346,1.0081779390092855,1.3212896648413337,0.7209803708939583,-0.05239042593192664,0.7671096809142987,-0.27637781500495456,-0.3502233483264389,-0.6453616183161289,-0.2025789934867309,0.815941041209617,0.0
-0.8467964826271631,-2.4597289323169176,0.03192961564868409,0.21830404525453892,0.2320138314463078,-1.9086208136823495,1.1188262287667063,-0.12311722687160977,0.5581821583824187,-1.6768414573777821,-0.24293445755405524,0.3864186596248599,0.10797107221156736,-1.539720306221155,1.4439830467780197,-0.3223608219179059,-0.9258498048141952,-0.9118966073534733,-1.105475148411022,-1.390624780533751,0.0
0.9153733686776826,-0.3945392729244057,-0.7621815923777017,0.7660436910582699,-0.04751483432819518,-0.622076080785051,0.2524019531917239,0.1569552940718797,-0.3255333358682215,2.516084898752314,1.970309718369257,-0.5832253105415112,0.14768906178467048,0.5635687708195031,-0.22027378093987307,0.6300031888757404,-1.4958363311542022,0.7271378304220821,0.11358079808405165,1.5454502798580356,0.0
-0.85242837663128,-0.4227709270804678,-0.4030727279957665,-0.3227302830838733,2.9899048306343086,0.642209269762497,-0.03460476711677707,1.7778960355437685,-1.4469581048052054,0.8967185142580762,2.54221165206166,-1.9587184909677546,1.7050307762305665,0.444958874763209,0.528992335823918,-0.8665163396456556,-0.3585590026009442,1.0705326296175128,-0.4218949849633476,2.3724762666766384,0.0
-1.3827462874782128,0.6118268595546978,-1.7665180616159795,-0.14745156089014982,0.3156471033976514,0.41984974376268397,-0.6725090976888445,-0.15696805160564092,1.41366335171856,1.0381269803468907,0.31376059416249963,-0.2038867119781738,-0.13112400587149683,-0.6928022062373893,0.16053981956707652,-1.0702009569108937,1.68737572041464,0.030301609613277155,0.3967825253594132,-0.31758560725405427,0.0
-0.6821374332882609,0.0886171668694446,0.5007175180732383,0.030764899327741874,-1.1263653220801217,-1.1941147538262114,-1.4495190432561937,0.5357290474422074,1.8353072804657649,1.053075158298663,-0.00671303040776754,-0.4282014810400179,1.0825169765842635,-0.23269768031958446,-1.5736008671322366,0.48683723180764055,-0.5694388086461281,-0.7478229519737898,-1.4751016567729627,-1.2354693533466834,0.0
-0.612511349857582,-0.3903881234509464,0.9019003518296395,1.7665118777379285,1.3686667713912155,-1.1723916737868778,2.236631531394737,0.0014809867299403695,1.1462134509843558,-0.2024800299098979,1.3234105660165347,-1.111544127008507,-1.3619224852174303,0.9207204734629765,-0.027058865332369,-0.4944520814575685,0.329902293630442,-0.3267005247904049,-0.08848772315720657,-0.8005206742562156,0.0
0.9479653002125421,0.7369359365922503,-0.5792395016329825,-0.09774014800896477,0.5028536125307767,0.7540916801320873,0.7297654182681,0.33387903185481344,1.673207964845354,-0.49706907884749213,-0.6334417051590594,2.7503644931661837,-0.9698984216600107,1.726118998959942,0.5036732485992592,1.0535123226102867,0.7337181753494132,-0.012825493309630481,-0.3565506303585697,2.566271257119136,0.0
0.9709521085185862,-0.2907037813429119,-0.6678841666100357,0.5963202516628754,0.0780470035168833,-0.5002978657851026,0.05443852015986368,0.42861647007996706,1.0195734755591694,0.20115609720387384,0.39519859734495355,0.16038632217527635,0.8483896610674253,0.5945797380226394,-0.3787457948703437,1.2278586981313873,0.19817339381566043,-0.5954919359648464,0.5245261545913239,-1.0471475217236996,0.0
1.0715010758301453,1.2743508838132611,0.4438935195842407,-0.29170160677514234,-2.0348775203277563,-1.1006984921650476,0.30315312743943673,-0.054786191958471335,1.3549039927243591,-0.7672491254138578,-0.20123232357881513,-0.37896532246312975,-0.37188237120995815,-1.055347989583054,0.35663596691246496,-0.29652851051020646,0.05760809550942045,0.5337208576370971,-0.7293182739961481,0.22425021525935787,0.0
1.0804257676507463,-0.8011280537350319,1.1770808210961725,0.5642510572738916,0.5535549108737967,-0.5932578962762124,-1.0937518989024624,-0.5723612324588021,3.0817982733972307,1.944711388426721,-0.754715179106233,0.05385273851701303,0.2791579150893614,0.24953166263845084,-0.41839101021881614,1.5439123488846902,0.8506615184487542,-0.038945098516676734,0.8945094299485973,0.7552950543946195,0.0
0.23163304722788203,1.1728537495585847,0.09946731564821495,-0.6673919136896129,0.8484816905625064,0.5972214910234843,1.1100013056550513,2.359002115524113,0.021333971854874765,-0.5160894819534129,-1.0954806053387718,-0.3674643082227841,0.32340878732483413,0.4610497718457941,0.7243358788043622,2.644870296412815,0.6403491736688929,-0.8798584839119902,-0.5361921853670519,0.8429526988336054,0.0
0.7561539293205386,-0.1605934662734134,1.329254135237881,0.961228910466226,0.11597513122870425,-0.4268101582988137,0.8576131112774672,0.2155770420485817,-0.03086129610395609,-0.11018366272310945,-2.188445388952442,1.4583083037116098,0.09055732233002314,1.1620671145507917,-1.500410149860569,0.5968949387693817,-2.0942467006715098,-1.96758566233108,-0.6891988499709336,2.1926244645350765,0.0
-0.5184978836587872,-0.9114194318857498,0.04337882439888638,0.2768772536470397,-0.5554876345365487,-0.8838297699923073,-0.8177518134204743,-0.42108179180894617,-0.05218393532985316,-0.670354540214337,-1.5856699674324988,-0.2588431446866171,-0.8046922840278228,-0.1789981138142072,0.043755547838872456,-0.2601851222495975,-0.5954402533233232,0.6242801724577006,0.5047270688922634,0.7363430788244839,0.0
-0.09636196172901451,-0.039038368612516264,-0.21944401444606593,-0.3655436260759507,-1.7473174497866484,-0.19658049814944342,-0.004801902292965319,-0.09989888016304263,-0.457246747279696,1.3026257149729714,-0.3465477497248059,-0.7528424712263864,-0.6670862443213614,0.9528860557694107,-0.8831303086965012,1.13379813574205,0.8833783203746916,-0.17985436841067357,-0.6507383570633618,-0.7100549743695042,0.0
-0.6960928282223635,-0.10755397278731013,2.7769858232294626,0.7305395188035977,1.8098673032778445,0.7008682722475276,-0.8109576575125943,0.22519682675095232,1.8473546989669278,1.0028565017835425,-1.794392208296219,-1.0203115983453195,1.4959627949503118,-0.7072708866985534,-0.7922537353939859,0.3789272588947603,1.2635012763952989,1.978745305252567,1.917845269839809,1.1503643925680795,0.0
-0.7322264359987302,-0.3554260190599576,0.18765551816145232,0.6567510220950666,0.21701127054187425,0.9532419394607978,2.127239811455259,2.104687722032709,-0.6519989365959764,1.1559880597149583,-0.43168529572214076,-0.02394557520330939,-0.779768141992761,0.9664275594589151,0.5610343288719276,2.115052414253432,-1.1091500746531902,-1.4458003269972228,-0.02675536533235111,-0.3668537658397013,0.0
0.7513365684926206,-1.1419272453031424,0.3277397834980571,0.8801243579696844,2.2248683941183303,-0.9323218894052073,0.2435517598778238,0.09473427890797233,0.09522007489351782,0.3782550668514222,1.4649214168671667,0.3024008861547796,-2.289549631382261,0.12456501183156081,0.9166871540849535,-0.6601106077750437,0.6173519675773445,-1.370165208447551,0.48853205424277,-1.6657930792732745,0.0
-1.1331081668448797,0.6927938510650303,-1.8469761898836812,0.3448494335455702,0.5508952108593601,0.18883095341320974,0.6935823262376596,-0.9293578496327636,1.1279444958645233,0.4654268727788135,0.5186062882177609,0.5193110589080376,-1.5950897759852278,1.498979312066637,-0.3763850291716639,-0.699287564598274,-0.11226819353124755,1.3967214924655647,-0.9091891606870129,0.6630704729479702,0.0
-1.4992293436452513,0.29038427545909534,-0.1405850591479889,0.5574262895364219,0.791455861088984,0.5051697192268978,0.9622854140666174,-1.2605365460441622,-0.0075704418724214465,1.4166531527658301,-1.0785793809027284,0.8956447804326585,-0.11039864348317255,1.3891403319707123,-1.140161816984951,0.19078833584921934,-1.0386966311829025,0.2844745067187596,-0.9612241142155972,0.005490679045623114,0.0
-0.818435329377983,1.6500150900893027,0.5754104078915788,-0.6292410097811656,0.18434059352459767,0.4611787691044834,0.23177452188893316,-0.23699124780584055,1.0781024322580754,-0.7776698301798352,0.7497171027731677,-0.3169226458535271,-1.2387264210346414,-0.5451652067483646,1.1048015223171939,1.0771148934956876,0.16039396200093486,-0.3213824157460697,-0.6180915770150439,-0.22652788749882613,0.0
-2.1666791697962062,1.169864833264951,-0.6216925051312014,0.598595439894157,0.46579464994104963,0.4864133986725483,0.3102201099306729,0.5759560444911327,0.08580541148673944,0.8952731632858282,-0.023881260597328348,-1.4692280933397273,-0.14065481081699466,-0.3915874949805089,0.9028923967024841,-1.387491805924496,-1.3840017113643475,-0.5153692537316253,0.33357950552924703,-0.4796228706863161,0.0
1.172572967535493,-0.08988836659552238,-0.586840004486429,-0.8900215003984726,0.8633232257131762,0.32694090796343717,0.2221204147553155,2.420779065552435,-1.0171983775324642,-0.3855849287287179,-1.1533799699442602,-0.747895964514996,-0.25369023877430286,0.6289955448125691,1.1661921995079452,-0.15319706015527138,1.9913175878804932,0.5278464004375145,-0.5907141829691923,-2.409928230257953,0.0
1.5246968722821075,-0.0009316753752629934,0.15975558178257462,-1.23535399520767,-0.40402062047432985,0.7763589531502257,-1.044041550855272,-0.9087242906363387,-0.08038971873216703,0.303017338557708,0.4765863691439155,0.4576140258902148,1.5201807896339214,2.579322477223084,-1.5630259882031277,-1.0113631518649049,-0.434100694041286,-1.1303498001081411,-1.219546446984254,0.30150602679640326,0.0
0.9362018185614231,-1.2011455755936291,0.07613563051797331,-0.5683158574248791,2.9918258213323323,0.6931721311318939,-0.5227433488252166,-0.05542142065047367,0.479001086397778,-0.9305310562213962,0.9107417589887798,-0.7586791166824627,0.13186195438396572,0.10803207960793393,-2.401730323994807,0.32523374818994366,0.11508405162461106,-1.143789178593173,0.4556907294668679,-1.6532130556923077,0.0
-1.6638138424836724,0.8956558330241179,-0.30556641403081297,0.0659933760089378,-1.6041922999174514,-0.16996486431883917,1.4805624315901582,-0.028009084282688546,0.7819071778840958,0.084880811789461,1.9875378029141024,2.6081156782756842,0.04674138583473427,-0.28092325168651955,1.5507375249632391,0.6269101907369284,1.8946095993201462,0.28962503357267316,0.48789412751022915,-1.5183652144663047,0.0
-1.2051452472003241,-0.4660273957628705,-0.7850616060584461,0.45994621342950487,1.0524919522169083,-0.6242967045734743,-1.185436327978034,0.672800165080212,-0.7151699592805453,1.4195353349386084,0.9496152175909598,-0.054033107520525196,-0.2507882985126348,-0.5959834938440948,-1.5919857536504074,0.3648608934654839,0.1982719267345046,0.08877952283450032,0.6141435296754296,-0.07687282604663047,0.0
-2.283932183432088,0.580194634788379,-0.35671318113991524,0.7896123182593194,-0.5195912558782948,-0.8632764286580272,-1.718168644688888,0.20625761720017885,1.6219648742765758,-0.925017229994606,0.07598560941807107,-0.43505200188717913,-1.0710125288685515,-0.16162273885424927,-0.953451153290266,-0.0800286376733083,-1.1808583996250457,-0.6930250312142365,-0.3847701706806321,-0.6277722338132339,0.0
0.1339901244157605,0.6993618269179643,-0.3997958411923242,0.694011941358685,-0.49383901565728017,0.09392803773420282,-0.31564889311636174,0.6369450807284293,-0.0272701146541439,2.1705265220994163,0.02824397461608435,-1.2402659914826206,-0.5443282198196558,1.167641101945861,-1.0123907220010446,-1.1243118875647917,-1.130365577280596,-0.9246885032107237,0.48930012818391166,0.31546149817121594,0.0
-0.8669792608988971,1.3830228981136488,0.15265035271012994,-1.3404412013997407,0.7166339252330212,-1.0126888392257718,-0.46470264467230576,0.1813188528704014,0.9874284239501219,1.3441315491853127,0.013234125182344575,-0.7111582416044467,2.998923953955997,0.40135657530298385,1.9272706477021724,-1.0559865796990553,-0.5022893274892701,-1.0340903460933646,0.021356936477068572,1.4414401153780756,0.0
-0.917064916535519,-0.7354037217128054,-2.3576645529889824,1.6901338022335475,1.136511142238055,0.19192446313095285,0.5883334520746011,-0.624322015623606,0.251962685521935,-0.6739910537191848,0.4176401955320743,0.009358582162850366,-1.36802842815704,0.31342751265983093,-1.6005442473427955,0.26555865960626696,0.7471794776545593,-0.05577765314175289,0.5461459995030151,1.1758467232391847,0.0
0.3921287084001619,-1.1578947236461512,-0.3714191172225727,0.4476661170205619,1.1409592676898566,0.65054640984535,-0.5500491343911018,-0.7073215021551535,0.031038006059408044,0.3554298294188299,-0.08556966428273818,0.2972242992051904,1.9874836837378975,0.362088562894103,-1.4613815424246572,-0.3080877591007534,-0.30881111671015354,0.19842932948068456,0.12484204057735479,-0.9923448190780958,0.0
0.19988879375543298,-0.061010265867683065,-0.11213687766669733,-0.7088044924024339,0.8819915878359381,1.0518841177595089,0.14504974200760376,0.2551282755574391,0.38393274589958576,-2.097704736755212,0.9654602001150849,-0.8632753918575169,0.14052635265648533,-0.17757076870468633,-0.13367656710496809,0.03378948502762247,0.24231060324478748,-0.4114704020630024,-0.3558249389223218,1.2185597344104673,0.0
0.5205197230412086,0.1281960912124904,-1.4485598243520295,0.9287828850270432,-0.4212901928714875,-0.05866242175553751,1.0062422856150448,-0.9936351645944826,2.6139192195676877,1.6906003659932514,0.23488093384318065,-1.3004768322976552,-0.7330089988580999,1.0954104721762177,0.8834866314943003,0.9754818763986333,-0.9149919259857184,0.24589919752027856,1.1691595770571968,-1.7145265599388253,0.0
-0.28161260777004476,-2.9598315332235057,-0.06372820967322172,-0.6887991178080244,-1.1714247494392735,0.46563354771296345,-0.48095680381353423,1.2011531898742254,-0.22959191122827047,-2.1358622995542262,0.5052864880428096,-0.3559970560934933,-0.5591616053308263,0.2068833989078596,-0.2334933684371386,-1.4843972682462931,-0.5897368529371574,0.9127472946886436,-1.101882559984717,-1.2966015700856037,0.0
-1.1681567550331566,-0.07946916215008351,0.5172287532312426,-0.41395137265953674,1.0232104765539665,0.40967113096365965,0.13462969593364393,0.4491544208750396,-0.23595458757616802,1.3032611929207867,0.13414765392656544,0.6028500277818529,-0.6475925485494749,-0.9296480020662191,2.3594486477605146,-0.12380811923058131,0.45527747572328553,0.5069176409282989,-0.3881589022734888,-0.7800451968278621,0.0
-0.5739548196510791,0.31881770038878393,-1.3269586128422006,-0.27590116118828484,-3.0800661992537095,-2.203323660326922,1.713290595780548,-1.3443823226605,-0.38861833447741356,-0.6177545109419289,1.0776281452212544,0.13930689416386988,-0.6785396144690472,2.032759106053171,-0.3977601929037924,0.079142064066572,-1.4338939859063475,-1.0323202093487927,0.1273450305404536,-1.684915412093394,0.0
-1.45292174880866,-0.04868439987639526,-0.601269544871764,0.3704288157729112,0.14051089822189644,0.38355968381010336,-0.6371670584868981,1.0317894547729818,0.5549709244389991,-0.6977258947553244,-0.9667490165118572,0.1711052458303723,-0.07624404064844617,0.15072600948424345,-0.22661469325552977,0.30761625531390424,-0.018132706330630303,0.5379691691348526,-0.26547793202066144,2.2781535334706784,0.0
-1.0602326148527188,0.5223160230725297,-1.7327338979828577,1.4616128311097354,1.0569031115291803,0.9427003819237859,0.2905892280902137,0.4102553759166243,0.5925026447182519,-1.812959892825324,-0.19440866044494018,-0.4615193187726428,0.7888610857236564,-1.6594854677446105,-0.2661139068407365,-0.27055450196530145,-0.5580761069684373,0.7923001603831012,0.11938312786945102,-0.7428889816185532,0.0
-0.7268778495975294,1.6901617321794953,1.0767717237483982,1.634024194150012,-0.6165230356573784,2.3564869490029516,-0.4133644124050278,-0.7872380682256582,0.8675096454968118,1.01493725179344,-0.6980227440061239,-0.6884401201187498,0.07551069018731374,0.05375570575727317,0.30085160609562916,0.3862232784764546,-1.6482433145273234,0.7367502256876796,-0.29606346507854264,1.2933130773294097,0.0
0.8305123410519604,-0.24427259125408762,0.7565520648578631,0.14796122833788625,1.0321759608750254,0.898575251121544,-0.08783051796420246,-0.06385345399176444,-0.87103827173549,-0.39824914726454175,0.7567357498972235,1.129275192311143,-2.8923023100109226,2.099846106739841,0.3212081219622954,-0.4973581473982631,-0.395107846185603,1.386006573130941,-0.19982124051926933,1.1271155610773351,0.0
1.3742486669524985,-1.8800495594050255,0.1959329758793118,2.3552430299220464,-0.1005337981012904,0.04539683451750405,1.412288731519115,0.07656302109190288,0.12735865919325667,7.251440274038136e-05,-0.2239824672056076,0.6146443283517089,-0.9811897757327394,0.2510453050209586,-0.07484861766654105,0.3646077788965506,-0.5363477659120126,-0.9000721298272711,-0.6237337688067925,0.6099529371270505,0.0
2.0108752784418114,-1.2343839256795832,0.5477857542581229,-1.4459642038911251,-0.039117988359111386,1.7073702704076403,-0.43044080585705174,-0.8332877676961681,-1.3251719859443252,-0.6785169160957845,1.027168559596361,1.3763289514304173,-0.3907179625126369,1.541684943708233,-0.3164716366971818,-1.1003789665272676,-0.806898516620984,0.9628142262858504,0.21595733390080404,-1.1137032512810359,0.0
-0.5056697361140693,-1.934359457731145,-1.9924862705051483,0.441364228604257,0.44644304221972225,-2.143705660953725,0.14759182307010876,-0.7119940709426952,-1.765871259162412,1.2034513830740756,2.258766382803833,0.11641432160792876,-0.9978404139108197,1.7046344412559828,1.1079036996537952,0.7024718396113389,-1.172976122319063,-1.471532771271342,0.9813066718722152,-0.19902141527405448,0.0
-0.7250837630069856,-1.4538751762033406,-0.8548053331284934,-0.28877795708694315,-0.8981657628343642,-0.9308300193170703,-0.13729869589111815,-0.8582495817230841,-0.9368246884651864,1.5284670667790285,-0.780295984718475,-0.19009379459803677,-0.4162122810737341,1.8668276489635438,-0.7872664649880522,-0.9866570529888284,0.4589236185177476,0.7334479240660482,-0.5989725809606709,0.7594135895763073,0.0
-1.1969063195186238,-1.6445221216932164,0.4868796286256587,1.8131422585140744,-0.3003157063064804,-0.3747196141161237,0.3992865878583027,-0.3466820545032693,0.9155828581677866,0.06754439548300051,-1.6610551781770968,-0.18413636915651707,-0.4314157161601873,0.9060027722461652,0.9708251270044176,1.3795831767703879,0.2939703903171978,-0.8180157907026618,-0.8991154413732962,1.0416279521612117,0.0
-0.44115416696624515,0.15799009100715566,0.5201729617166296,-0.4170382882948022,-0.7835515148574383,-0.016585206766814173,1.239950168179307,-0.6260253206928573,0.25261972635363955,0.47271670610173194,1.880389419706251,-0.03980415507499036,-0.8216257525052832,-1.3060374491410025,1.526002454330959,-0.08115809885033907,-1.0520372418783006,-0.22723392076704477,-0.141044167718397,0.29620902482304273,0.0
-0.7858220045065906,-0.21710360879024382,1.486505663317842,0.6589928176001374,0.19040042455770556,-0.794662073621815,1.5628105101668692,-1.0600460161510876,0.4772031180116075,0.6567227791860963,-0.5601241433434611,1.3707059521998222,0.3124028643200061,1.7039449285617114,-1.6434463403021062,1.2736089780239814,-1.3573472711272665,-0.10395541150668888,1.6861729925342521,-0.06522057639958148,0.0
-1.4717707337870858,-1.2823256263936673,-0.9050696604538904,-2.542392286857218,0.9087004393245354,-0.22316021109178127,-0.1718826681619505,-0.042883280741472796,-1.0119580125479963,-1.036270396710892,0.014353159616864097,1.2503955769670836,-0.2831680664823726,0.7109890619083126,-0.922705361202762,1.2226203947214391,1.5585359674312522,-0.7479546855162149,0.5466069947868734,0.16313484500757144,0.0
0.5663677060540996,0.7094300140019116,-0.3033187958459988,-0.79816944416866,0.9760179300915951,-0.5104123757029397,0.1567471762579919,-1.1006531777257023,0.7190567108333554,1.1364826393208831,-0.6484287385780305,1.1084013391372238,-0.448720741498667,-1.2227569206938702,1.1556602422256976,2.5775322873716493,1.3579516783281917,0.057993642715451724,-1.678965542423597,-1.2923121850485062,0.0
-1.4561807756887553,0.7538130647285748,0.3929405785673703,-0.37394999173907434,-1.1815285405212304,0.7096033798573729,-1.2047213008539588,0.631373161158231,1.1986233235088537,0.5505679588976667,-0.11140909597797347,1.1211285037428305,1.4355154944209925,0.9036924424327395,1.9830169102728672,0.7970329453641753,0.10653414299771412,-0.5413146583778029,-0.9850986794950388,-0.8282641206671716,0.0
0.6062039707514333,1.1893001413607465,-0.3684399148933449,-0.15301446453313483,0.0661631903422681,0.6547289981756866,-1.0159977681505885,-1.4676585164751503,-0.34059283550000236,-1.7235170362115364,-1.4529928364573552,-1.0464826356845018,-0.2305434345224708,-0.6093813618967049,-1.4593637580606245,-2.060814945511092,0.17779537856064204,-0.6368437334950257,1.6113572058299566,3.543704639139005,0.0
1.4218303261704168,-1.6438690002013339,-2.046910184399498,-0.0031613114824455926,-0.169239965367776,1.6757979172289876,-0.5434526092584325,-0.036964274086021924,0.5675794096394058,1.4403533352995839,0.8790138377627761,-1.3761521450664145,1.0649871798176112,0.9269022730617309,-0.3815466367611186,1.7297501014714625,0.5379811680793265,0.6375389138876194,0.055263219268542454,-1.80099307614988,0.0
-0.6132325814917047,-0.11198268496873737,-0.434520200644483,-0.4039230908084175,1.8501949438564866,-0.5518441810026307,-0.8801923532695535,-1.2670479631242388,0.45304859836070244,-0.5244524413893884,1.329405302408388,0.38297624091156585,0.10307991361921351,1.765511072855252,-0.7966623104904954,-0.8654675768106375,-2.0397645631026955,-0.46028886164664773,1.3378719512443602,-0.132313475741396,0.0
-0.6735556702043305,-0.928050788749469,-0.984180558136196,-0.17910676999996916,2.6376712833672915,0.507783779232615,0.8854342878678608,1.5745470586479278,0.9720010709262356,0.393710477365997,0.6754324098176717,0.08491215864917637,0.031076084939771445,-1.0323694342354284,-0.47454243883018016,1.0421912565595006,0.8778471956208003,1.3173094132441963,1.348525024503323,0.678161493954877,0.0
-1.5670570493865064,-2.032276094418735,-0.9423349205572878,-0.011867891212888657,0.10007834652316945,0.3649830124144342,0.8867114140388468,1.9987713391371786,1.111557170739574,1.1762464705723465,0.8203483226476247,-0.18395163109763416,0.9771354625106011,-0.7580698016130162,-0.6260617452799275,0.12719398401384105,-0.23388525020400194,1.1456422435872333,0.8287651004740276,-0.2652318662278039,0.0
-0.48967514132262363,-1.2634122258885934,-0.27084870245833215,3.317809591194233,-1.0593440176071636,1.2063788258468042,1.3002912048057278,-1.069174013627912,-0.1421836679831219,-1.3858520532221759,-0.3941310854407611,0.7948671164984353,0.5007079105464591,0.867285108159925,1.02328627898185,0.18047198107559329,1.156731157194205,2.6409361077677382,-0.03916180956980995,0.38572823423078556,0.0
0.10764640812522179,0.020578910573549495,-2.9471008139729844,-0.908551887598707,-0.2837459063361317,-1.2742272266218735,0.7288758662436676,0.18981364908241238,-0.6519435799311453,-0.0438594155831513,-1.8426115126538174,1.3430005713212951,0.6858719337651183,-0.19072257611366636,2.0650470236647216,-0.5841984585337116,0.20196201733068672,0.1481121613760662,1.5640511032000544,-0.019123443139730033,0.0
-0.8570800523108382,-0.1512898436811944,1.4654717508185306,0.7375439970930967,0.017020497299446352,-0.8008650028417981,0.49948774031203685,1.411998548258617,0.3585705443588959,0.2444822023732074,2.61215824331666,-0.8181238370137154,-0.5731929428922933,1.4527014130446445,-0.05120146539982346,-0.06323339137312259,-0.06331015718018401,-1.0937905248120154,-0.2211750036655754,-0.5139235424402353,0.0
-2.1596933293829257,0.40349021132057233,0.3787401326600073,0.545660139683988,0.15378561878435532,-0.07253005258439217,0.2540584348114736,-1.0874132757841313,0.6737790712056235,-0.7147467189239106,-0.2746813930974817,-1.560466033182025,0.25100105077985535,-0.9209312124452519,0.859730899745798,0.7759104937439113,0.8411210217426957,0.331389636391404,0.2420402768673912,0.8742499241631859,0.0
-1.9424603207759086,0.3539641053430584,0.33280169288075917,-0.5915000259940667,0.38392810176619246,-0.5198131768277214,0.8138474453444375,-0.2764325756285757,0.38021532417805826,0.15684858003313198,0.31453903222860474,-0.5704524062572875,-1.5180520710596932,-0.6397718598643144,-0.47974241680141744,0.2841900401824749,0.8642739043510794,1.0888765034937324,0.6998453880716577,-1.3016845631757028,0.0
0.4980750263291598,0.6754774444841725,-1.020729967637696,1.2155559003064271,0.11601899141540213,0.829050943390049,-0.8125144838104669,-0.3406805199792744,1.2178565564025887,-0.14844375008533917,1.156404710566159,-1.7653104308242205,0.7604167485915808,-2.202721305111134,-0.09411359745939389,0.0020234808600652306,-0.18044440220898836,0.8776139006771317,-0.4409199602238463,-0.5176954396106288,0.0
-0.09243246118441584,0.3762406795440562,-0.8058666596767023,-1.5920185368592186,-0.12593479548689632,1.9009110519137213,0.3403657789989155,1.0374121285623077,-1.9243687603699606,-1.2482051585906504,-0.36155118559237287,-0.6224891490698067,-1.3286950951053873,-0.3091678753050078,-0.15829806558972592,0.32772073795703305,1.2118373879955706,-0.21060110974764126,0.7876923848961287,0.1003869202674389,0.0
0.48289535145285606,0.4070828880494395,-1.3970019045049242,0.3353303281028944,-0.5623727597804796,-1.237134396514092,-0.2636260541822784,-0.04330746892770938,-2.173932072204377,-1.6017601733374711,0.08911267587968193,-1.0643731310834337,0.1824411815891411,-0.26087841296890896,0.9285223818640057,0.5043678729429474,-0.599290824511292,-0.1075925262885445,0.046903409727762094,-0.31488508397983805,0.0
-0.9432965565580123,-0.22317815640544292,-0.0027693288963788333,1.1604780200012639,-1.7578546017982877,0.07437076076462493,0.23234146873523345,1.1279003080693948,0.5694966962993617,0.1293162949441483,0.318991854633024,-0.037542252862643045,-1.3714494987836066,0.14425153455007128,1.2330790926644501,-1.0327240937740203,1.631756417316686,0.33545400705575723,0.5814227629089688,-0.50513910048198,0.0
0.9696836250500002,0.7384412246276032,1.015255464035223,-0.12306432002499032,0.31310480438449145,0.21385844642874233,0.6980179615891602,0.05799455293268389,0.09345111995330684,0.21444712804428503,-0.8301332072976103,-0.7699170647259869,0.0966682302163086,-0.5033838127038627,0.9945462494227076,0.2985695199257353,0.35547619861606006,-0.5589203988163493,-0.08295793026379567,-0.13318484305781583,0.0
0.26729715117482417,0.3028111104547892,0.6090474017271387,-0.36814278608910317,1.3484260425776082,0.43347362662477806,0.9358090112253756,-0.31633118504757346,-0.3145886155266184,-1.3938651339527257,1.6383320716303018,0.416805239876051,0.6516182705531621,-0.35575230170874383,-0.004695743271679004,-2.3947283213014767,-0.4016443686337602,1.9004941383651237,-0.8857307989898826,0.6153101215688825,0.0
1.6805811113514417,-1.3155047180629538,1.518696518897552,-1.338584641488714,1.2701509206074517,0.3926722910666764,0.025659036262201805,-1.568928405875033,-1.2297772173057255,-1.813184958724953,-0.3979594074986039,-0.41769834977415266,1.7427907950035824,1.3999581233915388,-0.15561452817401986,1.831400801451838,0.6555462725793547,0.7182249435339667,-1.1152205550215346,0.9102183506947825,0.0
-1.7911217877535204,0.3944424159956778,-0.5088886441002513,0.3418899593930918,-0.4135611389972301,-0.13554608302745888,0.010770048436637522,-2.9194197819750936,0.5539414943616858,0.86552834865822,-0.21254047198183823,-0.047955324668820666,1.2551454888661489,-0.551851453831413,1.1617892270634986,-0.3024774973227862,-0.34959063253708733,0.8241956182350921,0.2823654827445423,-0.3796431987252299,0.0
1.0667540189426385,0.7855534991783263,0.32714132558490805,-0.18116815573799236,0.9026936556705305,-0.3341626902472185,-1.645203142370818,1.455574538142672,-0.4782131274829667,-0.8163849753073772,0.4074511407993602,-2.3742627282018196,-0.8776188877003269,-0.17483295802011692,-0.33644707561313814,2.3431358210105877,-0.09391260069613547,0.10034122588067956,0.49273777531625285,0.6199802606033615,0.0
-0.7689174934253041,1.1823649907172038,0.1592430140139113,-0.1588495781604896,1.1602483469231641,-0.7532298174018964,1.2545488647562395,0.21843353181031328,-0.6835303221087891,0.9387152105861826,1.2310374460679752,-2.3882113490595898,-0.4602755999794356,0.4490006432895604,0.23809817402603553,0.13591031487998556,-0.14622002690860617,1.097461603816054,0.6788084578497615,-1.8361748636588264,0.0
-0.22214513455206947,-0.8243266140702564,0.5105110545306897,0.8481529866298284,0.5779040603056435,0.5282806397552829,-0.9290068668415771,-1.6934326132830646,2.3813883941360525,-0.4119448010369016,-1.7967475919509577,-0.39009854323760323,0.3456710451877747,0.5035734088696361,0.22006208628905677,1.0860065705951047,0.51596825333796,0.9635343216727787,-0.4560379187124624,-0.017972950177691557,0.0
-0.3836210938919794,-0.4419827455576152,1.3560644362800638,-1.8391668698633878,-0.41832187421756517,-0.681966872658591,-0.2722407815437405,1.3557021553349677,-1.5053580251563936,0.051683423150705725,-0.15790353100791527,1.7019009916202312,-0.8521052894925432,-0.28888491112416004,0.9491569751601878,1.756920516297966,0.028120864381391115,0.059475097335150794,0.144332800943869,0.2302492681449781,0.0
0.10437638851586203,-0.6184945472955329,1.701667447678341,-0.5877895779711774,-1.1136163491523992,-0.5000959735031597,-0.6418115950240939,0.6446471456345925,1.1533481970809758,0.6199174432623017,-0.009783292348649036,-0.49616188117516064,-0.09747593068217252,-2.0710102165443662,-1.193341574537021,-0.6680903495390552,-0.06440684922856989,-0.25583244298528246,0.008016161045224492,-0.9859450245357876,0.0
-2.548628874020896,-1.3736517944713988,0.28924733231307087,0.6909537646454814,0.7749551082018008,1.2899437381809458,1.5498343029133774,-0.3207022529187803,0.15901224559678198,0.1914612482625767,0.38657109172602694,-0.29317093064446575,0.4037428409743634,1.584237250069496,-0.5812911782249696,-1.7062933317813818,0.2609419255190487,0.5405586565764109,0.6769025178030443,-1.1835008587193994,0.0
0.7189862159896785,-1.5848001561842855,0.6069941607183316,1.3109067659083355,-0.9232618627323658,-1.2412657868674362,0.0427085557278531,-0.4349662634831644,0.08065482758099929,0.04710643787944699,-0.3165400694983982,0.13770951802052703,-1.0283809373216217,-0.8257558477450526,0.09161530034949193,0.9350322772686368,0.07725474220412239,-0.7732168559122902,-0.45556024073774404,-0.861692518675841,0.0
0.19787266248731275,-0.5101657096183707,0.5318311703272189,0.40584378626833506,-0.40830669842543943,-0.73393348708183,-1.6164739665386936,1.4254025530310799,0.7719377103198157,-0.5443580472708971,-0.037339909841817454,-1.0140721722565198,-0.1312082356784935,0.6382260171783186,-0.09170664572765455,-0.7555778688521769,2.470754524382437,-0.5323912862262347,-2.5990888397829353,0.8201089778958598,0.0
-0.1659658771161026,-0.10000958278684861,-0.7024548635870349,-0.23259466767041148,-0.08450347196224094,0.5122555184351614,-1.428228655994946,-1.0352492574858048,-1.9198944087455845,0.29718797114617207,1.540597257622471,1.3886667609057175,1.6476071933028906,0.0067780950708805285,-0.3965473343378586,-0.20078991174300484,0.19607284367248598,-0.476642994677778,1.0391520230868085,1.9183230643020155,0.0
-0.008312167235225702,0.05925953261340049,0.4470418200507156,0.25112090559191114,0.2837273212438574,-0.4572800117078935,-2.423585623083025,2.0905641119251195,-0.3979338008438006,1.2936628656953242,-0.35113289563272465,0.8185828260229335,-0.25626812790732423,0.7604841356627562,0.5942839119414852,1.6863376924239395,0.2830312806874714,-2.2115287315945964,-1.54020269371099,0.7921588994858785,0.0
-0.7754765832231503,-1.0333801814995718,0.7191649620945828,1.4512629860125064,-1.1095735973320777,1.0564337925146556,-0.9697886459724494,0.44849446578627666,0.8368650079990776,-0.31791565318948206,-0.10449087821053789,-0.03103679838576108,-0.7887481269851347,-1.1768580504730863,-0.26330967391834836,-1.0508436646679324,-0.43346197475239656,0.7758947350978909,-0.33860082311738743,-0.445094383320599,0.0
-1.18139372754054,1.288673652063208,-0.28760777346258903,0.2586665040287227,0.01408236576276797,1.0238623139719785,0.5973502156101249,-0.417706431257071,1.580528738091195,-2.0414233990289734,0.33047750893615724,1.593038362820052,1.0468255447636639,0.4642137378757996,-1.4915465971812498,2.9387267810166566,0.2446751090653516,-0.3218411742681512,-0.9510841028959456,-0.8778627469986734,0.0
1.165117990404397,1.3341930927981702,-0.282895011786536,-0.16530420599815976,-0.1849380098500948,0.2958430355855602,-0.32787748642465747,-0.45825482018825464,-1.248082613053547,0.542097418576117,0.4543139962982234,-0.5642394934398841,0.4352397926134441,0.1532717135426924,-0.23657149615940126,-0.32670237009224445,0.48097506742366725,0.49618531032183466,1.1360184361866792,-0.5828529399924548,0.0
-0.11041287450037253,-0.33704689391047865,0.6677212641566869,-1.1460848082118862,-0.1364161980793658,-0.5151771884200218,-1.2062188800272162,2.2373617344735592,-0.7158543420637945,-0.7819875691550033,-0.13079000112560898,-2.4884730939825577,0.22392889771269864,-1.3847864957773461,1.2041640997468475,-1.1874938359259226,-1.880705196200445,0.36551389642380067,0.9079367131813517,0.20848390583217985,0.0
-0.30197953709295594,-1.1645215088323067,0.8331128026348547,0.14419952692279778,0.10940709101227865,-0.6163749660192106,-0.9856567262392278,0.8612759483265244,0.21731472570584207,-0.6434267934134603,-0.5160147918304665,-2.632774206704084,-1.0729604965183945,-0.004313252470366336,-1.8473002514140717,1.1177204937037284,0.05934822655015779,1.2635794768064135,0.6232261020674735,0.2543390282107009,0.0
0.831560925064311,0.2739379602973759,0.18543576996910793,-0.5583372430760606,-0.9453725747949939,-0.24580814435903772,1.4797041423208839,-1.0644149181868199,0.2950901979115712,-0.9751261446779089,-1.5298853377317199,0.376171277797979,0.06591353767684612,-0.5059643195992254,1.0143438360421821,0.16794101967039907,1.793051905421759,0.7512840535553537,-0.42939328130813054,0.06334839348350547,0.0
1.4366802599411785,-0.5159005629341957,-1.287373230891713,-0.15455917639338593,-0.4619865273076642,0.30064910800194655,1.4617108236838232,-1.8803146591950173,0.2825759016205848,-0.2000603044522506,-1.3748580515848812,-2.2326554172009567,0.7505225795837082,0.20667660757182804,1.1574496324746488,-0.9344773455185345,-0.586771177808085,1.9770885994627445,0.2927273079851971,0.3897425785970308,0.0
-2.2881229829909606,0.21576935138605513,-0.24286033367598583,1.3888892218837454,-0.09154233178033234,-0.7503879187161853,0.9111574941872426,0.6045952078538803,-1.4433942706603784,0.6663628337726658,0.08404702446593738,-0.6171676732478708,0.5213755564654714,-0.2978596846375208,0.013192806508876173,-1.9180223830076732,0.9058611652163393,-0.14686697310176,1.8062256545143953,-1.831259104728166,0.0
0.3190010020279719,-0.42445044178090874,-1.3191195984018205,1.2862941261205751,-0.3811230468825483,1.0391345033451642,1.6257983103515903,-2.027436019821094,0.6623236763392684,-0.648539087962417,1.3699248670492885,-2.1954430864098007,-0.6965761914699643,-1.1548156127093143,-0.5995251940850144,-2.259005953396857,0.7122699189092332,-0.8670803853480296,1.013167223321601,0.5036733965046764,0.0
0.2726306925395979,0.67405209506206,1.3187210712560982,-2.441131630459221,-1.4659976749446622,-0.2918516222246006,1.4790729469536172,0.2708739499209562,-1.0392563483534398,-0.34523267191792434,0.016770711876285465,0.2296428703885629,-1.256298393205457,0.10403656933802476,-1.93624593211895,-1.5572030474751182,-1.1270948363904796,0.3485922379805815,0.021013717103043644,-1.5196480743961687,0.0
1.0242783902666712,-2.3962991881468643,0.15067271096888685,-0.13689103742099112,0.7194074024504379,-2.5105535326178634,-1.376527022288718,-1.3056546462858432,0.009666356076451688,0.4172361221128538,-0.18037950813027684,-0.076649340565159,0.8420026709261795,0.6997391166103996,-0.16068146592403867,-0.010166497339965901,0.1462956708209129,2.675567229870406,-1.4889495476195154,-0.1422188763250811,0.0
-0.020199527160487365,-0.05868939611237717,0.32737332102852706,0.29677171325123225,-0.7943243870956628,-2.0301708993516856,-1.1773420969873556,-0.6326201151458426,-0.5144453276110275,-1.8996299556951806,0.2748098246393343,-0.15197409384963895,0.36320809780227287,-0.1371307496338268,0.07769338553771878,0.29193772903458015,-0.4938675460182248,-1.1949197970536016,-0.37021011965242623,1.1015503745743498,0.0
0.18333297889351435,-0.6919660932719836,-0.18513529423513017,0.2855510577572619,-1.1895990549942363,-0.1981408447822307,-1.5258389669620323,1.5405655351138279,0.7644064537926092,0.22927057599454803,0.21864843581335083,-0.7068270480068126,-0.06854883741004461,-0.5789242864812838,-0.3188008805953442,-0.32088348458022853,-1.5632113365514086,-2.1617075865178146,0.5684046202211512,1.505212996018576,0.0
0.3536324532769804,2.3224709692518126,1.861106915756736,-0.826855918569303,-1.1502969748369838,-0.13215946518876812,-0.14995375743460163,1.3206827544348827,0.4171380781946312,0.8677550742150478,0.6494758789644557,0.45629400900538664,0.4719234453058469,1.959457465471823,0.29034581989006586,1.3952788456112313,-0.005189950513822887,-1.6436689357080148,0.7474518972639467,1.2196515741926304,0.0
2.5571007033649975,-0.1148933357671943,-0.8854623341249631,-0.5305452354632633,-0.789160997790149,-0.5188552111645771,0.849544395976686,1.1450751971604851,1.4299176836409444,0.21517100011706888,-0.14160668314525524,-0.8016648971965012,0.20069288454289463,1.4321385666721866,0.9737954036588837,-0.5965960062454884,-1.0902270805215528,-1.8528266861556806,-0.8467512182743325,-0.43525685969634786,0.0
0.13087016024751602,-0.49496085385370897,1.4087742457133694,-0.29927880740021223,-0.14137194368973988,2.2834745621214414,0.04386695841042395,0.0551268885321423,-0.4680827500204188,-0.1570947468270748,-0.5132142533037549,2.573393708512013,1.5949481554544518,-0.9783186149353178,-0.7256385749831913,-0.6801134170724977,1.0362321215192745,0.6324579806580339,-0.8605605381742053,0.37213667034472697,0.0
0.07815695673812267,0.35525121585641073,0.609298849951453,-0.12033741789136482,-0.6249850720641675,0.870271824904878,0.11531102963250445,-0.36570679405956746,0.33109221071120126,-0.49908878533860285,0.3289212207173601,-0.34134475774034495,0.9112546631316908,-1.467066941320994,-1.6255696213666728,0.9888247291090206,0.6468176082693101,0.3002537789947789,-0.40218122467265993,0.71258419833041,0.0
-0.7870829387684288,-0.4732781929770154,2.133368979471912,0.5287667231831064,-0.39500178681042214,0.3198245157065012,-0.45783186317023833,0.9534104046761513,-0.49683741507777884,0.6921136127018808,-0.4952867765387714,0.5656877264248934,1.6008145712268622,0.37069395417227535,-0.22279663576258696,0.8065150900355738,0.637282396429886,-0.07211921131726444,1.8169064813303006,-1.2234470203765246,0.0
-2.1295640820227293,1.103992118240277,0.2337469137856885,1.937850720251885,0.22579691742912378,-0.47293333219042316,-1.0751513432927498,0.3468443956221679,0.4765502837674321,-0.023032797339104807,1.042472045161193,0.8673619040354401,-0.8590472208529408,-0.29959126825007576,0.832319105852819,0.22460617094792945,-1.090470230384443,0.49221622738497844,0.24868932652036913,0.0242361273159606,0.0
1.057372365781645,-1.769969207077796,-0.6281348274844397,-0.47218923782713595,-0.45496967828602214,-1.9924638914729909,1.2712313021783848,1.2776438191498511,1.4788472783938078,-0.21035407369737089,0.6569492921473326,1.6123378715445258,0.4258460642409187,1.3175986308283765,-3.0205966221268734,0.40123852021697914,-0.5905247623963962,1.114796271459203,0.06443998865946524,1.2070397788970275,0.0
2.3319059708360217,-1.1418712070564203,0.1520877161164781,1.0954944086056857,0.2932499455804747,0.3753733324648124,1.0794338305418856,1.1084179224507587,-1.562764874933829,0.6549435851879812,-0.5061854916587594,1.7012055083195647,-0.47615219869865333,0.2846766449772894,-1.8207331787329473,-0.23077008598830817,1.1273758411598724,-0.3997244915265646,0.8931777213512102,-2.296524439688017,0.0
-0.4461334410015015,1.1191884750126995,0.4587514051626153,-0.21118263673838325,-0.12197485773110636,0.374850737860689,-0.6429196774341913,-0.5871061787901041,1.0257553810813462,1.9487673902023126,-1.880989026447902,-0.29244979772464424,0.5455998986372379,0.051721680450461285,0.18168985266452298,-0.8367211263224125,-0.03464566410236102,-0.3763691872349801,-0.5205188816102355,-0.27784985903612375,0.0
-0.1240310292966615,1.899562551570932,0.7066026458300797,-0.5047163170877776,0.17405033350296364,1.0822546404377145,0.771389557674374,-0.22449122183060927,0.7125302654690497,-0.9917983141493254,-0.7781468918953923,-1.1078875003907342,-1.598693539612453,0.3004440386130368,0.8016877935892975,0.8048023388191252,0.26299120227082456,-1.380151199577131,0.35516067557646563,-0.5842264585287078,0.0
0.6349075275259376,0.09450392602978455,0.18899783895357308,-2.3300882802304503,0.7183655578860575,0.6166293804444742,0.7055783715317779,-0.1456434462253652,1.8893565183697112,-0.7245168648607215,-0.407330513911962,-0.7795474086253368,0.7651565367684727,-0.6123166591348536,0.13548356325697572,1.2707356253981552,-1.1421050804243553,0.5935686904600923,0.8229801625036128,-1.2324388225827139,0.0
0.9653017546851638,-2.8107155201146954,-1.4999575552150561,-0.6645127794581017,-0.6571935570570978,-0.29157225046841806,-1.1699742771327384,1.0172278538061519,-0.5597743932571982,-0.240078166718123,-1.3278813782286545,-1.514505462326734,-0.9670834292145133,-0.05551280611566948,0.3127775561827707,1.4029953370437267,-0.6215775652344949,0.6669746111342547,-0.2378687664634051,-0.873670281310205,0.0
-0.4338471739040872,0.30878645566655794,-0.4328868415753237,0.6875162028052093,-1.7119530314661988,1.8846173771609984,-0.10831795911838285,0.35333910732995816,-0.10294265638136192,-1.3705864472633593,-0.2741295619653754,0.20806967439442228,1.8671772856988,1.1025969079128541,0.226630151954829,-1.031837791357453,1.2382673788892071,0.7050487366257323,2.5469379992502326,1.0729273675050206,0.0
2.4265415967528043,0.7348805652023653,0.5781070262994202,0.583924197070714,0.9967927173402517,0.8087488920645781,2.1105126342296154,1.7448847662554534,0.46974884372645287,2.815949107374796,0.3337140303916818,1.793347890647244,-0.4092693847963224,-1.0450266822143854,-0.20043627049435156,0.6083400922521488,-0.3385857637682069,1.0257361201394293,1.0185159530663304,-0.8105569446021481,0.0
0.062190175717008925,-0.22200604156058662,-0.027477214964078338,-0.20018562798662784,0.5290036656004024,-0.6625025729225977,0.19394896419829005,-0.682405786389623,0.19637307540803725,0.0792872668231247,0.047741382869474526,-0.29117495965959317,1.1341635427402832,-0.3879192765810795,-0.266322554693079,-0.3614951350016384,-0.5026524613880273,-0.020996216723890175,0.26089992827982694,0.4889500717739823,0.0
0.014493036369838787,-0.6070056773216153,0.00185534763533972,-0.2687433883746535,0.9146415215303726,1.900669697889558,1.4406245842836294,-0.5192102512683816,0.6977716583427113,0.19216372804145743,-0.3162565664064209,1.1033977493209053,0.7800760741123252,0.0292713263302681,-0.24609313806268818,-0.6274724228789006,0.2539452153908318,0.8116805192379825,-0.002437491156339836,0.3551310979947666,0.0
-0.6083584470255534,-0.14081444648060054,0.22438727969949226,0.1181341982338673,-0.8275007414020095,-0.4299365180322405,-0.023783136568522375,-0.22932780951104623,1.511240269591017,0.4293826919405758,0.4903426397352397,0.6498305861536855,-0.675476633071842,1.3060143961535435,-0.3766233927134116,0.36009105148307113,0.7741989025129483,-0.17541530627683036,1.2520378040586915,0.5119591669125053,0.0
0.7568099281648335,0.940563272705666,-1.1233222032356227,0.787146291790335,0.29512291907657884,-0.32610579475310314,-0.44107632115784967,-0.3455038155177985,0.8459739004825383,1.082465857430481,0.9989045949478544,0.9810218142155405,0.07265147223488917,0.24169382459890165,0.34686267857469383,0.26152028998870647,2.102365884726026,0.17753887879668054,2.6820801061229216,-0.8920878895154257,0.0
1.9461469542073058,2.355407365128395,1.9713059011977592,-0.22709931571461942,0.5317739431014203,-1.0756517698167622,-0.22908814168541256,-0.7584591348561921,1.100501358432137,-0.05562604747257751,0.8513472888897042,-0.7315140066213022,-0.7049199757879172,-0.8037178482023387,0.6460753279768611,2.8645047443192997,-0.3536075778217831,0.5726542135435797,-0.6842098331765115,-0.12606555537180808,0.0
-0.3763320526414157,1.4091977260490531,-0.3928091397328659,-0.48837407898450536,0.05674474747065683,1.7864389174692,0.41984946238535886,-0.8273089158549445,-1.3933721756441921,0.40015051540830987,0.8250774695314208,-0.27252184994854556,0.7653650832716066,0.36788437277433744,-1.433259499884614,0.44228028822920573,-1.68487397253862,0.004966106364717979,0.5090560460160144,0.8724318508838956,0.0
-1.2305815010839796,2.309593533982819,-1.3458721579565176,0.12302597666245055,-0.6269725841383708,-0.725485471549772,-1.2772628465198819,0.3122436439834178,0.1386014008285809,-1.6503577742279387,0.2810697462671534,-0.217751842165729,-1.6663923904689182,0.3555111983109112,0.7089604378488933,0.5088244572461651,0.4403766908302916,1.0858700276186906,0.1582117681538402,-0.3898949194800971,0.0
-1.5045868917498935,1.6949978970800026,0.3472558379285373,0.5523702731024169,0.06221671804685766,-1.7465063588386522,0.078427512766434,-0.3260098965981425,0.901811248529368,0.6555213161418564,0.4526011833975673,-0.06675476801723626,-1.3769736880467125,-2.0837370159683575,-1.108152821934065,2.32124447852382,-0.24256688254059694,0.4833105437269121,-0.4901702857657793,-0.749695486204712,0.0
0.3663813307866185,-0.7384406272615379,0.7076839904088087,-0.028119062750961266,-0.28356301271026335,-0.38879093563258527,-0.6745783432728898,-0.5996186139660346,1.2277185612413606,0.5824644090575143,1.480338051378709,2.7083515146007446,1.0164085849111304,-0.6592949018230826,0.1824028007663374,-0.08141844098155727,0.9979011890159037,-0.3026987316336533,-1.203561230482458,-0.45622311254486414,0.0
0.4390507505189158,1.9187386996503937,-0.6039156606070007,-0.6122506429134246,-1.6718863704547773,-0.2109186603553074,-0.7739548288980695,0.06458263163964938,-0.3428259421633073,-0.5933779972929794,-0.9228932029727117,0.08429597079013942,0.38636911930646506,0.26174666518206996,-0.8732334132245605,0.22003166029344937,1.5592754930666317,-0.27297887464648274,-0.2922864442779608,-1.1006253821126253,0.0
-0.34752562139603704,-0.24708387690708472,1.1083474111159732,-0.4033829582336705,1.1594695633655443,2.438077712225314,0.43268645473316425,0.1811816217868151,0.00028661037067137973,0.5118739522533354,1.3376856434466018,-0.12929349684322455,1.148419307409102,-0.3495938401852663,0.3712461714116206,-0.9839921342400717,0.2473468883568554,-0.6491634725714958,1.351387395926724,-0.9199273557493939,0.0
0.7115483257529966,1.7292842581489123,-0.9309450748288993,0.1853305538462153,1.7033932622049424,-2.2470137230271177,-0.16760408199465954,1.486484643675412,-0.45319749875760007,0.2805924914108208,-2.1599659919677308,-0.2860278074788534,-0.3601003960552126,-0.28744540530722146,-0.5254755747755119,1.2258970286446689,-1.0886961773667305,-0.18202222118706404,0.571402504775652,-0.925229943922814,0.0
1.6568039471229552,0.6492707254459817,0.6051261115012254,-1.7546337388981075,-0.1603323187737831,-0.6284745873215342,-0.8763856850056028,-0.42153181616500657,0.47752372103368046,-0.46132871547260024,-0.324027630888147,0.08564833395038525,2.7512366731105065,-1.1517974747789534,-0.7361023831671017,2.1026990208734775,-0.4378766826165603,0.27299729780213794,-2.1682753612806924,-0.8801014539701747,0.0
1.092791992192369,0.37612372021868196,0.9203830871021859,-1.1527927803491027,-0.693473474367137,0.9874533062576412,1.3635458027993828,1.4390206268511174,0.8281057030265595,0.7095322210573951,1.2525525966115918,1.6426022908791393,-0.11566899186952874,-0.4198146433660109,0.6725626013489713,0.137516265167129,0.15673776844958973,0.3462201162023265,-0.2899980030513813,-1.464101972706333,0.0
-0.5188283835420364,0.8968839058033709,-1.0035171469329485,-0.3925388160787,0.4529850897195166,-0.2981400222884068,0.7997183879247787,-1.2067454264757176,0.87993717752331,0.09112469123773247,-0.5378422933191762,0.1484795292825641,0.5928925170212275,-0.6334369416247245,0.33737877463648397,-1.366101009746861,-0.22260919570476204,-1.4116326823156782,-0.1968520630382314,-0.17829921550515293,0.0
1.11027045106791,-0.09151912898742712,2.419202785350189,-1.6832426621637482,-0.35255238813048007,0.1148231892686785,-0.15234303447079472,-1.4857129147808366,0.3100102559995816,-0.6728570370994146,-1.1014257559064398,1.9581074190185503,0.9025363648860343,1.151761838965708,-0.9820301687855245,0.049224836277086695,1.761198072184853,0.7882360616423946,0.2268267145554059,-0.25926178562629065,0.0
-0.7685733699822245,-0.23521889648222485,0.02004296551438,-1.2897316774274594,0.6321624826809396,0.012494174636812364,1.0847532842949716,-0.2232198974700219,-0.7957576977052174,1.4577961802672732,-0.5720200731080873,-0.3588284293153844,1.0253371306927608,-1.0817353895466801,-0.3773873158639113,-0.6194010210716401,-1.7615929149617437,0.42045090076230396,-0.29053000494438874,-0.8038896440305042,0.0
-0.31018897188248906,0.16796020900782,-0.9808108086807797,2.3912582144652523,-2.129674490557056,-0.8765655846903365,1.231536833692235,-0.026250907075874543,-0.5992609710721606,0.061499888341621636,-1.4734167304528567,-0.28976895404028646,1.244047883110353,0.8298485419300724,0.02002602122994762,-0.23518516628991915,-0.5928185825902427,-0.27567295619692245,-0.6246857154570816,1.2391619250969452,0.0
-0.7369292224082792,2.0754239224108284,-0.9251124991874594,1.56614719412994,-0.6071052962903324,-0.36120259801655846,0.27314770295578433,0.6852501515054077,-2.2577729188581213,0.7057305209291934,-0.03300013297515908,-1.4988836082307544,0.022091942073873827,-0.31429006833518397,-0.8150145135449292,2.2663423120559028,-0.47091713411084296,0.3025814470446693,1.8469721060434623,0.28239524226664786,0.0
-0.8661685336041869,-1.2320527321048753,-1.5752101036103665,-0.3745551085441552,0.10158676611990565,-2.070086743628027,-0.35197316355869734,-0.5005764961154335,-0.2953903273731275,-0.5490369441321787,0.3465473281741175,2.1801998874766206,0.41892576591595776,-1.2632714248121686,-0.29594965359622194,0.9256078359221442,-0.4999372715531327,0.2945923126476277,-0.42041524684858345,0.7792701034599118,0.0
-0.8573647884983081,0.7997742571514106,-1.1080834612233152,-0.29030606488393884,-0.9732687911125776,1.077678920674475,0.09118928860554942,0.26755961004376105,-0.7863964153389513,0.20775095444308092,-0.2228878455046473,-0.25922598214565523,0.08173437378151234,0.0182044705835243,1.0470834944381036,-2.2673320857760557,1.9196518964467688,-0.05608203799135594,0.4171230549726211,1.7013695154194228,0.0
0.4654121684265291,0.4101234294080294,0.1626591940581708,-0.125106435156897,-1.7268416798803867,1.5259244026649377,-0.7243007324769868,-0.5439548260376336,-0.024357483333556466,1.4782859112357662,-0.7880670857888352,0.20081481205794222,0.3297307341600929,-1.336498035479305,0.43754345229486863,-0.7581106577201495,-0.2476987367569311,-1.6077015435425763,0.6734334760186257,0.00012309348442585613,0.0
-0.3362265642866648,-1.0123323442955157,0.20330351851200348,0.38494964989677993,1.1959389715009692,-0.8340158518861577,0.405425348656705,-1.7097043298475803,0.37794758492116765,0.6792310212190602,0.34570494776157856,0.026906963102485536,-0.6339074608991452,-1.1096229169450496,-1.6264187536288752,0.5675178286441244,0.2146981575934935,1.0781376182261315,0.8520994674038155,0.5046355827436154,0.0
-0.02173375447066035,-1.0461559633256086,-0.23491086367278502,0.8423113799190847,-0.8964395163670263,-0.03763492975422829,-0.34233316243134376,-0.8902759010695735,1.4874087998611085,-0.8345420950734964,-2.335993560256435,-0.907990983146181,1.3709861580819562,-0.8225948360263873,-2.543529672972225,1.2810665803834576,0.36847517659892814,0.06633236239245029,1.1963007697112753,0.09387124555939404,0.0
-0.565519529870512,0.45443730648990943,-1.5423016931422913,1.188049624339358,0.46559632045544797,1.1122800196496296,0.7030964504829144,0.9229605063429429,1.1086388690681215,-0.8478225724593201,-0.881009362734342,0.11718634097006404,-2.243922936277967,-2.600690063654534,1.685465195582089,-0.9312948778098434,-0.3659101217684605,0.6859404591911465,0.4610362402409757,-0.04798963929741489,0.0
-1.0732223439487447,-0.8921769593724967,-1.6482684730548856,2.043544434674619,-0.3936563455311177,0.40893825234895204,1.5961999937340563,-0.22522251741907748,1.3896254619239985,-0.19876863989442384,-0.3963477276873831,-1.903743546879125,0.20761600817838913,-0.025618625308993975,-0.9025893125931475,0.43353787544847955,-1.1612688267994298,-0.7231153893505502,-0.11292369840353339,-1.8481690305520582,0.0
1.7717153524125102,-0.03556054052363602,-1.564001441911857,-0.15581820126413368,-0.9802490313138001,0.4431957251765478,-0.664023018864113,-0.6167783633980571,-1.8916012289786488,-1.5961610721764556,0.1448465551129707,-0.6301716609556319,0.9400473177521573,-0.3225887915128387,0.16309079667357154,0.7056619960525765,2.4568553383949423,-0.39280981396832737,0.7637930511411881,-0.08646569850769624,0.0
0.6047871846807409,0.46810089891953743,1.0174780846192417,0.026424174060952776,1.5210272254551642,0.6639047640210473,0.9853934134749647,0.8197810678311666,0.5056175632556317,-0.3734505270884558,-1.0613295015620772,-0.956395982374488,-1.456836305551701,-0.0752686402100484,-0.9013037687999605,-1.2592516831219722,-0.4906980757188136,-0.36133335495122215,-0.8974941989382336,2.318344254888589,0.0
-0.10520187033351341,0.6240690764069803,-0.3345561094338745,-1.0581172718459637,0.43613742992372234,-0.01037048901417842,-0.31936741901519167,-0.07568090544624373,-0.3544920927246303,-0.07712610364333326,0.522141507107324,-1.228228329191074,0.6012098056332467,-0.35781706967436333,0.3142866251851715,0.03585030078191211,1.1614105929312417,1.5407563446544348,0.3874928960729913,0.07799448102611094,0.0
-0.7786932166934453,0.5408025002257697,1.19948207556403,0.7182820969857835,-0.15461358319501295,0.04754644992982396,0.04281718664557134,-0.43175237150769286,1.4823549669402698,-0.05991981457066862,1.9662757420097265,0.9395505106174304,-0.5910753334033833,-1.3927831359087874,-0.05476716888419006,0.9185213339691151,-0.4697844013491506,-0.619214521104161,0.9904415904157068,0.56126726584616,0.0
-0.0017618609766915448,0.019767676203066235,0.7199673662328215,-0.296342642574796,0.7543733728455015,0.51727525290479,-0.13542509768721547,-0.36863633924779593,0.8708712716690503,0.47149739833933635,1.2835440405048186,1.4261248926133545,-1.481933570225923,0.16248232107233468,-0.5811072341584375,-0.4131279172004785,0.08233168135336948,-0.40854585794019255,-0.7028458311835033,-1.8729744095299576,0.0
-0.6197458094060149,0.6500673784682074,1.9234281682475673,-0.2938244913690125,-0.7018333402262588,-0.45063252853051483,0.38437391013740835,-0.7300088114115766,0.037714293658749315,-0.2631699904311426,0.8456032203972279,0.8601546130748833,-0.9184123753221726,-0.6554028569533076,0.5796173521304101,1.4493029304413836,-0.9571163743125742,-1.1124623848449338,-0.7465830585437663,0.180466746574787,0.0
0.37298811508193375,0.9235231528567059,-1.5079367721697068,1.4618695501274348,1.7725960998214176,-1.2475273181985571,-0.9377982119996642,-0.0034177118435980334,1.6178312966411263,1.1272031902599977,-0.3065126854939414,-0.6763619771887829,1.9629660461298721,1.1511453925004105,-0.06851320420290319,0.42449359414687815,-1.0639052692543218,1.503891388659386,-0.9143690786882807,-0.7208482441435577,0.0
-0.48830104906098,-1.1958851911260915,0.03404426939111756,-1.8236527031507024,0.1013907514627606,-0.8868184575351009,-1.3733079409203606,-0.28300676601034186,0.9048320073553879,-1.0826775751424613,-0.14296497569572741,-0.7943072210480657,-1.5850133940955609,-0.33315374313013,-3.631048690981287,0.015458846553255844,-1.7659019640212636,0.36306384656081786,0.3378357719975764,0.05479321077281382,0.0
-0.02136519464082758,0.39078304926597973,0.05456890875757666,1.6846102190759202,-0.4091276618347322,0.3447460578475067,1.0978887155023807,0.03023739570763743,0.8170351959802659,0.6302827260957091,0.735609764563095,-0.8395154454977792,-0.21794959799119562,1.64408171139413,0.04456471319862249,1.0014270648594035,0.4605179278680259,-1.5279261390509211,-1.274662858026491,1.2794579039368505,0.0
-0.9190142958099935,-0.941046716881064,0.13873760359500067,0.8574218175471022,0.16283715394332607,-0.006468251210791325,0.4033049187385759,-0.3858266622376295,1.5943915352456075,-0.2008199851333455,1.9033866711765766,-0.01729156755660246,-0.5127746349880486,1.032866282951683,2.759688725638615,1.224817720893448,-1.1493943023417517,-0.12806826049127543,0.7473956944554512,0.4927294267010713,0.0
1.4380617982184043,1.018957353224495,1.5501535878471202,0.5109186578159546,0.6248311187576362,0.2535394466310915,1.3633129767995367,0.4823599960162892,-1.1305176897159468,-0.32327569642347415,1.2703032051515792,-1.686517982783558,-0.15251500057559583,0.05513545978833601,0.9681352923210811,-0.036550363471776606,-1.3766348521984884,0.1483277774374246,-0.4361118358737985,0.17762171476568595,0.0
1.1161782340076967,1.0344562691938066,0.4393523087906305,-0.8759879456342277,-0.24233572647784657,-1.6070176025632879,1.6874507463135993,1.8273411162257072,-0.30266148236865237,-1.6351311491377742,0.017494591405564665,-1.6414105888623323,-0.10032524958747542,1.206531505192404,-0.15846506853858264,-1.1681740202287698,-0.3204850845186649,-0.9628800240043014,1.0286706452420127,-0.33360493446278894,0.0
-0.8347835068942885,-0.17843106961401783,-0.6971794401656874,1.2721058891211017,-0.6952922790977528,-0.01201226218916179,0.23501581487172202,-0.15065851217402493,-0.8987480436165004,-0.8430405421551328,-0.9287506702923775,-1.484449269451415,-0.7408777616160903,-0.20950690496156243,0.3465302057250879,-1.1274671183726317,1.3591219065069966,-0.6974757883052235,-0.009893802316604269,-2.0152503102285193,0.0
-0.4239031640985181,0.9283793924476433,0.5975605845573876,-0.35158729872407807,0.30056866498750195,1.2570145484464188,-0.2832395195890324,1.3465636193989816,0.2438069688225478,0.41115350158426395,-0.2655075005012709,-0.4730762805326954,1.661072217560835,0.894588899527799,-0.30775273286376775,1.5917327290487122,-0.17399317347581805,0.8652740776287348,0.5299334795973757,-0.2636199089852512,0.0
-0.5015993873773273,-0.6723273940718345,-0.5742596594693369,-0.3882890702200632,1.7159311597087732,0.5355769855694453,-0.8148167170454862,-0.986003666146614,-1.4993136213899356,0.391209066562367,-0.4583248892250784,0.8253222558459453,-1.2495462181957424,0.8781108513558148,-0.6971082690605819,-0.28373566492172125,-1.2268182031856394,-1.6007937513801413,-0.638714833149428,0.6016094868002361,0.0
2.966541392243461,0.9756290979326506,0.4049962344226115,-1.1557283445049105,0.9496205931810956,-1.8978338954582978,-1.5668148608963766,1.8041612864934669,1.263343849700257,1.279055606112339,-0.6994201745700763,-0.5509259039020444,-0.6782848718631233,0.9409980694754404,-0.953878670051913,0.36967558135377354,-0.43103389272881676,-0.7257917463027665,1.6520452804522499,-0.2529896133071209,0.0
-0.2198943905963132,1.8970711551615116,-1.653647210115811,-0.6014466658504194,1.6007430383870063,-1.5262258019524095,-0.6598698066398985,-1.5230136851202765,0.28336847093197925,-1.1824463421298428,0.6400275765517947,-1.2231456930141276,0.5365871268636268,-1.2623291121447549,0.8557763866238549,0.8670818193802322,0.4448276919245867,0.6270350571466828,0.5082700555620452,-0.7012468459923853,0.0
1.6495387626744094,0.9989859497062581,-0.22554915013089874,0.6133705275190909,0.3474866554782171,1.0294458276194318,-0.36987406199542916,-1.3284142833535038,1.7886780421652753,0.36148321873560446,0.14335974263262083,-0.5461418624678138,0.02070764446765871,-1.71605814336076,1.5738918261372274,0.27560130870132815,1.3668072475313844,-1.510137992196351,-0.9559276103714979,0.2088967741857303,0.0
2.495277495205018,-1.0377675541313898,-1.078474580159402,-0.04692534020672428,-0.09846730212515757,0.9741741766948846,0.5834287538906046,-1.5468267723949163,-0.5693020292601497,0.6801827171429647,0.7984135862773336,0.04347921614323602,-0.4700322849056207,0.48967877983193936,2.107798066516244,-1.0702597885029765,0.6550572190059433,0.408245533949469,-0.15480296353856196,-1.4096574042363965,0.0
0.6364207542575424,0.2255897163960804,2.0058322630134877,-0.38224176388236425,0.23057613289406467,-1.192677029951689,1.0750208756362802,0.1404256788796792,-0.39715687179028003,-0.19069998776391253,-0.874171546483841,1.2196627141695096,-0.019683291406892425,0.580153111853725,-0.8558915446213414,0.2587280373462673,0.804900582590673,-1.3524235887141862,-0.04328460905565786,1.2679017463908675,0.0
0.16135652981112045,1.5563966276676218,-0.8094060780229516,-0.7173834289563276,-0.7485561520231228,-1.495884234284653,-0.3102949149395992,-0.39168500637134246,1.781731361516027,-0.3903183065899388,-0.09040144698996179,-1.3710358614954017,1.40961599893756,1.1066741268139761,-2.6197390616635463,-0.21279885962881018,-0.042480785452091836,-0.27615978553425863,-1.955267723660273,-0.1616688105609022,0.0
0.5303268968719983,-1.0020616513597,0.41492363838940993,1.525861606552879,-0.050691825703451404,-1.1401565861833238,-0.15418143669656645,-0.19192090597348815,-0.23537228813290292,-1.3661133477028473,1.0523623264301805,1.0778717891310694,-0.9824608611120558,0.5842937902088938,0.12035704923151035,0.8881906823143688,-1.795573263696872,0.31849229303884563,0.9902067872568597,2.089662231889875,0.0
-1.5577094086980736,-1.7346439153626587,1.0719239021580589,0.25347397404916316,1.4537997495238595,-0.0486255976598599,1.088663377765495,-0.6483345853230111,-1.8004449638267999,2.9119584338187434,-0.2156799194316475,0.09953869817687097,1.5460496327439581,1.1650618513294544,-0.06127668765259781,0.7495468355381384,-1.1065056036954242,0.826918821452732,1.6074535049438339,-0.042686458970623044,0.0
0.45034593888362034,1.0829203783675188,0.759700629756105,-0.43727839617937136,0.004546528761250154,-0.20344893488303123,-0.4902356018583118,0.7706720769638556,-0.12936171729781615,0.5344613867891249,0.4395290865507951,1.5338249250444345,-0.24165756191084836,2.1373453841271997,0.113709114066055,0.06752744130001045,1.1480599399910203,-1.347631648661961,0.2558803740136685,0.03376113905227294,0.0
-0.012897784942018098,0.7188938617440014,-1.0051521708695814,0.9256141232418659,-0.4416348834555038,-0.3391385812118104,0.7283358119916492,1.1859212184204422,-0.8456962891574722,-0.4703922501475474,-0.2894608020158829,0.05859916277028689,0.8318625334619972,-0.9530605931988149,0.2539917463318326,1.937765655316875,1.9716595014974085,1.3018222630484135,0.15955702180187298,1.745447823159579,0.0
1.1532126382448387,0.7487094163305276,-0.5919919274359176,0.6406945049186822,1.0957098132633156,0.031344018835668806,1.683323562357643,0.635853407597214,-3.3120218283437075,-0.5264026922374149,-0.9922118484692886,0.6892279611610913,0.9808081524592852,-0.5448342398975362,0.4103950043671831,0.7426844910221494,0.03926040679345553,-0.7404941817406115,-0.4308971924532468,-0.2634502842086793,0.0
-0.5215096963710495,-1.5294189006055525,-1.264596867357223,-1.1485165291599884,-0.6541920732168778,-0.1918271162816453,0.35047589490758085,0.5405035824837554,-0.16132457729415234,-0.3859949844091407,0.8227383198919443,-0.41478751384815876,1.2365499672495577,-0.09462884674883133,1.4773704032610087,-1.2300620690011035,-0.9981099715416047,0.6268998668986099,0.9842914512232845,0.0956419531994016,0.0
1.2628488417342318,0.18261594706048506,1.5316053525397288,0.2680209898455005,-0.3935018076189289,-0.754233784979154,0.19149144332296564,1.056680477679936,0.8488066685645662,-1.2753650718815481,0.11253513193952673,2.9033274443419637,0.2054223758739932,-0.46082075341278367,1.3429265064250788,-1.0072403839165238,0.17477418667615907,-0.9281181500806107,0.5317518713735399,1.9596688539756888,0.0
1.4067160681438644,0.12213759247318089,-0.780771730632158,0.49237016549318047,1.979209561842433,-1.6246073272010444,-0.4224398137187111,-0.5032463646655837,-0.09741668953326102,0.03239563121102712,-1.014286251028931,-1.3053917775468027,1.9216154041867581,-1.0970489684985805,-0.0607058212403966,0.7837940801886163,-1.518552147540187,-0.9780500001789227,-0.010650354701194274,0.5841698393206171,0.0
-0.8277474725759701,-1.3259506228132016,1.3872841299387486,-0.5037139238805834,-0.2004586555451705,-0.02212745101020466,1.2157562326897065,-1.2813093718872128,0.7449488301165531,0.7239336229037509,-0.8323126568889947,1.7533891616605886,0.9617632327813321,1.1219798913080359,0.09544072729250096,1.020611000288077,-0.2219465204276781,-1.0190393829412026,-1.119669221212615,-0.18099557412499748,0.0
0.7807176954590669,-1.401546580566312,1.442220131389298,-1.20499016365008,0.7367936401837886,2.0051943441371707,-0.9250727847286235,1.920578260354882,0.3948023645849772,0.734354987731474,1.2192387448692128,1.3295938594022425,-2.7104193767610156,-0.54731026840393,-1.7390949507941669,0.37501828743626986,0.5044505132483097,0.02550554299106983,0.9511133584993553,0.4087050939546936,0.0
-0.8030242704488741,0.573119277731088,0.725674218259032,0.30306512224480947,0.33150828678905503,-0.8799293783051685,0.40208239228305,-0.14348030624330524,-0.16968207843227426,-0.07925832313721659,-0.07899964378278351,-0.8093164222681323,2.121703955031479,0.13382345186255784,0.19510289704490577,1.3097703757179069,-1.0671658384630442,-0.9849058187238854,1.2958597118873316,-0.17139537180730954,0.0
-0.030273290906599006,-1.0475933722515014,-1.3004191242158503,1.553280084263678,0.9841097992976933,1.3053920278315692,1.2919239136544238,-0.9747542562621763,-0.21793710693042237,-0.13426723106618604,-1.150174219553055,1.5394646395610163,0.020996797120110284,0.2961656625391916,-0.06234488316105121,-1.647815865520261,-0.7271136034214933,0.5768618605546845,1.295931110332429,1.9456905312715678,0.0
2.067883632591087,0.09924288234548742,1.3987902472876244,2.758167846635838,-1.3334951243148796,0.2262064185468099,-0.23188589052080497,0.819843658373835,-1.9123824856819325,0.7772597145144156,-2.7541630567669926,1.0681831405604048,0.37437733571634646,0.5502012037841439,0.2802354129114675,-0.6466422834413059,-0.9775318484051485,-0.25546007113382846,-1.1568446516962698,0.7375974998914278,0.0
0.6962628216888999,-0.09796198871137592,-0.4345716057626288,0.11709474022107821,-0.43532497525666075,-1.688925857722906,1.9275976544236852,-0.4553944533827823,-0.22080487391071293,-1.992122129915969,-1.289535380510134,0.5605208089137084,-1.0438992037544028,1.343440899645622,0.8749454263788785,1.313433405936885,-0.5110248582986383,0.45248531256719404,-0.6360207013664951,-0.9099145296724085,0.0
-1.0674119166174334,1.2516127885056296,1.758064684521419,0.15320011916856927,-1.2252064082575982,0.477431932204743,0.34613781605828486,0.39123900308119486,-0.27220092376379745,-1.8781785239542488,-0.609634945080021,0.6932663243738012,0.11837486797559278,0.6962595606921305,0.1823757621686747,-0.9113099478714156,0.015283579580909848,-1.531967261141211,0.7949325429279146,0.4840414658469641,0.0
0.7104516762647718,-1.2643031920110765,-0.025351186400392307,-2.2713817765161863,0.48511489394472673,0.8417849962360222,-1.7641360303179192,0.715835822936794,-1.011214803083513,0.9243409442874843,0.05113693990926655,-0.5185022029091484,0.41060691929006893,2.628803229763641,0.35003458413332555,-1.1599831614806788,0.08058294419032479,0.6420745547713798,0.5959602191711061,-1.5139148459162852,0.0
-0.3687556921462442,-0.09660378403866968,-0.34007636897686805,0.6514800294986628,0.07518411399190027,0.15650387994358445,-0.6003180354182532,0.7193703299815671,1.935075836178924,0.5946313130951213,0.9934034567574003,-0.06251349110630008,2.045367726175018,0.03635209710137301,1.1445201141239407,-0.8509552640108188,-0.5885096493439896,0.9138446280288234,0.7986295726670076,3.0726560371130778,0.0
-0.11145403515733555,-0.11417635395634854,-0.00033041356272150594,-1.1660544694326707,-1.7303745368709158,-0.7224705569444277,-1.9118592533307497,0.8784944937866581,-0.1978715579586317,0.9736226961731056,1.571382714710879,0.06208249825322625,0.11310202318892172,0.6215481745405133,-0.4718838615414224,1.2341216452157409,-1.3393887171044694,-0.7074413709329269,2.853053690758253,0.7033025106986555,0.0
-0.7581134631836963,-1.3431081594473133,2.4424294976689676,-0.17233935895386115,2.050044590420532,-1.5089907090077235,0.36203052169354366,0.3569656165442347,-0.04821905144288426,0.5395025700063452,-0.22024041054703172,-0.5218650767231922,1.8330651819773274,0.9495399523350946,0.35637017578769264,0.4478303820005075,1.791223470562002,-0.37525754024401364,1.5994944738708174,0.15047167424484673,0.0
-0.8111116861765689,-0.7426078621506953,-2.41991103269386,-0.32454891606981867,-0.8446444305587274,0.8514637608550695,0.08360016345243385,0.9278849418415314,-1.2592627608629425,-0.3730155827270743,0.0487059994521453,-0.8433024345713427,0.39565668754564465,-0.5483886381966849,-0.1063168929049674,1.6907209867945057,-2.130349530536862,0.15485449751839406,0.3674834847170733,-0.556394502511601,0.0
-0.1292985854601384,-0.05791439215578636,-0.8118664499516781,0.008918794643306877,-0.13366665928216576,-0.31619880856320903,-1.2262680039752418,0.7226986248281565,0.3431414568981723,-0.455328566537876,-0.03878402484195492,1.853079899939881,-0.4137217510245983,0.08990204057869096,1.0459110369884277,1.0844846064839242,0.02488861506890944,0.1721518664906824,-0.07414377930181969,-1.1907648832498963,0.0
0.7410059941515472,-0.1821313860851871,-1.0260363014033842,-0.7087100634062008,-0.6958116364292319,-0.19261345928200121,1.341474861670277,0.7776825301710099,1.2310835517634389,-1.6358684943057518,0.11231870424119075,0.4325469832676108,0.053430996681795705,-1.0129098033931923,-1.1968830050506925,-1.048747797998486,0.39210829189044966,0.7913240820274893,-0.015088607687651062,0.4218802114517583,0.0
-0.5668299846266306,0.5310115578832483,-2.0185858231565854,-1.461797022512615,-0.5307827411655119,-0.07405535634769811,0.8493478122915068,-1.770412309637563,0.1453147997305822,0.2362760653965024,1.2825866023259753,-0.363217232820285,-0.3946101389502263,1.553470413407672,-0.017534221750780885,0.14464602197453763,0.07820277517010553,-0.6659071313381617,0.03599954950963694,0.5469494508179824,0.0
2.2620057748732094,-0.9412466877041363,0.5462924665910022,0.8581896402263783,-0.4569888521388063,-1.6358500977508492,-1.165231997415351,1.3956528103659513,0.1406686478684958,1.0157221054347643,0.450342997855265,-2.0733658153504013,0.0472198571504107,0.32439693113893736,-0.12469376578531004,1.1638226866100396,0.8107455822510944,-1.9056529933182937,-1.4995599478910295,-0.28240916089404766,0.0
1.2040177413635187,0.09378799450681821,0.2590801562883001,-1.3575507344980609,0.550731923500333,2.455981875364211,0.332207371122581,2.1598222938226797,0.8972971492946702,-0.7172168330223692,0.9338850866382605,0.40908990576683335,-0.13027334711697508,-0.5083915558729026,-0.2346475962324745,-2.8288191156940865,1.3636846860077878,-1.1404909549944962,1.6423101320458,1.95591465993617,0.0
-0.5533433080336154,-1.2460217966114169,1.004609844465832,1.312628698071571,-0.12292234956065154,-0.5243851167405589,0.05733443378088989,0.08135836863782674,-1.5181582557183,1.0588250731447169,0.7020164056657477,-1.224698381545636,-1.009843198680523,-0.36775913642401475,-1.2475641804202167,-0.02045679560231833,1.092856365062246,-0.04540897611077725,0.5764865217474839,0.7610486264266723,0.0
-1.333211073286845,0.11515378253913391,-0.014394253242868133,-1.1981548106723503,-0.7613975115114919,-0.4876323740943941,-2.5114184294263993,-0.8854087666421189,2.236189751211852,1.6662587117178327,2.31387385947407,0.17817555856175812,-0.9695544820379467,0.6106324894516748,-0.7784403359590683,-0.49850354284530174,0.7056876027770396,-0.2761823143851569,1.485527172804923,-0.672606291456127,0.0
-1.3705154171192713,-1.2657112640865256,-1.0635538746062845,0.187576133291911,-0.13566770034041797,-1.5562124605471108,0.8358189349382654,-0.9918739709857588,-0.7252050928332227,0.030285418203644526,-0.7883052151367158,-0.054438150071823586,1.5427262367182693,0.3540210793002818,-0.16042682779305303,-1.6049185991620896,0.3835326824714158,-0.17791882048798427,-1.1102371384944354,-1.5147580277833157,0.0
-0.673966302757213,0.041128332677463346,-0.8680727400566842,-0.2613886019327266,0.09787545882936328,1.2348258317030443,0.22545175031311065,0.09722273342644872,1.1509644489929984,-1.7532857012729104,1.1798944402173501,-1.2761019608848754,0.8006592295204449,-2.3342155974044023,0.027686108984219318,-0.9115156652416267,-0.9279083308451038,-1.3231592206689777,0.14830413829302602,0.0518638263953611,0.0
0.7428146820960998,-0.9591408418911367,0.3892909054431196,0.9220485433312963,0.6619784988598799,0.1013626877565085,-2.5976085356284613,1.291073337358621,-1.4587809571534052,-1.024384535399702,0.7071434376815952,1.3493219749441585,1.1544576460576732,0.2513248868302869,0.7371287259085794,1.8020446513481132,1.2978434481978105,-0.08232224813318333,-0.6387998315828118,-0.5519174581185106,0.0
0.3740540949973189,0.6122617649027359,-0.3609896440626669,-0.4931628718153258,0.4340765046282444,0.553237448709975,-0.004385144237803554,-1.7821052274006237,-0.4083624160451567,1.1813478648388813,-0.3441519676833148,-1.3217380602050703,0.5228114884136112,-0.8318406167887539,-0.7244329505438345,0.1101875216279097,0.5196976967996508,1.364926837222297,0.33758992702842366,0.15283439174305913,0.0
0.2888592474769411,-0.5990642665076632,-0.19574842896172936,-1.0938019578247895,1.3204627803497457,-0.10323875194944733,-0.2362518442297338,-2.120387989450616,-0.363414324332815,-0.8817289660091915,-0.8142205140548252,-1.2856288892249064,1.687625441842477,0.2727758916415108,1.9304977298583494,-0.9952540751605427,-0.10123287400145989,-0.1275362471933104,0.978782220884327,2.582730539994657,0.0
-0.15261664238257372,-0.46182191962444746,0.018189370239272803,-0.46104679891134037,-0.2506519454134043,-0.6084761285956805,0.2729593322694168,0.5212156839052674,-0.14769848346513106,0.06770564593058781,-0.19305277053246803,0.6888209238149791,0.09492763357100092,0.24892389801585663,0.5248423394325762,-1.4744405834193726,0.7374595340174861,-2.706222663830083,0.22941372747673555,1.2367638408455492,0.0
1.1408254694594049,-0.33952260516516575,-1.1823936338355987,1.7814499961595018,-1.0746111206332483,-0.7177391842120944,-0.9906797870072408,-0.5959081016778754,0.9052534613906508,0.758511462785075,-0.41800709122415075,-0.16890489652591678,0.09212879647942226,1.0554362148922263,-0.11560198437469388,0.29543442476822845,-0.5331593894005523,-0.5083565820125991,-0.7282493719706025,0.28857421885054935,0.0
-0.1689943333721914,-0.40913587729912104,0.3610710082152814,0.6944863572535983,-1.4666366366064798,0.7723073319020298,-0.6543608540818354,1.0598464998093224,-0.9822407312268485,0.45306847164707237,1.3997624292818749,-0.35502506676438644,1.5315929834982003,-0.5209900029043427,0.3678279548616365,0.47996219910083304,1.0060783094708015,-0.44883929040964005,-0.7727692542666753,0.29733767488468327,0.0
1.780469976728454,1.2498304485606953,0.19104383360998906,-1.2152362032370476,-0.6985444630112645,0.03759319652557068,0.07330588168320658,1.7932211806328682,-1.0223967078680571,-1.5197060243335874,-1.3699588896545831,0.147188283538145,0.8336712502518198,1.050105935547843,1.9532850371506416,-1.046433026433114,-0.32955638756690375,-0.5347252089126328,0.6325621914650625,0.7160123233518403,0.0
-1.0578190866500685,0.6280501167335606,1.539640276779664,0.48205355270475986,-0.7111987641676005,-0.017471044603069783,-2.1703746178687724,-1.0170605357132405,1.589445903940783,1.1100964307283503,-0.8036461119194329,0.1185366602826227,0.5803062315399808,-0.814598653835297,0.2238972148150404,0.15666277408107732,-0.6515180527794364,-0.2939480799695227,-1.239903136156265,1.3029423959302449,0.0
2.2371489582529884,-0.6935978396464473,-0.8298098751028492,0.2696277736002728,-0.6856418046021268,-1.3494630557671672,1.3787288797645103,-0.34458196992218,-1.096683176168305,0.5827942774688973,-0.26286759684248495,-1.1170921012896258,2.0790580862983616,-2.0601761377021988,-0.20727206008992738,1.1832298433952078,-0.14468768500753226,-0.6681491933738136,0.576727248006137,1.5498362355635922,0.0
1.2553302044926613,0.23314788976617046,-1.6167703339421393,0.5672420901957163,-0.09637558962352057,1.7897426090364252,0.593877808948355,0.39061255639363396,0.539771467209869,-0.35825068610436817,-1.0726224968844693,-0.2579437661555707,1.7021221231740216,-0.21951404069847913,0.05925760493447641,0.6178785577889637,-0.4922547046943636,1.3304939899417767,-0.724347718848674,0.8053911855618074,0.0
-1.1091314123420968,-1.327223101140795,-0.2994279191353449,-0.2153285517618849,-1.007141945727439,-0.37911463509632404,-0.7688793576645654,-0.23938231956271105,-0.4503910582549947,-0.9067166338369005,-0.9504213933813841,0.6376950248809541,-1.5104913052089695,0.863042479685876,-0.8773562409813734,2.085988010604658,-0.4974320036880999,-1.8465232749218312,-1.8304108366463636,-1.0912395959838788,0.0
0.3794797840342509,-0.033776181249034844,0.9646448065579287,0.5173074406647097,-0.11753435827807342,1.7474186344820022,-1.0951356648806039,1.2281859509783364,-1.314447948930308,0.8471506010491477,-0.5593454745555095,-1.1556245255970197,0.6748388813153171,-1.5552944406620688,1.3465379048463364,0.6489530990119649,-0.6014818181134519,-0.5509788433443683,-0.8086332874201313,-0.2099741726702647,0.0
-0.3006973378073694,1.3366742579077822,-0.3652326301387128,-1.012257062225446,-0.19095071199759062,-1.9744280767143814,-1.1148969561225206,-0.6073926627330665,-0.543774102461044,-0.8841007942302739,-1.2524160563087217,-0.14697854283607242,0.16667541584310577,0.682605174345011,0.8348634078520931,-0.8219893718139274,-0.42577375515084304,-0.35944618074743506,0.5383238613420227,-0.8744944843410422,0.0
0.11378564018110156,1.338069934459371,-1.0818251994166852,0.2707018306913034,-0.38375994534328234,-1.1056414201943818,-0.05164158959292211,-0.044427932655740056,-0.6990911271289084,0.7424792199101247,-0.9115642788443862,-2.6865929735222065,1.2119949225872992,-0.30381124503711415,-0.5243342300614611,1.0342540129541058,-1.5265216841184461,-0.07324359882794061,1.472232098060156,-1.6781595949536339,0.0
0.9290585087323358,-0.6154898913821347,1.8154253438178578,0.18138938252454892,0.00831145404593711,-0.236621171962817,-0.39938134245150214,-0.22787197399035522,-0.5339079876602794,-1.1071216005630085,2.764674571574498,-1.016127437107947,0.8101135804936189,1.0783472866441408,0.8169242516504477,-0.53874998945273,0.25221220834266367,-2.4854885433229805,-0.6516567786949662,1.1640456104017611,0.0
1.2585535751006338,-0.5962228147663649,-1.1768501787324053,-0.4950858098431398,0.1531140949181886,1.820136693317897,0.14626176965035173,-1.5118590855338103,0.3904771714435639,0.3114013136481494,-0.5488496089653484,-1.9084494441430773,-0.941210498375547,-1.8319723009693458,0.4721660335311911,0.3790966723750198,0.69675578856308,-0.3722373490867242,-1.3701697957307295,0.6096765534690136,0.0
-0.18760536195667116,0.6467589418465124,1.299833370897702,-0.8235334191147167,-0.18224770249576014,-0.3906106440158668,1.1071783275431406,-0.8386903756668468,0.51273620299075,-0.047717767393808765,1.2356842524074325,0.6647306198568956,-0.43605205136607444,0.8997245465927317,0.18006778298596354,1.0084910871507382,-0.19127705848610657,0.4508156985333367,0.38311194157190265,0.9078407368083921,0.0
0.43674846094838726,-1.4712208975054608,-3.0184507997829453,-1.4949459573921358,1.4266270686322875,-0.6157049126174726,2.0289859196063667,-1.1555098052385058,-1.275822762735154,-1.0165670141836687,0.4134498738671903,-0.7513232294061718,-1.250129945447206,-0.6103530304289043,-0.835991798670011,0.7318461823283071,0.46581008269461166,-0.4498055238559146,-0.5885823563370096,-0.2833218119249144,0.0
-0.0007679850774435594,-0.821510299908333,-1.420680090755358,1.3359434694110386,-0.7375128053809085,0.17761291693766323,0.7013854377892963,-0.9832551836926043,0.7570540755365313,0.3989866986232687,0.24793980331353324,2.5795236518842226,-1.0252362822972232,1.9322469900298813,-1.6392005998047705,-0.682540329844147,-0.5594973521390846,1.0937967077458166,-0.8145034144207276,0.21428429188310982,0.0
-0.08858085728015809,-0.7684493436332949,-0.37895343878765947,-0.5816511809052168,-1.0590436731606072,-0.5118798611626753,-0.6131635507292906,-1.351425205864595,0.3332903751269589,2.087695183128056,-1.120202556197317,-0.026804827772664363,0.9732682523846514,1.2737472316538025,-0.4105096942165227,0.9129080314138156,0.35281185724897074,0.36350302565110293,0.45359674786198073,1.0169771971251602,0.0
0.6415476544561721,0.34092763020851474,-0.12083799586208271,-0.25342910135251095,-0.29323478631787214,0.46738754938196686,-1.1977104986062106,0.36191470638015466,-0.3200582519470325,-0.059266698127497075,-0.7792325566155512,-0.0867683272791654,1.3463459898032535,0.13582638155773738,1.5646452384296017,-0.4904463786973884,0.19218038491254955,2.3406206200668795,-0.9135620043216373,-1.3934118699899192,0.0
-0.8511999694852521,0.7345088423284639,0.2847066499766441,-0.800624057774182,-1.8902093582656603,0.10427926934459618,-0.13229700908166048,-0.45297848980864963,0.060624956031130085,-1.7827427161988763,0.4702463304249664,0.9523886717982556,-0.1063912590241002,0.1029775107881508,-1.514364263690724,-1.6036181338096398,-2.0804492121866702,0.3061050307927827,-1.5733943800749581,1.2212090231333521,0.0
1.8697735171745784,1.5512314289373466,1.043898729807269,0.9323629545535106,-0.6725793360238481,0.2946378045009462,0.1904162367706695,0.5108014772699788,-0.8106590618743071,-1.6105905657915824,0.07674247960419793,-0.5581118966009916,0.4666322435352007,0.24141618265996453,0.12067578165123127,1.606851571450994,-1.5071820329675636,0.3634779788536499,-1.072875389487258,-0.11658862514441345,0.0
1.3587814709028478,0.007787017390907231,-0.8201946376905347,0.6467370401982585,0.9984467781129244,-1.024576912364918,0.1431355775367334,0.3458063543408578,0.45062289590467,0.1259813164719966,-0.9333341034432685,0.6573701785614532,-0.36779171619930584,-1.4217053965045452,-0.6130147302638507,1.9547877301476988,-0.01316309128861546,-0.8207523414761457,0.07028288413112732,0.36221999034981617,0.0
-1.9277414512608857,0.6355338668374487,0.16836613483798502,0.7314221735867207,-1.0750886589758293,-1.9069090048063457,-0.5526430442866644,-0.32403810251376725,-0.8702460199316517,0.9719549728273483,-0.3838962189165883,0.26436964846015243,0.802918958900078,1.3561663328022855,-0.5291510931239445,-1.1838922932174003,1.4399490068507472,-0.11957463346998447,0.9364858822597906,1.4056781673264083,0.0
-1.6618988121909286,-0.2756809307307503,-0.2850965020540049,0.13823205317918077,0.7515317881001305,-1.202515539822884,-0.897371749764135,-1.418048701117414,-0.4386427178410953,-0.8969706329529217,-1.1627571336203528,-0.8344571537986004,-1.268444477433902,0.3331045956579364,0.1958519369867899,0.3863486097571265,-1.2518706921621248,-2.249418169899832,-1.8623433535777574,0.3115262628945406,0.0
-0.32657951969565935,0.689304209097213,1.3881236589905774,-1.5392824776014353,-0.2580815358120738,-1.7040771358865516,-1.2439323555620263,-1.48250823595698,-0.013470153147365167,0.9390127286676859,0.5894625796220117,-0.5889648515361471,-0.05894034556217721,0.43196553492528683,1.4474993943246286,0.46548126975825505,-0.4925532544392219,0.5059521375814532,0.21975727063276104,0.4904393375534587,0.0
-0.9308229491549957,0.041512412945188565,-1.2178382933069747,-0.807373865251139,0.026454818165298235,2.6015454361682973,-1.2156851378677698,-1.3802682160936617,0.682287614073976,0.03886113373957156,0.11671348116815923,-0.7103489704531973,1.8367475795732997,-0.7246706589662789,0.49845033060767685,0.023380656408722496,-2.275714056011025,-0.4587912806147214,0.5245083341650084,0.6129993493455703,0.0
-0.7291711718523125,-0.03823598206488151,-1.4329863821252322,1.3767391554062713,0.17328767899352643,1.30991339624797,0.79271075147776,0.7724103217686008,-0.9832237454001445,0.367427899215423,-1.1131847798755274,-0.27072485308348876,0.16803176581900062,0.4674632863225699,-0.5281287046455532,0.28980246884885946,1.000465546604021,-0.02892310560739466,0.14399731846320546,-0.16072370111982778,0.0
-0.7379494696480566,-0.44797134089781226,-0.22840331522898358,0.8635597817720126,-0.07288430067542949,-0.3522167390796031,0.8831893484512299,0.14747650239220472,-0.38329980493721777,-0.4664144425021241,0.5815629601418602,0.4989337029625088,-0.4436863013772271,-0.7481287795698256,-0.4237407966552583,0.04383544519810279,0.30686314704182577,-1.0104733398859427,-0.1776547889266124,2.160646051772147,0.0
0.4986202897940473,-0.36568597808928105,0.2940820194988642,-0.07451965063571417,0.20810995322105444,0.9476315411618341,0.9247611910619182,-0.7664632696235002,0.08137960979092536,0.3085239243400903,-1.0448487060487373,-0.05912512239024058,0.42619258902371465,0.03254653810683927,-0.5994572612530555,0.22304051800760438,-0.23384135258267588,-1.009710021844603,0.860457528540895,0.4840298415585858,0.0
0.8215634408060276,-0.5223216811206783,-0.37983261357161674,-0.07969356730160215,-0.2734347558775141,-0.7271551551968035,-0.9577455792766332,1.4889151984058107,-0.6130222879399436,-2.1579345364426126,0.6785655274011223,1.5269778075489444,-0.232379929028138,0.2618363956454342,-1.1049042156194502,0.7753422261771531,-0.8234389324433137,-0.39503368602099564,-0.3422206096625125,-0.07896985170154334,0.0
1.8561818066664104,-2.424752846256566,-0.2439754666785228,0.027824969602310918,-0.49325276368888527,-0.712976206864649,-0.6349635439200491,0.31308942060382206,-1.5864026824404587,1.348089177353844,-0.2504505551274645,1.0727518517568309,1.115052178219238,-0.8882681245859309,-0.18073660224572463,-0.844435835596505,-0.37476185419508556,0.729167925543265,0.298349037286573,-0.521113629653919,0.0
-0.11542760313884728,-1.289837020849614,1.1388154976600742,-0.07139527070072606,-0.3178976970327656,-0.27763421366010005,1.160368667292411,-0.9961628019650417,-0.1784042062375575,-1.2466750203699273,0.7265209621485939,-2.0142960035908124,1.4129437949785137,-1.7708577145457867,0.7498268206505996,1.2658350348341003,-2.092564375486971,0.3792414470270873,0.11321510429254343,0.34809686716670407,0.0
-0.8871663240487726,0.7246389042580607,-0.9213762634866267,0.49135566816547516,0.1047812201248661,0.43205626140153264,-0.1632677305432601,-1.7981716968573458,1.699295442003934,-1.5882844512532968,1.1511606255645794,-2.0316903326902906,0.09151266012471151,-1.8246735960688902,-0.6401640887826462,-1.1713476997035812,1.060887138259806,-0.12103320914718468,0.6091335988061375,-1.8975253203837215,0.0
-1.1082351075062535,-0.23255716336667367,0.23569246747322153,0.20133433911361395,-1.4304318883379297,0.6156309358029965,1.4376528155029906,-1.0325440841295606,-3.022890298027898,1.1973735956482425,1.0735937250140422,0.5314893920742096,-2.6773287730785986,-0.26453467595346003,0.7947148905453576,0.5214796200181782,0.12529733016512598,-0.30239414647598806,0.23082271364654594,0.44880589109543767,0.0
1.5289797453212384,0.7020080354769458,-0.2677419471406217,0.25166661266585566,0.16204974330576982,0.42031063880295244,-1.104009768824338,1.8778055515222936,-1.453034147770906,-0.8983330203782156,-0.796130656196232,0.3549902728170987,-0.01864091842549369,0.4083944563081732,0.46304985940074367,-1.8485153724754924,-0.849797809417577,-1.1626175095984144,-1.1286810883531724,-0.5926390622577133,0.0
-0.39139348066009405,1.3518676870852624,0.47933462869140214,1.2581936005788332,-1.8953128817179123,-0.8153403033179226,0.46431520470219256,-0.4868091656166402,-0.783769522959661,-0.0058402945578811035,-2.0048394675073924,-0.6961738333241062,-1.664855311042204,1.0318505262753763,-1.4372261185972206,0.1587437861929919,0.9783748181070376,-1.1356602472619155,-1.398738047984762,0.1313444493400042,0.0
-0.7715788106506392,1.6236898114055782,-0.4274474108523467,-1.2047756775701737,1.2337706278092853,-0.10978897297589173,-1.652894345374518,1.0232419612706076,-0.6607452715930449,-1.5720839894418013,-0.4574362522809906,-1.01956459117087,0.665801203827315,-1.3131507314981623,-1.1523607529596926,-0.8683316745652453,1.531992682200245,0.6144045097630814,0.44056928072048523,0.030474017065615748,0.0
-0.12326181565356659,-0.4486599185882636,-0.602290641769409,0.14114746060401606,0.3235015168687712,0.5672762376471413,0.36441536791218554,0.35344148213896903,0.42246095572396064,0.4266034164923762,-1.2317497344130766,2.363268179035759,-1.2712035395007104,-0.2922702954150886,-0.8030981527373794,-0.33901538203929127,-0.4880861502035857,-0.7320196613332556,-0.9356021949089628,0.49127053688899414,0.0
-0.5576845577062055,0.6321440105316695,-1.6818922404466248,-0.010913036959060212,-0.36300264133064397,-0.07227262464437559,0.10281789093612465,1.6887726555166827,0.652223925850173,-0.6595798161855618,-0.15950696773455783,0.0006900496408690069,-0.7402982874827303,-1.3563334066693127,1.915864205393896,-0.19980335033452853,1.2709454411036798,0.060671285843378865,-0.004415712884779051,-0.692019040005434,0.0
1.123449903156738,-0.8966155558517336,-1.62398016155853,-1.7004501928174405,-0.710394002871109,-0.4470672657804949,0.26763021664627423,0.38214493996322874,-1.1486450355124955,0.055228447960756606,0.4352454282933468,-0.6538120452051297,-0.751804506966686,-0.2723861019609701,0.06360939873930542,0.7221522638386507,1.7110916958568354,-1.1776614005128618,0.22528371283801604,0.4078322906590077,0.0
-1.9440462346581473,1.4386295455997828,0.0718789763672247,0.5950386430296545,-0.8246917081660469,-0.6818637946931976,1.4279533195133942,-0.32768252988882685,0.2334403586807297,1.420057527833969,0.8530207110936542,1.5099502767723192,0.2945439700224361,-0.06773208080421769,1.2469553547880852,1.8316661949026949,0.3328716159314169,-0.7395977861321644,1.3286115554113977,1.8801053737648232,0.0
-2.4991035499212155,-1.0461999158192363,-0.2597581558936224,-0.0951236638757037,-1.363733767693495,-0.8809992578533749,1.799558046556669,-0.8232578596319795,-1.1840186290553603,0.05800943621961195,-0.7763490664713977,0.6150194125911533,-1.0353924723816759,0.28093332777212915,-0.7329894902802766,-1.6564448420737106,-0.08868414084688238,0.5984979737824118,0.3206833849992866,1.1550346231683235,0.0
-0.8303023108471187,0.4439580173502114,-0.23303824896980643,-1.0867927320880264,1.7964889135444413,0.351593674794293,0.1889472816930237,1.3680583339891228,1.7065931423413527,1.1925268470062445,0.04738570533406621,0.6057157123803136,0.45846009506407515,0.2236414602374533,1.0094028577996985,-0.5939878233461385,1.221477820962421,-0.9383441387806549,-0.005146256329846154,-1.3490046165183773,0.0
-1.7239510908093862,0.8833677450074536,0.5229719006291533,-0.9923537015973938,0.30519315882886777,1.9994979037840876,-1.2608956445373007,0.5711762546803807,2.3957361948525677,-0.14666106207514037,0.021715326099966983,-0.8134082337676982,-0.7938034434398418,-0.9686153078431782,0.018372621798203478,-0.7201842500798988,0.362735271303054,0.12425887679091344,-1.722663579780101,1.9541991731951136,0.0
1.5204261864347732,-0.44343964710808687,-0.08724816802613973,-0.6728229903638822,-0.42447369374645116,1.0404003562332045,-1.4127196852392505,-0.6155805544733293,0.3234785279448043,-0.3311556232562873,0.0052478145197976675,0.6714345345426679,0.27004385869973685,0.7347716764857769,1.1098866013348965,1.9366000074746836,0.9493945690833068,2.8826455536853937,1.4647206887834445,-0.2350507873289324,0.0
0.7216493190651438,-1.3581426016116438,0.9904880290600474,0.34876894959863164,0.7369400021939799,-0.6059182928134639,-0.3397392760535404,-0.228802761096328,0.8508554766158277,0.8056896808581848,0.87184695554111,2.889882080069279,0.9601650300259403,-1.3531171655162957,0.6077928410384541,1.2116211253460838,-1.1275629983014492,0.9244468344026628,-1.0185527978391193,0.3862171968163502,0.0
0.011375605539524212,-1.6520441542434634,2.7788347910398,-0.165270696934589,-0.230642753415823,-0.690862133870265,-0.6569199843546707,1.1362765598244766,1.0943892068174728,0.35828929150936845,1.984695837007775,1.0858023835131054,-2.287586359156995,1.1373752832222324,-0.794280045933721,0.14175052009684092,-0.7810587296457442,-1.6723617849943453,-0.08795472019484514,0.7705305586949713,0.0
-0.39261352311707876,0.003426438695775564,-1.3625173844195861,-0.0020255373034775382,-0.4653045687649432,0.20535192821061407,0.734307721974416,1.056381906942035,0.27149166422616444,-1.0117880327682753,-0.8485269852621433,-0.21275216509119607,1.748453462319852,0.6255498442378092,-2.2523852349022153,-0.9654447782322743,1.5546881629861995,-1.0960166111458085,0.29824223397561767,-0.7879927568818402,0.0
0.23278481294558584,-0.26326575932086504,0.8238061556250796,-0.11013439776714185,-1.7749752081352097,-0.40350085731319807,-1.589376695684923,0.6964251823167951,0.04021642250576082,1.028489494442927,0.8177823636136202,-1.413778283507023,-0.3537183218313184,0.4659800180512355,-0.47916804866638274,-0.477609010422873,0.7756030545916924,0.42770076968310045,-0.6659830845979139,0.18499845383380392,0.0
0.8681952223713273,-1.1728912606245174,-0.871555426978763,0.8959323117652002,-0.5610966267643184,2.54857595832906,0.13368006036976404,-0.2643139803638153,-1.3507293586396474,0.886716717059674,0.8253031530062526,0.36681163433859926,0.4415587548688657,-0.04582749206188813,0.13938283738099533,-1.5550964417974025,0.18314792255040258,-0.11373205384587146,0.4378671933946109,0.2384584570330388,0.0
-1.8049043382740035,-1.1004078169389313,0.7550344055417139,0.023808784840335002,1.4718539823201249,1.2904787237052993,-0.19081990853524192,-0.7084746545167037,0.1313226434612882,1.8198001563447395,1.0349594680550098,0.09091553060555378,-0.3045018060604359,0.8306658171677755,1.1227050207558231,-0.8321537603799055,0.10822764080983507,0.8451073757008137,-0.0435421596278514,0.19605081901231106,0.0
2.1070469009470476,1.8353967326803653,1.0113451248360465,0.06494609924552029,0.1656767313074615,0.3942361898660651,-1.8223009776747512,1.0646725543077789,1.3941948025657795,-0.03663140233292818,-0.6116098922566617,-0.8045485096695626,0.08635028788486901,0.7209763932976953,0.456767155579978,0.3596825610481082,0.09790877126204588,-0.12556984840396573,0.49137413826364745,0.6734947816090506,0.0
-0.7742821864508976,-0.8629800431182655,0.02718903240203321,1.3877520517041924,-0.4404129416650441,0.7234723134795461,-0.12904276762473726,-2.0344336088464345,0.26839966483123273,-0.5593476936484152,0.884863133978327,1.1559787083207242,1.2931296545977777,0.8923032728787279,-0.5495811083941738,1.2359402324937039,-1.468674301096553,-0.9656482259572349,0.034108663572934954,1.8562101058630798,0.0
-1.7373644119795155,0.8575357408828104,-1.7525511397740134,0.10541871598963913,1.8698563629756513,-2.019303132946259,-1.3849070508808818,-1.586089688849644,-0.07613621889645476,0.23200466247357374,-0.7631725333998107,1.4247602401545747,0.24574144788178026,-0.03354635285952597,-1.4234496870974802,0.5151430918861317,0.1684928370636114,1.6611653136604183,-0.7665877351610022,-0.8036493954192494,0.0
-0.4154439249093094,0.8996362249567715,-1.3304372651837697,0.29525949269011764,-0.4086088332747417,-0.05321603052909185,0.682295628776083,0.23942637851437806,0.04051213807022868,0.6363834687274629,1.0497302413539256,1.4332401737526017,-0.90013468212382,-1.0167090962278449,0.060752470908286824,-0.8103575528288802,0.12865084192842258,0.2891859437073597,-0.6813857448989193,0.09044588068426906,0.0
-0.9544861551784853,-2.2612116305636656,0.11791773533250016,-0.8686979281557968,-0.22188944452878662,-0.11143542187454043,0.3802373785318982,0.6621510799284338,0.008866940479507111,1.1113230097683273,-1.0910223470384492,0.416485368096294,-0.2467548247690452,-0.23502975389747216,0.07166277916409851,0.04309317984328797,0.6262226846261706,-1.792504610452821,1.3612740302191115,0.6869698305154277,0.0
0.36500149393523007,0.4168236538780609,-1.054458509564157,-0.5570024037998902,1.1065683618186148,-0.8691540055759632,0.2681974224140674,0.46320268700704287,-0.31977931420015515,-1.123782449425727,0.7229530774279821,-0.37512190849379085,-0.6097619006715362,-0.37380852838605766,0.980588311439496,0.9227210479014082,1.4577162831199615,-0.47829340537963533,-1.3336410540301418,0.18762487924845508,0.0
-2.0466003749523285,-0.030456942829537877,0.32001507584679084,0.19971362407957174,-0.5700066375064522,-0.8268051619825475,-1.3447411640735822,-0.836859692071619,-1.600704460589782,2.786292092059684,-0.8661980164823606,-0.9587454672271728,0.5487408785052182,-0.41247873227247367,0.6256765694584548,-0.6726869852714688,1.5563900162801474,-0.8746709708895087,-1.2325190619722592,1.4287384917499004,0.0
0.43247157322479285,-0.09776668055263757,0.709132709474107,0.5044708961853535,1.6355078884889174,2.102366255113374,1.2059661771619972,0.05810585226036736,0.3120289822770254,2.2829639732703098,1.1647367456514925,-1.6626603940067273,1.7477146483699377,-0.255211757783095,0.7026606678609039,-0.41103916870540513,1.7209030432799814,-2.3571878599632536,0.03586838552663291,-0.48491839822017224,0.0
-0.2810681594827733,-0.9420167805346467,1.4715360125833559,-1.6788934389339853,0.7424703177977431,-0.033105923614688997,0.4430037946699224,0.8064980941891091,0.3584561153008148,-0.9515513551123083,-0.5398584042107071,0.13625842530136176,0.40655303888354544,-1.4595413615736073,1.0743847804441191,0.2745591363954771,-0.4332731664545332,-0.4889454871178839,0.1123590529326665,0.28083299113490584,0.0
0.44360118974188845,0.0023426804474488295,-0.34859322357143246,0.6500697052732295,-0.25740001496929005,0.02464289051045184,1.3239650539042636,3.0294811489015334,2.239640115880021,0.07870913580409175,0.5271511979267227,0.4879370331132552,-0.16407227678768738,0.3992461714446054,-0.15729400853666875,-0.06180583261553263,1.103396873617973,0.3187450267363219,0.7287182116347464,0.46075470800793866,0.0
-0.7318129984127517,-1.6161489376499356,-1.2137941547119209,-0.5391291512659059,-0.40024509313361123,1.2889820752093537,-1.5160658114911423,0.7428155747678197,1.7213780589131553,-0.3191401285351361,-0.3581176584918887,-0.15690848385012607,0.9098589539937693,1.3934186726561621,-0.17030397843136585,0.19522704844331604,-0.15846199085272206,0.3409925231698001,-0.5943364379763871,1.0062995032488582,0.0
-0.530611301843095,-0.432260698574223,0.747540774354557,0.8539194703348478,0.7262457958869294,0.2348818431346885,0.283278992048281,-1.0552274500999803,-0.7709389767610264,-0.35020606274650445,-0.698293272041942,0.023962264979048756,0.9247993254862965,-1.249712156152077,0.45984742271229984,0.6191685357566821,-1.4293179396040467,-0.7700233001815766,-0.3254964132315845,0.832435892070443,0.0
-1.3062752206320423,-1.0401696371853246,1.231247404248373,-0.8237218217527487,2.7300277094447525,-0.36523954947147186,-0.9352801515820763,-0.4596448765259647,-0.2576157179939128,-0.2573884050009865,-0.32554272615115715,0.23298809580707758,-0.31319859679736634,-1.4184448643829646,0.8212663322755828,-0.36498448630463537,0.8480879771513511,-1.266934904305781,-0.45964501528778834,0.4372001264384357,0.0
0.9291722469215923,-1.220213855489962,1.5282403067486598,-1.5533322577237436,1.3046147775879402,-0.46491554407300856,0.08147720597449629,-1.0429242987637466,1.4920693354302825,1.7173022594244827,-0.1479240960559605,0.6740130533888422,0.4296679371719651,0.2707175031547693,-1.0547320635985895,-0.8179750160354538,-1.7148062442766785,1.7817367413798437,0.29342909441096393,-1.3651860472973623,0.0
-0.11414292923974684,-2.3898378927777726,-0.8447198033354025,-0.7015928171279189,-0.6548331539383156,-0.15711409084688138,0.9042799957860199,0.15064879244266696,-1.7040980193241149,1.7090016453510248,0.26039290621376643,0.3367850632216739,-0.8141184865697698,-0.22605983257465564,-1.9591128013912384,0.9615182562022457,1.273852584723284,-0.41595640373496834,0.08293460643267105,0.703036906016685,0.0
-0.8001013003927391,-0.47866115671891696,-1.2641007253945702,-1.7598547882843825,-1.4818383008416791,0.8114240329640686,-0.916001575215637,1.500021745562936,-1.1179887153500823,-0.23366706602206913,-0.9405687059115964,-1.2445642299968025,0.025074400398482636,-0.2243086594010298,-1.0869180836130403,1.6265984010197159,-0.6441522624499908,-2.6656611572798123,-1.052926211683577,-0.9411733885879006,0.0
-1.0331519870176487,0.31600591047014714,0.3243232890643988,0.1145297674729413,-2.629455829960778,-0.516823949294299,-1.3814231755852877,0.916290580992842,-1.7779470723963,-1.1828070492131408,-0.6718269130066047,-0.4748707313772787,-0.6163426933621882,0.4753780024335552,-1.0796833829419876,-0.1873958618317164,0.4376206966496969,0.04624074777218343,0.12061900567748998,-2.0474716354804583,0.0
-0.6467602367769015,-1.102709384179614,0.17603212342540275,-1.3932615904041938,0.22239021587794192,0.17757009847604605,-0.7653978558263057,-0.6908427287053721,0.3346394480964544,0.5817868557363208,-1.3852223537690502,1.3344120436789215,-0.3275168888454128,-1.1013523510264662,-0.3333296645633894,0.3338149479915022,1.9062338742874378,-0.24656991484136093,1.173581675468119,-1.1243543430516714,0.0
-0.04788373601800685,0.7575570398704067,-0.7833835332263795,-0.5762909442688163,1.0788979960489558,-0.06447498348751171,0.5087773933490503,-1.125209682444493,0.9410447570847166,0.16011322048019555,0.24937698254061166,1.6411564172989774,0.860760102605233,0.503311238647366,-0.07818906712157016,1.073283820728878,1.1666264592318296,-0.9905386871433558,1.7589754655768906,-0.1529369098428682,0.0
1.1457368775346175,-2.360931477153506,1.4474828542469123,-0.6919680173050198,0.048813350912447095,1.817135452069186,0.11684078296420375,-0.3862209251891983,-0.05132904727047613,1.59588617195151,-1.160810608160825,0.9308122261254398,1.2896219469019676,0.11150180775905587,1.616357263801164,0.46841624934310333,-0.04478037349166763,-0.09870899662400578,-0.10343324392518491,0.08762574443435804,0.0
0.10234086123752768,-0.4473004300834779,-0.623641464014856,-0.5615596203350459,0.20444878957506907,-0.23706447002044354,-1.0898326688846978,-0.8482371751841635,-0.7044252033902174,-0.8100397812193951,-0.0072249139415173705,0.18383083570631953,0.749117040672286,1.108000628136398,0.038092989170509836,-0.05261378749517555,0.30642875009160436,-0.7363345401409183,0.3224276816864601,0.04160618646302005,0.0
-0.05584929013271446,0.7932317375775165,-0.7317365716394952,0.7339311272664348,1.1701467806968815,-0.06536737728634234,-1.6771189220803355,0.33549978140700093,1.250447704623582,-1.2502598385961772,-0.6610680963723863,-0.462724282501745,-2.4950428637526545,0.03570288697914529,-0.14455043926593103,0.7363251683411718,-1.3496703224819082,-2.2813992502975946,-0.23298113527429967,1.1855797132348247,0.0
0.9217773670606646,1.4384873787436265,-0.5420848765117533,0.4579309051992704,0.5218916717785967,-0.12032234440897453,-0.24211287944990878,-0.9333314955610169,1.9859072610170858,-1.7608465633335453,-0.2233518708527577,1.815048050082502,1.9628492740258492,0.4777378594453223,0.07747038515826085,-1.760337462656301,0.6258350240899679,0.746040038483629,-0.07043444829999729,0.5232455752835862,0.0
0.4036820585072539,-1.7751968047138713,1.7239583680196016,0.37584093303420957,-0.723496174059253,0.018351151106975737,0.7882223045351577,0.3012737644184287,-1.3219474687510886,1.0368094807150585,0.5875899020924077,-0.22776246155981328,-0.11997984774450357,1.0162696851331963,0.8504333232549802,0.7010572760785951,-0.5186382882306115,0.4340708384760692,-0.447897709764573,-1.665884465459037,0.0
0.16008985788655844,0.04828186598157181,1.49684535266597,-0.7281751648979587,-0.7586231279476366,0.1079473652296303,-0.7686788987258631,-0.2559359471322294,-0.65313666240425,-0.42621744351337904,-2.2270593816823006,-1.005225565949908,-0.06513822094572207,0.8680371827811624,1.6934848000831533,0.5532597104220697,0.12113409949712108,0.47126375743851223,0.48663018325408275,1.22859943459588,0.0
0.5202277661924525,-0.7635959954879912,-0.781413227486128,0.4196261979764839,0.06601887540345609,-0.8379874288278064,-1.5380769484258752,0.8241393051657211,-0.5013790882902064,0.4113159509524862,1.0298537120355935,-1.6031058802756726,-1.519503630793281,0.1976456667515268,-0.527328796275375,0.6479923337418614,-0.023603753164174696,1.6598112228542556,-0.027706969846049125,-0.7224980414413676,0.0
-0.2439915865175559,0.12424871607022978,-1.427174729760568,0.08488919762656934,-0.5882330185297279,0.5934428055619674,2.0988623329005835,-0.4877759849491482,0.5890182931770506,-0.04458036383804186,0.9719142352511786,-0.2922982905968527,-0.4286106450717918,-0.3990837740579044,0.6879676038445619,-0.12282011179576373,-0.34338418067214505,0.39270863185687205,-0.10805889977274402,-1.5559379814027916,0.0
-0.8510844033875304,0.39848550423193596,0.5331583583376087,-2.2322130910594864,0.5710394223576087,1.8412153328109229,1.4653312659667668,0.8261328944334447,0.8120689745530596,0.7353189368574414,-0.5721360836201297,-0.40778872198007005,-1.6417071325479276,-1.8829842592759287,-1.5548445556022217,-1.1814725558826829,1.0205164831735998,0.1623377412617939,0.8955244160917367,-0.2835282098648192,0.0
-0.7407163506508748,-0.4848563119853444,-0.361392208255802,1.4679774197981248,-0.11285584330149888,1.1598929117926438,0.022643601218508162,0.4917067111165537,-0.22143845452238528,-1.6358660807523857,0.12344815682765593,-0.9885577253724921,1.6174523544163808,1.5345368758116187,0.6401109069217794,-0.22507219665031952,-0.752267382502077,0.5756595067045583,0.8903113710235325,0.24637900020918752,0.0
-0.7836868984205849,0.016482993738822713,-0.3945332021787681,-1.4728295110524625,0.3554086980501872,-0.32081370500682926,0.48777344882985674,0.4498090293679424,0.6018946705542142,0.40918868869308644,-1.6454856299109264,-0.6839532187482555,0.7242286014074767,-0.3002697553472492,0.0029168242955109613,0.6749924294080742,-0.32455929923243754,1.5346689988571263,1.3693673686458878,-0.5048371759817293,0.0
-0.5113506246178835,-1.1614815389540476,0.09285845114516161,-1.9334625277841564,1.1102952262774566,0.985253407166092,0.9917322926200162,-0.7821634715859639,-0.29598729384594946,0.06263335801844137,0.6990484510424788,-1.3264512243104973,0.5018186181972047,-0.5923219347215396,-0.49292753196082123,0.5031140685644307,1.2212254892573646,-0.4020374053429548,1.6154267781203724,-0.545892423064764,0.0
0.40205594133649347,-0.6405278570981064,-0.5349500723159233,-1.9466643881812764,-0.5424477180998464,1.0071146211225173,-1.2261901627747598,0.06375063270687836,0.4689154515160646,0.9591485884420609,-0.3347175877689552,0.4001660200032817,-0.24395936190796585,1.703589258260934,-1.7566466715482707,-1.179537839287768,0.5787514567228439,0.006388812412191663,-0.2728827623612583,-0.3689804983270579,0.0
-0.5484909487793241,1.0664344093913056,0.13185462603646506,-0.3672461315398219,-0.5539674220413756,-0.2672462156521255,-1.3450479733150171,-0.23003109951872863,0.28502844452225606,-0.8721036067614051,-0.05757102293631222,1.4689365483548324,-1.434221496233336,-2.2196729573596734,-0.4069682617792751,-1.308708349808165,-1.9782917515555694,-1.414749446236155,-0.958007495459356,1.2414581741658055,0.0
-1.8333863161602824,0.07789601212872116,-1.7441045032716869,0.26691094064769616,0.5052611590054179,0.9569985840990805,1.4290170596082696,1.6812836247877099,0.39783952310967946,1.1703305932798886,0.1970183039299245,-0.1910438114405257,-0.8175858115708007,-0.8379979688307843,0.8407768523542163,0.4572212223696787,0.9575689172224011,0.5997026354728661,0.8369916225945392,-0.6999224085801055,0.0
-0.3417125278049458,-0.6222064547385233,0.7706487877251358,-1.06306988716569,0.14654724163548616,1.4643528844110247,-1.1654983292545076,-1.292511984738557,-1.3339393142084113,-0.3477114439644078,-0.6384681753506615,-0.9524725065382436,0.863346872668755,-0.5127008507763501,-1.6789701198767877,-0.07265698569584204,0.943916659610621,1.4002205540291126,-1.3285226720582555,1.5682804820972218,0.0
-1.702300168801073,0.8451994207631733,1.2136735718669318,-0.5202246620773451,-2.060742264361546,-0.9197235774011284,-2.193012699867788,-0.42233334227033525,1.5314015546243442,0.3982378941051449,0.7220625685446375,2.353189684784401,1.1035387675429287,0.9309341296855063,0.8806820778359321,-0.44326620207239215,0.5139308401772527,-0.18906774201805746,0.7271231757296523,-0.3770710509199593,0.0
0.8707035797823492,0.3977414841856952,0.4833908987599379,-0.3895839300484994,-0.16739836262454982,0.7630169153717479,-0.2899394155080824,1.4261135245322836,1.5079770149170306,1.2081205121894498,0.586960121621812,2.5557505796883846,0.31342087282623826,-1.242642945371765,0.3850345747601709,0.42533834472593274,-0.4069013599967399,0.5133262219793756,0.18573863892056428,0.03662515382350172,0.0
0.17315201711685313,-0.01662670957567551,-0.4271450330212308,-1.6337696252728202,1.2563917355732006,-0.020890954992648605,-2.798289552435643,0.4289384979623127,-0.08943861922538562,1.0547748577298373,-1.0193086316753897,-0.48033816951147634,1.6337434620858329,0.9551611179732744,-0.6502580861010456,0.14329035550923755,-0.894915207233025,0.33314404993637897,-0.6114214446942462,-0.7129135648014582,0.0
0.022787932698777616,-0.1716302372170547,-2.3957527086075987,1.01316689291784,-0.19510529560783277,2.1375661796409577,-0.5215506802798149,0.839574744497605,-0.4312634686739251,1.2913415570392026,1.7886124529381568,0.2980004140119322,0.12539535440262042,-0.38069428345574524,0.3145424627806992,-1.5228607876600797,-1.3586471758219387,1.3254276932758786,1.729838641285104,0.4388057911238684,0.0
0.03371895674005607,-2.668028229962658,-1.1008052310585146,-1.4975689900301337,-0.75426108260769,-2.4352289352919168,-0.8007600801595736,0.04223065430242277,-0.5814132041171128,-0.3946019175591895,0.8744107198025756,1.3321806373069593,-2.1676750521366084,0.15736729290136744,-0.2032303016901554,0.9392520411505217,-0.2375881013710758,0.10359194599692118,-0.8274879249178247,-0.8296965959769957,0.0
0.19612312528831383,-1.07701251481907,1.9942122139581353,-0.7442335833856066,0.39276226573058415,0.6264354183283375,-0.09663378330170028,0.7004481527541403,0.5062075281553016,-1.10492356185003,1.7419383826301194,0.7064762658032893,0.735883032458216,-1.3468767801034411,-1.048791320339249,0.33286881068392343,-0.07894634828508754,1.3927056345054751,-0.5057123752420752,-1.0902017818317542,0.0
-0.1905159374109083,0.23032857208078955,0.2829160495683254,0.17131933929743326,-0.4081769455581469,0.6573316057773314,2.373751551275715,0.3618043831617611,-1.3465922246408277,0.2901937338699771,0.8700001399338413,0.9255468912420605,0.21305510365149463,1.1618010016319897,-0.42819722106944796,0.3254533356898092,0.09338859217393962,-0.25524935351409617,-0.4514760129224675,0.5604938538519708,0.0
0.2367578024417409,0.30597977745108484,-0.10885669566779864,0.6764470506496418,0.7403855146508391,-1.2080050980401615,-0.11324845759261383,-0.2912898922914063,0.017103601476313093,1.7092598736433438,-0.34198329839243247,-0.4964732634501059,0.8851984555137339,0.47131170746534273,-0.16672038283034868,-0.5069468099337059,0.3178967496829299,-0.5771997493065173,-2.5327438220023306,-0.6498554628867751,0.0
0.4134847241339196,0.6761695378905228,-2.561863422493298,0.5019840121169646,-0.4308569691185878,1.912863609073011,0.2048125538631115,-0.15923821419161976,-0.5540773050421729,-1.2891355196810332,-0.4022986560993979,1.3770051157815604,-0.1887973121583982,0.15430821659872793,-1.7009596253350663,1.2069458141930154,1.6315708459795515,-0.6118836330618216,-1.1189033922219056,-1.0751147393659497,0.0
0.9621609894293041,0.21616095437046737,0.08488438041385314,0.5286493355830889,0.6380321328697147,0.8275532057086331,0.6849592009460993,-0.5305232951925106,-1.537192348837362,0.9101333802398632,0.06224218656741277,0.46195706550603666,-1.8335002027853404,0.7359022014886616,-0.6837127008061252,-0.9399547883515575,0.26292020270062477,-1.915467413634133,-0.1608330798508887,0.9285083865133246,0.0
-0.9898849958087191,-1.5610674809496816,0.6124231478556794,-1.0310976589389516,1.4242646676170743,2.410224879024819,1.45377776171379,2.8046457210653726,0.4865907249903077,-0.3047145113518889,-1.8926440753685692,0.36508988311761004,0.8065286035020919,-0.29186217706833817,1.610155620948508,0.24475099516632132,0.3532532434476125,0.508403963884601,0.43814705558997347,-1.4924109364542655,0.0
-0.8876452640895449,1.1331293940512421,0.319131469127814,0.08896166656631747,-1.3732657496373508,-0.04499913615499871,-1.9209250346986735,0.2872424851024155,0.29330882640797673,-1.44231449962941,-0.6247639630420204,0.8535573553645943,-0.5664599886072577,2.3016247654986617,-0.026892424974791457,-0.04030576642041717,-1.6236175983451193,1.688956369314335,0.6245982652880735,0.11544245883332441,0.0
-2.4298983882194953,-0.9602302471401924,0.40020058580360757,1.0641975468734561,-1.1039571892043474,0.22205002530039952,-1.4240519583690037,-0.11066688755902954,1.189267584408188,-0.8139018817220381,0.07564711148601196,1.6292879403246852,-0.18628198032383214,-0.5592996338241463,-1.9172100450600034,-0.027967627267726274,0.07139690899588466,1.2924691525623093,-1.156902850049145,0.8506008059816578,0.0
0.25101529311327625,1.780160174528187,0.4889049669475309,-1.1600560626070697,-0.3186038323411828,-1.4874763568580893,0.6255795128825276,0.9020709099694532,0.30206766076151864,1.2197909413132044,-0.8476495768700718,0.5338728964624931,0.6238244392729019,-0.2945812812740386,-0.8688403651399494,0.27600222426671234,0.048310449981084136,-0.2159800103635956,-0.05928498756671966,0.5702153958205635,0.0
1.544203590845973,0.08571165683610446,-0.09398003875551537,-0.5554109458674154,0.39944884834015254,0.39306490648807135,0.20581071936637213,0.4296696518749452,-0.0926217992373548,0.22938478892009315,-0.9256694832635936,0.9884906082969747,-1.7551179218259114,0.4686724826315829,0.27899514938230574,-0.7803058701381977,0.8794951371150789,-1.3925528615195266,0.9409950363855696,0.5113644411461901,0.0
1.2421552136150473,-2.342306756452634,0.515982416380023,-0.5496258733982389,-0.8002143494116125,0.47363542188104124,-0.5540374027408769,0.5691196955538714,0.44188413981473795,0.023801969472504778,-0.43478247601953196,-1.3588806394163786,-0.9852748934272434,-0.12044259038232347,-1.085318724220386,-1.2728917114549896,-1.4891972063722096,0.5027043816395287,-1.3630254703471896,-0.08847815602953407,0.0
0.6214065721076943,-0.47557277701974676,0.5661228926124359,-1.3665396305995579,-0.3428913093563327,-0.4825910885188297,-1.4717460005303673,2.3421502120976294,-1.0379094119959316,-0.4465457390301437,1.155155203205597,0.6508293725954077,-0.5307496472474392,-1.4584707646650994,-0.06600316405372786,1.7863153545654789,-1.9549235658097306,0.09223731917208072,-1.0775219722506395,-0.5617909526087104,0.0
2.21596741773261,-0.9692381499431092,-1.1813537721113718,-2.217075763865414,-1.9940980464472906,-0.8753396501260285,-0.7713565944034486,0.7105353408504632,0.6227079082454917,1.392292334860976,0.4238912228507146,0.8928639527749114,0.49250036138511327,1.3546232976977688,-0.33910250825919663,-0.47743934155748746,-0.3785821557764744,-1.3152836373382042,0.8945910077733723,-0.929733974593237,0.0
0.7157437185262912,-0.9584446812555465,-1.3498165046365154,1.3823567536222556,0.19077528210462802,0.18651826856820258,-1.0865240568983365,-0.6612218644983737,0.32297082304410757,-0.12528361470936697,1.2241252721855587,0.5254486536268883,-0.2746988668978541,0.3859731811262558,0.7726792097557812,0.06585473243084322,0.41390805316031226,-0.11787078729947548,1.2682333202241445,1.728548887826238,0.0
0.6725774612562699,0.46602922172877737,-0.09357897237979741,1.6025037074335464,2.1010791772614024,1.291511781529031,-0.4108948496514586,-0.5055348700801334,0.11876889628295555,-0.4767163491557336,0.7072755642530613,-1.598605897115835,1.0023860337081498,0.6007031122274308,1.1299522878558481,-2.598552976200165,0.8216184013121443,-0.003235120086115752,-0.1339566175775477,-1.9711743781747975,0.0
0.7761020325274548,0.09991702845823053,-0.23119859839949805,1.1779679114993338,-0.5424281941860104,0.5182116757917908,-0.37583678195520864,-0.6762618205117292,1.222982294102122,-0.3083073922410069,-0.6357013668859326,-0.31607936524385877,0.14271847217630906,-1.2569323254679499,-0.7315994886086923,0.8356588575645341,-0.610316699765562,1.777109338479706,0.2297670097313614,0.2631872657727185,0.0
-0.6400432323515923,1.4444593960796444,1.2659423745328728,-0.7352437578164471,-0.3804012216768097,-1.4632110908363518,-2.2989300819636345,-0.35177125819385635,1.4433782048947024,0.9358234526947175,0.5991129194009904,0.8638134114166652,0.39633413558731256,2.218794633047143,-0.6496701048528041,-0.42884834410080364,-0.19999854240634754,0.7730593877736132,-0.04371511029264045,0.10042505303283773,0.0
-0.40548609077210296,-0.7238930691101876,0.8050337209444959,-1.7238929431836583,2.330975995765553,0.01692242337914441,-0.6440199974847904,-2.097609398972156,0.4795402498756752,1.8440762946151472,1.1198838805206521,0.46793797153254363,0.4831096702710933,-1.742026692637596,-0.5869093581913151,-1.039700477384193,-0.06694632812519016,0.37080718665899987,0.32383264825487823,0.06627442311785542,0.0
-0.7319323897004439,0.5570606514993959,-0.116509334507112,1.178726235690087,-0.15344114881770066,-0.4372106463666652,0.3697753616313396,-0.876865239527564,0.36100245416953214,0.7593164178681949,-1.1705074090438408,0.8878438613689781,-0.07326714146583313,-0.5665786590085002,-0.05638945148125859,0.12362505042006378,-0.3147375635002907,0.21357816021999673,0.2764994342329383,0.6214474286574003,0.0
-0.19551677022069375,-1.3934409348974506,1.053285485360592,0.33147642463289667,-0.21005761326983013,-1.5821893361348325,0.3493272193074981,-1.2625207970526353,-1.8522442229241844,0.9086031329496427,0.07897655329963986,-0.41537174688869466,0.9104885271229745,0.5176643169291758,1.4304662701408177,0.013453225945699242,0.6656700190984538,1.2798772407872343,0.4533429912652233,-0.8129575344885418,0.0
1.6583969498879167,-0.6194952080368265,-1.4162434617512083,1.5986759155109214,0.10717153678603313,-1.2564998920029562,-0.3478856884025554,1.3805023527341291,-1.5162893364558863,1.4750194500987808,-1.4209407828315503,-1.0009764216011645,0.10807356589380174,-0.10610560848449564,1.166762658117534,1.3638937738881172,-0.0601920234363577,0.6633181755765704,-0.34627389085469495,-2.2500888574755717,0.0
0.1882945804117936,2.549125486801633,-0.7740239068619923,0.7603914636882457,-1.6234131665560358,-0.43241138166197074,-0.5768376287832034,-0.5120836788008852,0.1422799997446181,0.6533009781552656,0.6493367312031834,0.521432002722192,-0.15839028098504962,0.9389474141669111,-0.8056924157298206,1.2441183056051413,0.6318624403277969,0.23981105156927782,1.04572577873989,1.0909791361887908,0.0
1.7439872749317484,0.793297520120435,0.8349017310298915,1.3526079154855808,-1.1694518476942968,-0.5755409952091111,1.9081490540154025,-0.32651915513645335,-1.0069075134499226,-0.23121075581649447,0.5074533583279902,-0.5437573322991739,-1.4700462973832376,0.36734321262338065,-0.09262118239803409,-0.007566685130676796,0.22919974846077557,0.01591684087065529,-0.761778931146826,-0.3958307214435464,0.0
-1.199424640960782,-0.5890177863423547,0.25184465773073655,-0.9656808136203389,0.4417286622937285,1.2496608987684974,-1.0797188630414234,-0.6159846187010932,1.128915259694249,0.17407102755274848,-0.09634423795001626,0.8321396370714591,1.2210704331183784,0.9810247675454603,-1.4299002406673964,-1.2496612878298774,1.1631606987411482,-0.12426308236645207,0.19924355334106303,-1.1933717538987558,0.0
0.2818565997706336,0.27636868062111825,-2.293109127772478,-0.07653719165875428,-0.9285886076322717,-0.49078473344601553,-0.08243008809032777,-0.6386440220222571,-0.7043212538633559,-0.4357007568194178,-0.6048532284105196,1.5750806733076708,-0.07395543934919276,0.8589600402425255,-0.48970941475181423,1.257528121013989,0.5657003710804441,-0.00848560101085141,-0.41283420489879324,-0.5410145547900539,0.0
-0.028707160307868147,0.016348976243099087,-0.6992301003053739,0.5977004204941552,-0.6100777700198651,0.22023737258027243,0.14282649115897544,-0.5008796030670137,-0.8657841291811236,-0.2721645932667939,1.1887372718590514,-1.7253801184355606,0.5493082904263802,1.325649522366277,0.7222442793850388,0.8184874443643211,-1.3811882436659637,-1.1430378431917279,-1.321875370208527,-1.3989681493228878,0.0
-0.5987638333504943,0.3100996062797984,0.1531438891639997,1.296095399711526,1.5874838401354427,0.08638805698527759,0.3053912830481662,-0.413542064172804,-1.2149236694148882,-2.12585798869845,1.3647881206554644,-0.006567715450648184,0.6165903634533668,-1.796090177948229,0.5010359877489405,-1.442959892986387,0.6470730313200258,-0.20005070971350872,0.31803943399045215,1.1382687048789386,0.0
-1.113026059955416,-0.017941069336056662,2.1222132406736485,-1.222792230327456,-1.0976616356380533,0.1755858092020378,-0.7918618630085551,-0.6497968323913658,2.1262972745540836,-0.31580773915736043,1.7692556210209727,0.10080048264789318,-1.3252324485088007,0.4295426775112252,0.41452417995551893,-0.25744651563622173,1.58743941346667,-0.013483056802161827,-0.09428604531904759,0.7049754402380903,0.0
0.42757458416114735,-1.736325853462233,-0.5121529677116106,-0.9152922720512863,-1.3259750557711363,-0.7520097858111722,0.3748818038965719,1.9071904430170676,0.045294805051662806,-0.7374931831791727,0.5641665446477826,-0.05037963412714841,2.1532907839591466,0.5770161687128764,-0.28521436510233594,-0.32144262194609413,-0.9692866329232394,-0.3212551177449169,-2.3534104329308145,-0.38273876434513004,0.0
0.8259493664122995,0.01810889573325466,-0.6994413233209378,-0.37129307407602075,1.1023190556958782,-0.0009393550733028528,0.721169278319153,-0.7029046870142125,-0.14178755803297027,0.36466563297361587,-0.2620204499473238,1.5228425706721516,-0.42136043843724913,-0.2732566726779895,-1.03470953515806,0.9671374162489877,-1.071226516994823,1.8910877705707982,1.6981621639813327,0.4684512723346636,0.0
-1.1735650813082112,0.8911030174032389,3.9627664759117005,0.8060551973698287,1.103312118362741,-0.050868970124726215,-0.10016146949437399,1.3041215917554994,0.7870429301613602,0.6244803822316366,0.27690108277576136,1.5204760303185463,1.4609512443785524,-0.563285321924511,0.8983775061318903,-0.040170205941020685,-1.4547922988969957,0.6190376969174012,-1.370123408554497,-0.13432499660698147,0.0
-1.1019982990215265,-0.38026339621161886,-0.5621849274259102,0.6139549534310711,-2.2124630109309322,-0.032242714179942636,-1.1100915501342086,-0.1756747775252234,-0.9083214227109765,-0.1435154979655142,0.2201512696076956,-2.2202006893349293,0.810292707998317,-0.22261598447171232,-0.9511807440417919,-0.47913150359462225,1.4197997355356002,-2.547689231253228,0.6522553957168582,0.34067008729083326,0.0
0.6384454838754211,-1.1128797718154106,0.6758568943266751,-1.9283013983821564,-0.232386681868562,-0.5323595191598517,-0.13984585806854993,-0.9413283883494205,0.15749369275671157,0.4462193061465816,0.2545287390470906,-0.2203589272968443,-1.9725999981128506,-0.5327956605683692,-0.051208126047241745,1.6758787313735617,-0.2801068668485863,-1.0338022143977053,-1.8033813183411702,-0.2123773274828579,0.0
0.07077884396839866,0.009446352628550892,-0.5365968818882848,-0.47122484716244784,-0.810797515059671,-0.6386424367958092,-0.1653890014814395,-0.022624556210116196,-1.9241565270975618,-0.3874092759349366,-1.0254114763579576,2.0937143655185793,-0.02062517945476067,-0.28544532740113565,-0.7700454183742027,-1.194161636874674,-0.06857664821150197,-0.7129784311347495,2.0155006677339404,1.4577141644564202,0.0
-1.5111742452216184,1.160396249180443,-1.1674985873630157,-0.6491351182216378,-0.6508080280704293,-0.41662289443077655,-0.7301330524579881,0.6210072690744715,-0.3575251849978862,-0.9980305876781933,-0.3397895891225495,0.13547186626284,1.3952229802470986,0.050165552777741755,1.7601008817019232,2.2379726642775473,0.2815950098680724,-2.038394548896157,1.0577382075851312,-0.29531108011959856,0.0
-0.8782237325842035,-3.546312112358764,-0.03855230046599084,1.9193306799394754,0.38532381109792085,2.3099034887648204,0.828806216978549,-1.1178349228061923,-1.8487487578653672,1.9652537798685152,-0.2959900223137964,-0.35331057765678,-0.30707586361688555,0.5885778231537554,-0.13102216139160353,0.7514758897736031,0.031251977928206824,-0.9443589761233977,1.159069341485164,-1.7947441841190594,0.0
1.909022933556066,1.0243267538252026,1.2083902815630019,0.3878336445543519,0.5120918956290147,1.6310660992132544,-0.20107254825590778,-0.43249884677412154,-0.553927236584182,-0.21369937649766357,0.5698645178801292,0.9352721716765844,0.157277169008488,-0.047706461954516305,-1.8402709645831345,-0.09176776294477074,0.8828135819183912,-0.33952745710093296,-0.33003258568099864,-0.3917633043965125,0.0
-0.6166452787811354,1.5582253192521895,0.9466340882947398,-1.382017999125001,-1.2372229852013852,-0.7512629462858167,-0.5127594428804625,-1.381189306493515,0.9606751787115216,-0.9057959897713994,-1.2297948992886365,0.0313956626835243,-0.5324029097696289,-0.8677179956753399,-0.5267963642947606,0.9315852584334579,-0.11382155230835127,-0.9142633363498955,0.036721430877309724,1.593082940154351,0.0
-0.049380385202722935,-0.4943504612837418,-1.5416931335399042,-2.240945922845144,-1.188844603427521,-0.5831128205273594,0.21702282389218547,0.29872787777211474,-0.2746058908286141,-0.8461822791283597,-0.0008360047710682841,-0.8599226651874563,-1.179573931176141,-0.28951139781180746,-0.26895478982621834,1.1821234573896695,0.6753123484111077,-0.4554729068516036,-0.7618807664334548,-0.9358377113551388,0.0
-0.999827697055624,-1.6334189292676566,-0.5516441411633919,-1.0452022070069793,-2.4405823948568015,0.4901794533041639,0.4857138727546896,0.24445387136130456,-2.107083277191889,-0.562679675297696,-1.570076069732353,2.557194775146182,-0.36636662895299066,0.738396271175746,1.0342248830415113,0.17293569462238867,-1.850612196702298,-0.17081231048537204,0.5855079676019802,0.21263735179255963,0.0
0.7732154883607457,0.2245017899356277,-0.11233704571545745,-0.5545510180832421,0.3873484814249804,0.3072318298849234,-0.8654064516366559,-0.651508152353947,-1.5528143150299485,-0.7745593077031744,1.0683641623197127,2.53955207870009,-0.567209824761042,-0.966032885644485,0.09654843736963857,-0.8820344751549258,1.318438103018194,1.0813092878846045,1.0903433164985665,0.9709608830197632,0.0
-1.0985993982623046,-0.3306207632275765,2.028970163082069,0.8674226985272601,-0.6830395048953269,0.06332573469017376,0.017749225148124888,2.368679998428144,0.27053060341099283,-0.8834388746150758,-0.78092739055889,-0.669317314460052,0.3022450453198187,0.3298034098404825,0.4694883920749725,1.6275325448412672,-0.15084652101984913,1.1400561179725779,-0.07196319670483009,-2.3443075945890532,0.0
0.11794974159701531,0.10885070240478754,0.7686266166811536,0.9190615097779516,0.214877067881786,-0.5125600767108714,-0.4676112739644986,-0.7564863621356279,-0.28227816199501077,-1.0040626368470786,-1.2465691201121705,1.3900268701210294,0.2676447375846619,-0.14166132274525786,0.12352127337957965,0.14870060661308004,0.028905753551529557,-1.108203395739311,0.39237378111807303,1.1266800243981896,0.0
0.8709184656948672,1.4413371160591506,-0.3739978712343381,-1.3137424915630804,0.35539749383712793,-0.6897923580954515,0.5206941205918657,0.8574184929603923,-0.5519714577350958,-0.22544800851695854,1.3614652388369797,1.3624306823952728,-1.090466381782092,-3.432757268575944,1.1973703781388392,1.5232042715518948,-1.2678757298404841,-1.0477820868621892,1.848206972454034,-0.35843032920137663,0.0
0.41102577441066995,-1.1333553372664995,0.30409853090289507,0.03634322408366231,0.005068331086343749,-0.21436915204530546,-1.0924219669266764,-1.889106716873543,0.7881899559669673,-2.738726488061065,-0.7849806429341678,0.06815716139870677,0.1264796721650327,-0.3817535121909424,-0.6362049302291465,-0.3778300723651239,0.2146974937579248,2.690554243230009,1.413893744664177,1.92375281216578,0.0
1.1703869336376105,0.1245093421555182,-0.7998918948768393,-1.441335368736424,0.8051975041772361,-0.1486903292712973,2.332851305987163,1.1186031063246447,-0.23531598936055775,-1.4299259387058225,-0.051381014102621504,2.131898533512992,-1.6891033293975422,-1.4311142328157231,-2.008926085989442,1.18556734706245,1.477168125173362,0.6596921382697463,0.8594182717882013,0.5530925139809378,0.0
2.6018209710483657,1.1578463899903395,-0.3448475545499448,1.057585104718402,-0.6780735105897318,1.345959957160027,-0.0931857912508247,-1.1976477627274256,0.8920924877959828,0.3715274205281441,-0.22104760475184754,-0.5540648713482786,0.9483081310488821,0.5615855736390536,0.2831915722229904,1.8360538214170101,0.11014759648721606,0.5910170660132257,1.4163010787904173,1.7079093137451347,0.0
0.8724795283172095,-0.8999321652281838,-0.6328617903750742,1.7655881277019234,-2.0593792699229025,-1.213370807963752,0.5165069322314665,1.6934690854562076,1.1355776793235337,0.36282634054496443,0.2496244657295231,0.8813657088674497,-0.5207189759054518,0.03923093960493795,-1.531886063730722,-0.18525453072110096,-1.593435859855001,-0.7780245811531458,-0.5922814498230643,0.3706630672623577,0.0
0.31539498654892767,1.1700289403350435,-0.07855169350097337,0.3114674973895357,0.4233296368905987,-1.0714556776744577,0.18920718419867288,0.8776112347527609,0.38574438647576426,-0.5400682686380763,0.6465385977951295,-1.311056767724633,0.6351053265552146,0.990549558934932,0.8521370133249911,0.3688849890608084,-1.1569469197794944,-1.335510696672914,-1.514131058054721,-1.3686188878355185,0.0
-0.3655085750153369,0.7948731844801297,-1.8635246754534163,-0.00814137642474984,-0.648260959397503,-0.33036859404780694,2.047199901997075,0.23067122618176952,0.5822829782002492,-0.9281657459040116,1.1349134462405022,-0.14332824127517543,-0.4066752268300688,-0.4565176796625055,-0.9340439158987219,1.1147625571049824,0.4475878429780359,-0.4855314507341488,-0.30855089234894445,-0.5787489706142507,0.0
0.5812348844089701,-0.4217367895106658,-0.25903700830914983,0.20840363260156258,0.7248728974292014,-0.5088189209100636,-1.2779288271538243,0.6991573208148784,-0.04140678462902271,1.3194852958313958,-0.8507078704748499,0.44120648748516395,-1.5130664924423234,1.747174294892975,-1.217454172409368,1.8719903482873195,2.262318334089013,0.6930051994456735,1.2723607086154933,0.18448075971056022,0.0
0.6047484509185221,-2.23267308092318,0.7791990682574538,-0.5091569727057568,-0.42883102407744683,0.4649175887847217,0.10129161284511018,-0.6523605397915848,0.6231823272964675,-0.1617181258669495,0.5807691151087241,0.7558848990330491,-0.4936771083533432,-0.3104188273675678,-0.48215412511756217,-2.2303307599735014,-0.46731174948537135,-1.5226540258494627,0.5129569077757974,-2.24242856180901,0.0
1.0471116651180556,-1.0984477889453217,1.1837186583495585,-1.3353026235663454,-0.3218556493890606,-0.28913369447862236,0.045000046991170085,1.111618328287581,2.1511970858079237,0.3225063816775482,0.40961780235577844,1.0120896205785619,1.2808867351897524,-1.390319558516889,-0.3507908877404815,-0.8931337161973079,-0.8094666028064258,-0.13487749515155617,2.5561987245569053,0.9011618510544377,0.0
-0.0021279828088439407,-0.4096730090673124,-1.126819316401716,-0.3060086699721405,0.133158085343528,0.5171015690515952,-0.04417589888002903,0.9419396954746126,-1.6494732175961493,-0.8498837136909982,0.7801138028314836,-1.5258999298693179,-0.6975834474548555,0.8793878427595059,0.6528857862913964,1.3452187871036942,1.1965873997837249,0.6287415380342837,0.9531070887530592,0.10478626650218749,0.0
1.5305154129806493,-1.4498438799664675,-0.16945211992787393,0.5722189454074474,2.301671173199874,-0.7394066445451373,-0.7110293793303087,1.116767881586088,-0.4838563819437537,-1.287128621574439,-0.6125370803190014,0.5633492449484411,0.8484114703700483,-1.58677445901894,-0.6212437783682611,1.5522114337334136,0.4747410148994537,0.613914150203291,-0.26565877747047917,-0.43442050143626065,0.0
-0.6912667015545465,1.1109413416750142,-1.1338592922777035,-1.3055489619851106,-0.08571717908461855,-1.5964736119449505,1.6795515279051756,-1.4359545271111047,1.8191520902796599,-0.8582994157317028,-0.47673489148893744,1.4745662174342185,1.0611993599313527,1.050535094157173,1.3283979022761498,0.7352861824832227,-0.9974909265458621,-0.15241691813492117,-3.0595096519729004,1.9807347044067145,0.0
-1.6211350378572162,0.7235673979090168,-1.5055025123046117,0.3381892600772202,2.3034312097316674,2.713487008241603,-1.031413030406405,-1.1314015946612535,-1.3723497269854665,0.08765655478925094,-1.1214327781186448,-0.3573005446133436,0.26460479722811187,-0.8031909815359894,-0.4773357875022813,1.2195371603123062,0.9179406596461515,0.5909621855666916,-0.08245208430990274,0.08054618045151452,0.0
0.07210851219595414,1.0600956789919298,2.2910115657428944,1.5955170991295804,1.812428492205838,1.304760482263713,-0.24424359396662412,-0.6460171767529681,-0.030385488371762383,0.22533557880899396,-0.36036498613252477,1.1917522269315728,1.01097768126323,-0.6876641376388175,-0.428282022485816,-1.7767492433289265,0.11946850520557703,-1.1802928033038655,-0.8196085888152415,-0.5130215977221592,0.0
-0.02877412541615569,-0.7406729662936088,-1.3191180390787298,-1.0528309193963916,-0.47207034378945156,-1.8241827616231192,0.3074718645950657,1.4075904222823488,-1.146723053677891,1.6789224285376485,-0.11483949652948014,-1.006388297720218,-0.9829685700884805,2.533824340856097,-1.468491608276373,0.14676783875072277,1.0318618082354982,-1.2854408389135656,-0.21838170140298846,-0.7378860042548834,0.0
-0.3813781729338792,0.9042007381144163,-1.8179935512026175,0.8793087850838888,-2.0703583784107003,-0.22257148779868163,0.4891437452418646,-0.0369969977572974,-0.6535832195645302,0.558162310463361,0.1760463990450777,0.8181141092857404,0.07837416056295148,0.6492534152764496,0.941825288192669,-0.9194130949381757,-1.0562700537255316,0.51192597543411,0.28108518142168454,1.1667076791227593,0.0
-0.37241558947957576,0.6006940368899332,0.2268748449755479,0.20419326623813247,-0.165686247823241,-0.24556653017797803,-2.7642628481941625,-0.370907795052601,-0.8283473208045298,0.9667943825645061,-0.6093086369779951,-0.24643328774273446,-0.1881362358460857,0.04229382527595479,0.5837663166351685,-2.5490878828661225,-1.5156248652322015,-0.05408335114025138,-0.8644255293893199,-2.294546381103526,0.0
-1.1229576655272864,0.2824419145615391,-0.7050509263778092,-1.1684391945281916,0.019205099418301567,-0.5334011895879945,0.05599386065473843,-0.7300666090159414,1.700617408218216,0.3025652248663832,1.087665546576652,-0.8051921531006614,0.5340859253380287,2.0753416270090974,-1.544509878173277,0.8376138235632339,-0.21489106494602636,-0.6531552595440338,0.21716885888350634,-0.10210175962471833,0.0
0.6660821756950833,0.615313424374115,-0.650153046598487,0.32866255992272797,1.417772204959171,1.2815639250197612,-1.2388189361167052,1.8897475552457732,0.1790114811352992,0.18332074041768529,1.2076213963460503,0.19143289042794748,-0.8639904546158901,-0.9240833484717785,1.9450671912863549,0.898752470018816,-0.06026505143455198,-1.4846801277436013,-3.353005934926073,-1.1059151160595821,0.0
0.1767796853068914,0.7007225757019333,0.08086001565314789,0.3255472090071195,-0.49481471649595166,1.369917725074744,-1.9274195195078627,-0.4159546430868533,0.17569795980635913,-0.8771637528253763,-0.7318716749492603,1.389297541294571,-0.5140542555465248,0.021381413192436586,-2.0271375735561543,0.8871310556151677,0.3329210046419475,0.16650603564357674,-1.1158715327332498,-0.6301524656158567,0.0
2.7096139090952693,0.44528268744655325,0.6546849734000733,-0.2631544948189953,0.5244819823206269,-1.7514878990993161,-1.9994426393851317,-0.37854466765761613,2.150465131753619,0.7033431424108558,-0.654391689514576,-0.2352989450890272,0.7124596110714064,0.17121241758909206,1.405251342450008,-0.7565907258005223,-2.4093195340442697,-1.8492895188223983,-1.2977665212542868,0.31744148448848636,0.0
-0.28743710631289626,-0.988920654352276,-1.2850773246166247,-1.3008657513664708,0.3706888767089401,-1.166600556341411,-0.3693679535065834,0.200816578897777,-0.8293862134396679,0.2153427420840227,-0.8220802220649521,0.20853964338004718,-0.09037330997651424,-0.3761483373290633,-1.3780137179801994,-2.546115965813186,0.8627040429153412,-0.648191219319158,1.6832756490303273,-0.26730607929453576,0.0
0.8378857743341213,0.4493689741373263,0.08834480953390403,-0.2112712570479088,-1.5042977555386183,1.163391789572144,-2.400004482788184,-0.9272549088936678,0.06210734484734287,-1.6804265251154527,0.09949303018499059,0.3446917213436571,1.2455618945162366,-0.50711767427908,0.5688194186487368,-0.1899269422807727,-0.818856101347668,0.07579541718224088,-0.544389096559178,0.3376940217142794,0.0
-1.353268391315989,0.05168705409184557,-0.37751216356928075,-0.48277214019684667,-1.8613196137979144,-0.6635947464130556,-0.26101330188764166,0.7951586635346507,-0.14748455430745364,0.6878368277374419,0.9075154444135529,-0.7151220470970094,-0.787417192931186,-0.05305584678863713,0.8515606501429894,-0.09747446859383158,-1.3117276923128132,0.013736253760841059,-0.9947915292717607,-0.06786435139553347,0.0
-2.357349422346888,-0.4809184687333892,-1.1499681157751722,-0.8538944732307164,-1.2255026627673073,0.903170590505088,-2.5293612429726666,0.36447205660913096,0.7643863664116209,-0.8467591176837532,-0.054624552824708614,-1.3266839137111102,-0.32295922441628694,0.5564167244648057,1.048104568054824,-0.5855570813759886,-2.0528920791103054,0.32294241561753056,2.6431421593376405,0.15891404671333004,0.0
-0.20682121380939567,0.7194842360423445,-0.5671807258605797,-0.5571131350298212,-0.9697469193308199,-1.1413762334127215,-0.5286344523553412,2.31355149381333,-1.7154174004171947,0.04857687551677145,0.1544462573092428,-0.13922300889265818,1.0995604033523423,-2.0079761445255504,2.372782547210124,0.9795223384985164,1.0456825672849739,-0.42241232792703515,1.4857701095618607,-0.7170853665622651,0.0
0.2488356430079341,-0.1843250354754651,-0.7105906379094179,1.6328000931941131,0.4950490047088747,-0.494322321012197,0.05992042026686278,-0.3224189952344223,-1.334134794010314,-0.41737498991887195,-0.9507230762273015,1.1411972935553127,-0.7433264664051954,0.6751966157794156,-0.248032198078174,-0.08427742891039852,1.636309694275817,-0.736207534402116,0.5132539804576015,0.3010442478055212,0.0
-0.6322993907777712,-1.7330190709204174,0.21465317086498578,-0.6598568250422117,0.9511532072184894,-0.5870665975910188,1.4197609385557326,-0.3446883507628726,-0.8183919134731336,1.3070605108574938,-0.05990829761207418,-1.9355402903582333,-0.14963775594055562,-0.5279751207746136,0.6252196693446241,1.2085681239256911,-1.7021679184541842,0.749746237519596,-0.9634951172451105,-0.4686697509053229,0.0
-0.10035817491660734,-0.7852261021056097,0.08024304461117505,2.3076331419212996,0.043877642139173674,0.0957107327070039,1.5379494468709174,-0.7976135550645072,0.3039296313059045,0.6391805330246123,0.9598467424023162,-0.21422634375851823,0.931859354939734,-0.6143642580485305,-0.5215223914308535,-0.9917538400533157,-0.22694653301894568,0.02539873543687807,0.3982194809197168,0.7900388603976354,0.0
0.826542509648701,0.12535067130947042,0.3041937575226096,-1.1639385242370812,0.8197662524262963,0.39167081682588073,2.176547506845938,-0.33062512068130123,0.37626236246334693,-0.15505260546698993,1.151478075611606,-0.4453841944047304,-0.36413878131291233,-1.41068417946079,-0.1918004210561614,1.829569544479931,0.2541476351186925,0.7941596991110224,-2.2217958788211667,0.47856643797846893,0.0
0.8654428925342519,2.5231231698553596,1.0905390464832683,2.223512379176971,-1.8549112938034888,0.9012473411658735,0.7728156222531087,-0.4627588554572338,-0.1494146601791304,-0.5608095097034281,-1.9802517618303523,0.49160198158051743,0.4640683108813269,-0.29397517749047763,0.8143452667570861,0.3242975215202752,-0.3312226335236256,-0.478862284383333,-0.9748312630633555,-0.862114378702037,0.0
-1.3284469689545735,0.8497777906246858,0.014966596974802756,0.8324341683507843,-0.02751802304472033,0.5559569709349509,-1.5679238669040474,2.077775672611671,-0.5447208236559017,-0.9515452106461082,0.1072837114997406,-1.2170182147412294,-0.641019471137278,-0.30236009385875734,-0.16616304603897464,0.5709380036491655,0.17922044232605197,0.09380214806246903,-1.6468650885899114,0.5413471202866273,0.0
0.22109361605503897,0.5973696501622261,-1.337886252699195,-0.5264940872972825,0.5189572597100024,-0.4182569418170523,0.2253452147151601,-1.1664349296119767,-1.4694481009841196,0.9298057306962257,-1.5390595331281538,-0.9410854374891726,0.05907695750404307,0.48100184348177444,-0.8914531531362564,1.028326463839442,-0.4144366203388352,-0.10134653637492441,0.4793445540099145,0.021880438747802346,0.0
0.08646919046058699,2.3204542425147308,2.3517123159578612,-1.1286541416240012,0.5640475972232502,0.41667090642077603,-0.8464111413477318,-0.31635567433662176,0.4005849083003038,0.5659482699831365,-0.2096531306940708,0.25077784927755936,-0.16857547427719854,1.460816637332228,2.2893855593451278,-0.09150660197721419,-0.3277323047414515,0.3149060827809293,1.423612485982659,-0.26402800763158807,0.0
-0.33482352612218386,-0.4786676418599917,-0.7029113871910087,1.1001147997867526,2.2230993027084724,-0.7344351568477592,-0.3865655071836767,-2.3586673366414073,0.28794544345064454,0.3253515112196253,0.8873438422241875,1.9317396865604461,-0.25990682719842845,-0.1380940225641766,-0.7638859776963937,-0.8143411240650098,-0.42696728110718096,0.3057022332741378,1.3753356133220855,0.649087267495246,0.0
-0.2992711797017375,-0.3211213662185089,0.977374308530915,1.0642448150806805,0.6365612531041136,-0.7935825352929756,-1.6844148894357789,1.3575994164338236,-0.6887020384161048,0.32997159689713096,1.1601682113563712,-0.06537724302578539,1.0461881946047633,1.4877716380625283,-1.014416277446203,1.4301843803410041,-0.5381448828830456,-1.7963838132155876,1.0806688997537424,0.9122488804515553,0.0
-1.37508102693244,-0.061932452935656336,-0.058792728563697244,0.5366741805804748,-1.3207607490626962,0.29529201571089203,1.1951146669039627,2.1282218179318826,-0.9554514683491799,2.4385260656683188,-0.8684918435769587,-0.44627507028312513,-0.6028198837739056,-1.1373776890570992,0.2574276209235624,0.8647420992462871,-1.0311030623398325,1.14079380614865,1.6063721500756547,-0.5552541709040697,0.0
0.11111526880896544,-0.48594790480289957,-0.43108641681660453,-0.8836319760681575,1.1535238629479843,1.6244795824405185,-1.4706741217205828,2.757345177372638,-1.3102594242722405,-0.4501931285789397,1.9161260806178377,0.9762833946427018,-0.03132888923633691,0.5884524752247777,-2.196749623901087,0.15849238293840406,1.1260110283492777,1.4923685833796527,0.29387082087973204,0.05610633896124277,0.0
2.1114246537118224,0.9520306497122347,-1.0326051141407258,-0.9652654800424479,0.29198287402041295,-1.619059624436636,0.3078719593970304,-0.8841104965530541,-1.0011964480949216,-1.2721285381515397,1.013050691224643,-0.6595826614872009,0.6475427045194503,0.9743004777241827,1.2187579192674638,-0.5194595126508642,-1.1350120664941055,0.6741362631630519,1.1294875358106244,-1.1188836658867733,0.0
0.1328170354882337,-2.445438334765602,-0.6153187931606967,-0.535331342241141,-0.8952507664326064,1.3596772640088213,-0.3787308975005546,0.9258698305512714,-0.6138753925307905,-1.014519399236899,0.8789500778897834,0.772784065118918,1.408504568410125,0.7729704336387735,1.2673538082054001,0.33039749031052024,0.2664065492644012,-0.02175309107774255,-1.9959598601545656,2.7470241585018247,0.0
0.7700130740093452,1.324854755371513,-0.6132544610337539,0.8054361542697864,-1.2603268076587917,0.10153686241126314,0.8751840972054648,-2.101366623573022,-0.08443442368325105,-0.20059391991990894,0.2190985244357309,-0.13776075304818844,-0.9309676519691694,0.49693228948134605,1.6946449170334172,-1.7802394267649866,-0.19452487448704558,1.4658330889342182,-0.1377447588346636,0.5940574312385782,0.0
0.401576845727773,1.2825423699692062,-0.9899864825310187,-1.4796331610999673,-1.1550528157984137,1.1818963761035302,1.36382783233731,1.0139220743594306,0.2692774737970227,0.827933355256921,2.090788466663705,-0.2399827282601139,-0.1808896933182628,0.649022500441378,-0.5597871565189145,-0.5626590329275186,-1.609692991256737,0.2939964157980166,2.178133254453168,2.5675775473971734,0.0
-1.3454956983770374,0.6237312543805605,0.47882198281713806,1.9366212051168858,2.526523314627926,-0.7071672031560444,-0.058791210525203086,0.4089986003394219,-0.590690196547374,1.1745657500658797,2.033688963310225,-1.0878764280954487,0.775112092760848,-0.14718625924821638,0.8672764805972368,-1.8969475983985582,-0.6884439830294069,-1.4809949036152412,-0.2551909554628695,-0.14868454944467416,0.0
-1.3188239853713308,-0.17042698272013973,-0.29385120567761114,0.023857420581087484,0.40680833040407843,0.21170677056470358,0.605108247047401,-1.2243441040541223,1.1908865675411668,0.39214139440502926,-2.609727333771156,1.7045804016345178,1.0370697306867356,0.7955877878796753,1.4613007473108228,-1.997842155689168,0.006703805705684905,-1.2553668743216975,-0.6999714922815681,-2.161005931405496,0.0
0.03957511917999733,1.6754701978984836,-0.6477675168876986,0.09350183240570056,0.5448698621591332,-0.7711186571661525,1.2725706586531407,-1.362350604866719,-0.6129245751103388,0.5407388429106608,-0.30768971206466694,1.1499209281909655,1.2392179066324303,0.695804832267935,-0.01226868148237623,0.3364847486645773,0.7777671451928914,1.2589336506065167,-0.7178577956539182,-0.021515976397732967,0.0
-0.6640508871484704,1.0763775283083392,-1.4860140104725008,0.7895848559800461,-0.5618612367942611,0.20642648549267564,-0.6999222840089927,0.1786186735499953,1.7873608452427967,2.108964561173949,-0.4418727868471942,-0.20620418409155505,2.482353026310362,0.03231070149758595,-0.2219464544630368,-0.2553816214958011,1.291269387867908,-0.2696392088587606,-0.8419551353870648,-0.811049736311435,0.0
-0.49084903774817895,-0.32309161137117276,0.8905579296986199,-0.22592051120885043,0.3162700816387497,0.09441983039471623,0.22226352996310345,-1.1586307729021819,-0.09375089885640567,1.2800905834316425,-0.6287435787443667,-0.705256844162722,-0.0003136157804398824,-1.4536919475703738,-0.6710341619434494,2.077121128320749,-0.6266290742747541,2.1149251522819577,-0.80175819625324,-0.2561236987154569,0.0
-3.2352273928028197,0.7664758496647212,0.8026523888534414,1.4471215501223968,-0.7247688971173721,1.339565993420325,1.1169285054170952,-0.08772221496172977,-0.4900032953169104,-0.662395333746113,-0.06961410517692664,0.9284747004529583,1.619315588635426,-1.8813046822851438,1.5338778937281636,-2.460042464289674,-0.15871995745817868,-2.5474823401687523,0.3777026710994562,-0.4002855140754659,0.0
0.1257312388089222,0.4430858697607222,-1.8551791879201356,-1.2951130317433053,1.7589369736556655,0.9993236642781039,0.6840705059347508,-0.08700116364054541,-0.9270465129774857,-1.082675148049322,-0.3844056215367676,-1.2215667425094143,-0.9377397845764678,-0.05312691714627952,-0.4630287290902911,-0.8260292175495878,-0.046784211790185784,1.038015336829629,0.9081082120500925,2.2097130521535493,0.0
1.413358716494302,0.6764185781993913,0.053870441884677774,-0.6997453326110595,0.6082213495350398,0.15302830548760604,-0.5574273399608094,0.8789886490394392,0.3239550257194698,0.7592679021940448,0.3204281880277077,-0.8974575185934466,2.0381782727952293,0.9021977434269115,-2.5627473111309538,0.17892029594530062,1.988616336794962,0.7168647092892391,0.5057040778318148,1.69378009455907,0.0
0.9105439982186005,-0.982398573997763,-0.8525804431588649,0.5660825018448559,1.3895773308929096,0.34150217999614285,0.12065211223454966,1.157455437330323,-0.778329430101702,1.6047894091106338,-0.8746469274692814,0.1333574655979503,-0.16333013642032182,0.1479630191302721,2.167487021985251,-2.719606271396881,0.21009498180809796,-2.016052511556479,-0.07231367404316699,-0.2081205486907359,0.0
-0.2504678510285422,-0.8048486416039798,-0.5741678587184658,2.062838679661982,1.8793884810095596,-0.14054640883113598,0.7946672228181586,-0.11104342300426907,0.49528255407622385,0.17664412932895143,1.279849085306035,0.6749543796963552,-0.7126721554004152,-0.4582915527494939,-0.4422634386760427,0.9400595417124585,0.5612457883093582,1.3637115480029485,-1.3115475823200167,-1.3606824053089404,0.0
-0.47202853185261817,0.4329685713090976,-0.1406673191283826,-0.1091512988832141,-0.10854966374252978,-0.49495870390955976,-0.6011807393996236,1.3159321345104669,0.4064233625911021,-1.832139322072405,0.6412406660575896,-1.7592583204811212,0.21076494095886505,-0.8079522139560824,-0.5549019211959467,0.19101479175625957,-1.3139599493294163,1.952921608025104,-1.5538162374345903,-0.48913220085636333,0.0
-0.4511413713149823,1.581936453350856,-0.6535571896110105,-0.7913826563310002,-0.09776554790284002,-2.1231089618760657,-1.4077073388929195,0.4848011686932056,1.9555116379850863,0.11449879515130494,0.1334772360704265,-0.16341156191330405,-0.3166014766471,0.6540356893353335,2.391615713364,-0.03728025587150899,1.1852481056113822,-0.6336208026213787,-0.31055005723211576,0.9013619426564177,0.0
0.6444055416638526,0.40242815776480567,1.6580197185499732,0.053450239172619776,-0.47934548291927354,-0.6263449382747034,-1.1499214886831872,0.9457302016165592,-0.7529558601647321,0.16970052961173135,-1.2952805411848654,1.2016902172453086,0.2530426094506393,-0.9832653998024089,-1.931636418906189,0.13635385898045727,0.09141850385767743,0.5864095042609527,0.7793110579201826,2.6962928024413095,0.0
-0.12135827832114583,0.30889138632446456,-0.16770504148761728,1.2496387531311615,0.1518893921163343,-1.2682968484149542,2.7247813320054206,-0.9261987045133266,0.9353035270318044,0.81290072915888,0.21127749690593167,-0.6852751868154917,1.5163991671087387,-1.6408537789911333,-0.37114209903552126,-2.026356937721791,1.7046398280750525,-0.5128316980663228,0.023381119870433422,0.20688600995968315,0.0
1.6636168036354009,-1.4173193578974737,0.2781008288252746,-0.21043628959416685,2.4098852645369524,1.0353722595676875,-0.41465929697683984,2.846009559674792,-1.2928927919453577,0.94723449595224,-0.4390928652473633,-0.3562688590689936,-1.0958189057181404,0.9412531169977086,1.1685855031991914,-0.12031082964020477,0.6828997170159968,0.4883713962299842,0.3432523873672929,-0.6650523353424246,0.0
0.465786749509976,-1.1197741336956868,0.7772463309955504,0.6289825006010308,-1.3435030113363862,0.47638381902757065,1.8789840112169536,1.5113129066138233,1.1444194176245148,-0.36080147580924055,-0.2716435306114891,-0.8310848006276941,-0.8422156064990276,-1.4865582528368728,0.4000106407303343,-1.0057659510614074,0.8416112447429389,-0.7640954764863085,1.0961507926383585,-0.09102869537003394,0.0
0.48468781680211537,-1.086270630512618,0.3604279473567402,0.1549038146985822,-0.12892063190709638,-1.0676430829853283,-0.3962058911315898,0.9939952979801423,0.4260136542972715,0.16427050348090166,-0.6841826395568118,-0.5861149494089213,-0.4073459260586784,0.9815026811958267,-0.44338303140129914,1.4125739803325577,-0.2598383216166893,-0.13364045063908303,-0.47458828057531394,0.0357689870087266,0.0
-0.0854496919998515,1.3711520448101562,-0.61296689465442,0.29567975852659345,-0.49248981539588854,0.24022747355193627,0.48771557737754934,0.7479659196688291,-0.560017991603029,-1.2703910151511304,0.5670655975548748,0.47664377285975257,0.9927866496078457,-0.7382289082117884,0.5053865010184737,2.061866584757329,0.5281185039493766,0.9236212605389191,0.30100935997371386,-0.18743554584042096,0.0
0.11207850463815733,1.499814120856474,-0.39071900347175625,-2.1921489322667407,-0.03761123736464088,-0.7054590142024142,-2.1253767852820227,-2.127301677774869,0.15827273460886415,0.15907552730816998,0.30511840328723827,-0.9194597737605779,-0.30314479378487397,0.6748820502542586,1.5508150247818426,0.17097360465160472,0.012251644375589801,-0.7301856606704146,1.2912326451721232,1.4930645460917826,0.0
0.9158811882992932,-1.1217106849850205,-0.9619332538628983,-1.5261777752620909,-1.2849146168958006,-0.9107293787683577,-0.6405013810560757,0.2719638524142665,-1.3111151056313537,0.18786842498212808,1.7821776140100425,0.5268257027498184,0.901139243751378,-0.31495551132026894,0.691068773548866,-0.6858062940262037,-0.40461083745875825,-0.4663687430778115,0.926985666034028,-0.003281670061335809,0.0
0.4540149571478585,-0.6690918280142443,-0.667115403442025,-1.3526188651420847,0.8768789202409726,-0.6912008894091397,0.9942764791120096,-0.4239779741860299,-1.5848579219670376,0.589882644221841,-0.9704936918357923,-0.8676450560765694,0.7001027927806934,-0.45239403788058846,1.301108314139307,-0.9023320736974678,-0.32480010456221836,-0.8892629399230918,-0.5009174837482102,2.325461263794249,0.0
0.5289279942850024,-0.715059349337716,1.394723980951517,-0.5504697641338219,-2.858416531857457,-1.36079989655339,1.2986829162985214,0.8978979876998744,-0.4188155817512082,-1.621391085124824,-0.8977144060918854,-1.5436189968540543,0.4001138353500659,0.04669498248824517,0.6545268626552514,0.2303076294081727,0.2641249408301274,-0.0460410548265615,-1.1737177551768476,-0.09395972704292636,0.0
1.5425528782393223,-0.9100919406226817,0.8611371882474796,0.031231529971017625,0.2699775298990209,0.8433599771598832,1.7619059401156785,-0.9093813042680396,-0.5537644049350918,0.6831815152460602,0.15351218133591923,-0.11147297067943912,0.2254121549531765,-1.2818922920804379,0.41823324555447416,1.6726818173482199,1.7800574208467501,-0.9183313673127514,-1.475504091580295,0.8194782754287611,0.0
-0.4941624513419108,-0.3005913982153442,-0.9905642615381778,0.07693850344460029,-0.10021400975046883,0.8429031416032039,-0.7671159026362948,0.9242161990321465,0.5769182960445136,1.127867734426765,0.32461591635112075,-0.0068583678864248465,-1.15296223237673,0.3642793228072662,1.600696898543095,0.9435427079102525,0.712104520085987,0.04259497061944339,0.12423746807718217,1.7054688001631677,0.0
1.3637315093206717,-0.5541484126963238,-0.5136955778171809,-0.8974947748599801,-0.5653715402950408,-1.7926204288903602,-1.2114241101878802,-0.6950786935676178,-0.09311172036862497,0.3641672172883926,1.5623512946360996,-0.41317844030018513,0.7712525681240733,-0.39193988306398336,0.026934802309650993,-0.4057577908227237,-1.2524468226958114,-0.2941502712061747,0.5489449378765162,0.8902099995054451,0.0
1.7554907958596588,1.5647190244703044,-1.014920336070255,0.7833851246905069,-0.7414419593023893,1.6170075188338435,0.022514782390804865,0.5477541270694352,-1.3145750850746571,2.2866774222812056,0.6936109976607737,-0.4313281621450315,0.47406357911380437,-1.8068239075947483,-1.1238610183178919,0.4576338968785757,-0.13622537923499722,-1.5088141461793463,-0.6939262384127887,-1.6425693402216754,0.0
-0.2637738259184154,-1.7846461456792297,-1.2602704252932238,-0.4058803878648568,-0.40529116125661624,-0.6351395193009337,0.46985140391433944,0.03728289049128853,1.778441457626309,-0.5276439350650431,0.8496402339123484,1.634888193184198,0.20608265616051563,0.49321880424798076,-0.8966437944420647,1.0200490232353108,1.4321913759395972,1.1979153174315378,1.7541717375458932,0.19427053249531614,0.0
0.8223942179457905,-1.1852490163779668,-1.5280847278732026,1.3781745358279183,-0.28552814007949207,2.792967939517558,-1.179359063212295,-1.0022464319223365,0.35415177660158775,-0.9069434612191197,-0.37058252273409326,-0.894808793299963,-0.12441195482752597,1.5020016769484072,0.2906566154108095,-0.35797645239295056,0.8412467227145198,1.0109121455603185,1.2518180726259378,0.3745076328062276,0.0
-0.2639706630705206,-0.6205380058499448,0.6658688766067433,-0.9002138595837273,1.4837003326308926,-1.3570864697391887,-0.22074637430153435,1.6137560872164087,-4.728781653655921e-05,-1.0680418486954435,-1.7795924729878603,-0.8806667312865669,-0.6169250392540918,0.3790616464639022,0.06809697106291422,0.6643716531582559,-0.21506453675988269,0.29241482394222973,-1.3470923043892065,0.28040879060565577,0.0
-0.39031913989846934,0.38152571106191846,-0.14720978623718475,0.794901867182448,0.1028698726716342,0.5637534195433742,-0.599696454930234,-0.981244991842692,-0.4660033161462506,0.4345846785789846,0.7766385869931695,1.4866305997935616,1.7188649668458365,1.4436202958188122,0.20883796692730647,-1.5143386511544068,-1.2842147845623724,0.35368724208235186,-0.0949273565264816,-0.8798991190383532,0.0
0.9581358020783625,0.7830365357756567,0.5453715627948007,-0.48052847923647224,0.43965194814366537,0.3532647696710359,-0.2265280407675639,-0.6308938413999272,1.0843174288864088,2.116593614941097,1.2579124034511793,-0.9642034555672335,-0.8111632471782871,0.0036320581092870886,-0.020490191279735965,0.9000276278554301,-0.12396798404228784,-0.8203278342040257,0.47864310486796685,-0.01444172784756099,0.0
-1.4468633103577049,1.213955037295079,0.008794204116515568,-0.31693489679425446,1.5386585100183956,-0.21601196141103904,-0.18184404403529886,0.6903774866714214,0.6752823035594343,1.2268986419232735,0.2592305433870196,1.581906166424892,-1.1667916258350532,0.057926312676977065,1.5628689465255678,-1.198646420559827,-0.4386569416085549,1.3307727264458404,-0.5726010612029797,1.2433984801369957,0.0
0.9380200400381286,1.3995215666398295,-0.422280168360614,-0.7785590858693563,1.4470051484807498,0.28147991989180027,0.4814640221348285,2.2145102328628425,-0.8776362048497551,-0.3084626879177749,1.4812449988259466,-0.1957644132286606,0.8045121052604812,2.116210845933782,1.7805837506934943,-1.2747572605323398,0.16125093281300534,0.2784301834556208,1.175729099763152,0.4346954815169495,0.0
-0.10527140878128516,0.022754186426280073,-0.8301902942429824,1.3179589793979607,-1.5836728470494066,0.6701700487018576,-0.6900093892230422,0.35287973890311336,-1.954906951570063,0.23714585625070056,0.5781703105502153,0.9835187461771777,-2.1524333216434903,0.36730025021602986,-0.06373100582258397,0.30872916794468813,-0.5355819983103005,0.6592217616055447,-0.001590301566008466,1.1881833040308243,0.0
-0.3983437420436387,-0.7119998210476333,-0.40660833288663956,-1.467592732933156,0.1602584698542247,0.798323745175786,0.40517132173057724,-0.8988933538040683,-1.7035881352492526,0.02212274522743901,-0.7070748784974921,1.5321987443347398,0.5176040545867665,0.44571777968445153,0.573928476725317,0.4012791911380158,-0.9517253817019543,-0.013888044445531782,0.6628240820021502,0.0903776414636214,0.0
0.03374130161301508,1.083250954731369,0.6502042627179111,0.9218586600489461,-2.360540006261567,-0.7250861005999512,0.049574754615455636,-0.04616750279192664,0.7078635456881199,-1.5593904272952985,-0.571193702737411,-1.508539899243517,0.54830142451744,-2.110499788652639,-0.9983549864323906,0.5919096849400551,0.19315898798681508,-2.542550055772591,-1.8495011956252958,-2.2099944081682494,0.0
-0.43968307248868815,0.7329622548781001,-0.6285861269133198,-0.7240395155564925,0.3338728316551645,-0.0976050731262519,0.5821200853777944,0.9920097600429246,-0.5806871675833348,0.010772672601361541,-1.6716776325181908,1.3385642699696974,0.30350248876576114,0.8564039316515613,0.020434114758415257,-0.20621209166856824,1.6009097946113677,-1.0223350852577358,-0.20765579390665936,-1.1772281251878172,0.0
-0.3332058056449633,-0.5479817578431609,-1.012722262800078,1.1958469734561459,-0.9993318023533788,0.6811651850628994,-0.48304409975273127,-0.3458659270968806,0.2823525833877186,-0.8286343453642523,-0.4584679698395002,0.963345275512648,0.8287921643676092,-0.5774131435107791,-0.6874316016487063,-0.20710919786781562,1.2919201779593152,0.29819250157935656,-1.5734437699767465,-1.0444140825097654,0.0
0.9879679432822268,-0.579052650417762,-0.42851650377882367,1.4550885013015382,-0.17643724516132078,-0.13814875853244674,1.0533242662008715,-1.242784127904025,-1.2443451858080372,-1.0864446502832052,0.10645327911091727,-0.37454288004812825,0.5566674596035308,-1.0026812543109156,-0.05511344117826333,-0.4485084649838709,-0.5342163473611292,-0.06094224241431119,0.23415827308896933,-0.7075534249947617,0.0
-0.27350084769245875,0.9100833915755975,-1.7096498425312232,-1.5476402157385596,-0.46544213996904227,0.41131233476914647,0.022154570396191602,-0.460727329063903,0.9617346075561668,-0.4142325973622942,-0.5412087508289758,-1.905863281394464,-1.2615096583303023,-0.11826952036254341,0.8124055505731183,3.0974311807033277,0.8948677872929207,0.7829327690161625,0.4388936619481529,1.2952144648316792,0.0
-1.7011335257093587,-1.268792012669346,-1.253512670056676,-1.3712376206511603,-1.3148480326687184,-0.757533192626085,-0.6943322924096633,-0.4112413054151006,0.5892963744024245,-0.0682094931784391,0.3760365152655196,-0.14957197179230797,0.06822801248748096,0.6052740198689188,0.12038378288360664,-0.3188815767712077,0.9256052184831424,-0.26548199812787776,-0.2722885744213386,-0.10412184755478505,0.0
0.00025608549799277654,1.215952255389953,-0.42682664756272065,-0.23256904850683285,-0.6963831353024383,-2.355701728518703,1.3680501872426045,0.0511424397151604,-1.515050712849741,-1.842935648883872,0.2907330267168812,0.13547104091960116,0.21147705032515882,-0.06420045343671686,0.8019708288766506,0.38023118783402265,0.35040433351388633,1.7401348634371443,-0.05565997268915763,-1.004550495459813,0.0
-0.4889329130081409,1.1194639034138276,-0.4888351435485035,0.24239335554589037,-1.0235918903957675,-0.5816069750641901,0.17174964337635104,-1.3862705636706356,-1.0757843329952743,1.5993737425234986,-1.9815674194033943,-0.012457846077402178,1.088070896848777,0.8312819351358878,0.07148026016243435,-0.2132389361528489,0.3088797430898662,-1.1793293769845208,-1.0192076318877492,-1.919823011938828,0.0
0.10399208552017891,0.9158827333684526,-2.3367448506542563,0.4834616597553644,0.9613503568957283,-0.5229731984246846,0.3122533130604928,0.5932380931688574,-1.2115759568897966,0.5105809596618566,-0.30108225120996496,1.1254899021601419,1.0498850580004444,1.8110438380934717,0.7631638572665855,-0.2818161016878433,0.8703925415077244,-0.4730512094194169,-0.2867417457671987,0.06658861555291863,0.0
-0.4750648729194936,1.4301602521233023,1.8159395837788264,-0.05271689875418318,-0.1266878829590982,-0.8488543890536998,-1.099620680641576,-1.0716288729537995,-0.4477312706431225,1.771369895399485,1.0152518924069815,0.20679282660909779,0.678290059370404,-0.8859269522138409,-0.9820634734306917,-1.0473462966478482,0.498888982667046,-0.6067932140635696,-1.5518981203945925,0.13022084681461238,0.0
-2.1073764859857382,-1.8644351317021188,0.6482907880170566,-0.7060628295601473,-0.6625642442685649,-0.24584421484769997,0.11786038408455157,0.011269432224737705,-0.49366052376756536,-1.2239454069993367,-0.7400748994819608,-1.5128377395017292,-0.979119643667408,0.7120914011005995,1.6375309596910828,0.627828358921187,0.10073117862450673,-0.4322881755361901,1.3772127052221046,0.8736445972306395,0.0
-2.0396783942410743,0.37520629556112584,-0.4204364139342091,0.6147149429518328,0.5924278766605687,1.0218666001754313,-0.8960666488776542,0.23877440051153662,-0.3583170786630694,-0.4441353565450857,0.10410238527643861,-0.456036483156721,1.682989583857816,-0.3086486641160459,-0.5023282277394446,-0.579479200720942,0.6184790564962397,0.6893450277692852,-1.6575041938978405,-1.2499878398546995,0.0
-0.4471831831336869,0.21281600122700048,-2.0154275788100176,-0.9338138900582188,-3.1637972905907796,-0.5874344942144788,0.4197692602789638,0.6580377939468682,-0.23893104935220527,-2.0420802633202815,-0.5570865123499766,1.4067648767665717,0.7037003171288245,0.8921719578129131,0.45688148342448404,-0.48365900586787636,0.7649371784431996,-1.6873525437720052,0.1761652154152198,1.3981772844957343,0.0
-0.4449854095946697,0.1915896940554438,-0.9988560385418925,-0.6351401645741495,0.958983961286611,1.6063998728844529,0.1285622386206481,0.12268665207300601,1.6092387575415037,-1.1319509152994716,0.44238173583723484,0.6907570839991974,1.6828880646901676,0.5663959074266889,0.49012580008147777,1.3898612358084566,-0.4059323313460805,0.6660155936928421,-1.6755817269267284,0.34613894861651123,0.0
-0.2945791432456314,0.7169601576406868,-2.69822638222081,0.3246695905441147,0.08408025547565715,0.4910787452714457,-0.29116521466300194,1.094452428476478,-1.0066052708635376,-0.5259519809284885,-0.5529433523408435,0.8277086571775313,1.0860842106715234,0.2368888476358722,-0.5733319813177483,-1.329222791264507,-0.39726474282875396,-1.825715841587206,-0.3407794321691177,-0.9750854797494295,0.0
-1.452234000810574,-0.2756323037706668,0.6959934488953693,-1.31299117362759,-0.40073006683585605,-0.11768155891543138,-1.0481762862117108,-0.260175313233477,-0.5874747715697743,0.1975989537590152,-0.46178430063510845,0.38366338902269836,1.2238443240794565,1.6693144125583184,0.5071649968869836,-0.6181240592480387,0.7921880106725645,0.7464612924682255,0.6807448760431233,0.47590725783711896,0.0
-0.8613393818536786,0.15710717937312024,-0.7207379294269338,0.0636598215970408,0.27122455332544876,0.39610689344774164,-1.549580013534983,-0.08900614008102134,0.4218212863090357,0.5116810272199926,-0.6766801109103374,0.25717944137638055,0.13608864765279333,-0.8632010161086948,-0.07715404363087529,0.9197293079992193,0.18469754053570647,0.14073686271135338,0.28934265813591087,-1.047596817890647,0.0
-0.7411175141603573,-0.5363662321222726,-0.6177692612858502,1.4614542046511532,-0.9682048196671785,0.8252356526599725,0.3602184641197536,1.5443843215097495,-0.7548752104731965,1.0424516320328783,-1.640689830829109,0.09807552655623074,-1.401146906299062,-0.7813869994821621,0.016259969186810785,0.17856001606539199,-1.2931923840034858,-0.5261410030198705,-2.3165709962237293,-0.16922712058151376,0.0
1.147721681901864,-0.6138744540420553,0.5086961797304097,0.9964504444839012,-0.2133742996936246,-0.0551317560160265,0.7284045269507033,0.21939388563743356,0.5355932002688335,-0.43541221041633854,-0.29684550520521685,-0.4367236597655375,0.4059704123229895,1.3868746954195832,-1.1765627406051369,1.349580077565427,-0.4405766134124507,0.3144666786289171,0.07954574502623084,-1.0135679820933372,0.0
2.01689562880172,-0.2709280203892899,1.3786302122580432,0.16854860978399233,-0.4522593826539057,1.602162860103722,-0.945282676192386,-1.448396522240892,1.3659442725133564,-0.5828859446488281,-1.1081298679178055,1.1928283273671125,2.0848774717118954,1.0392620549949825,-0.6916071691919224,0.20156236496913543,0.5614621367806486,-0.6979120845052561,-1.360661707935214,0.18317893217295286,0.0
-0.015821482885862385,0.1873936080274042,-0.4212316671251701,0.5224985542448304,0.9677615263525374,-0.17273933664666644,1.3555843440644477,-0.887458366927367,1.604396643155364,-0.6405536291972328,0.10640142664497444,0.8563658062237004,-0.40321229738470815,-0.7521558151086585,0.6353938057862291,0.7724461725415543,1.3090280730894568,0.3068987890859267,-0.30711560551870803,1.3385739580197282,0.0
0.6573023851793074,-1.8932233734764192,-0.5023106063122983,-0.31548649560632647,0.5187144882692072,1.3800281309869669,0.47695826447007755,-0.16374284081016863,-0.5712246329828422,0.2697658486294383,0.43328459277658404,-0.6635191095909548,-3.131025498147103,-0.7264239479062627,1.3368579334779402,-0.5285468728121067,-0.9590923391476913,1.8052639083630486,0.9604868435779732,0.24295772898922385,0.0
0.45793273938317985,-1.3401431866429097,-2.0876602594816003,-0.5719900540179423,1.384116596008618,-0.40663160330764403,1.925306228291882,-0.16505485330239644,0.7382529896712291,-0.4509801219484538,-0.28406373058289025,-0.02253905429683357,0.6211156114891618,1.4420558674254518,1.479018012116892,0.20893645046000414,1.2192229105102361,0.5948548188835212,1.084152596304581,-0.11542756003309927,0.0
0.900892353011332,1.7659769767166094,-1.9138905247119866,-0.7088000043764282,-1.2760220048064075,0.11223559527513632,-0.9955386985605228,0.994836497506871,-0.17664368918703005,0.300373726415536,0.7399910359164821,-0.9868578365826738,-1.8935871973603826,-0.8802657908729832,0.05783565265003973,0.822057011429742,-0.20328729437048004,-0.5182901029441618,-1.5490475383234164,-0.6065860955274012,0.0
-0.7282002763196708,0.8470574072211092,-0.875737056666595,-0.8727270607161511,-0.006433642976807578,0.8421133693862624,0.9055487900052152,-0.9568406193658726,-0.11529720970603813,0.35409433685183817,0.6329056053624894,1.954681952138629,0.6962945563822016,0.18036707008797911,-0.8162487321909053,0.35335248206642234,0.5313123359513412,-1.8872370132232354,0.07369761400817208,-1.1400269725875658,0.0
0.29156789630027874,-0.09452298436913505,-1.2495684307928145,1.0085277043402217,-0.2558780318735451,-0.19236761449613515,-0.6253150715840305,-2.165830358842839,-0.7923375440111092,-0.4955817301007666,-2.138341219823444,-0.2683144288092884,-0.4032866853223119,-0.8883374413944999,1.611578788815917,0.48514712152851525,0.17341367652467318,0.21239847539627169,0.8832083107458868,-2.403169746117877,0.0
0.5669603945533856,-0.6546776881348021,-0.450474867422251,1.5303588337828875,-1.2668194963954191,-0.8388147826882651,0.7984645761369858,-2.0999058018097987,-0.6894940492288046,1.465257897399132,-0.6461988625302145,-0.10086258021548927,1.4364637831523337,0.9425796952336545,-0.8350887012967585,0.653386011492966,-0.07198804705438905,-0.3576176281662533,0.5205485460096693,-0.19021730995455424,0.0
1.193968572734226,0.241565592419005,-1.051769897456916,1.3743260620456217,-0.11602877642027694,-0.8020986208320796,1.227281196641945,0.7209058343747595,-0.025092069735539048,-0.26429903662128346,0.5427121953022354,-0.7423184023058689,0.2057088006990279,-1.3681939905706757,-1.1277857627878032,1.3404759968652395,-1.7061113390477103,0.34397210518538596,-0.7095760143900904,-2.3514523318419447,0.0
2.3974158143928666,-1.283500877649363,-0.11382375253540364,-1.1512176784934864,-0.6962087176481976,0.05684354079201295,0.46165543210150883,1.1556056178673704,-0.9506656428247976,1.4318104650689425,0.9836414111663331,1.429185297153237,1.293540893352165,-0.9888709323389195,-1.4540348779338113,0.7242725816341322,-0.05564932290680072,1.4583272819998416,-0.7554608237906423,-0.4769901406504903,0.0
0.552716307613393,-1.3519165504255077,-0.42631046618946167,0.8154656447491928,-0.048282109140030026,0.6028381208676984,0.5268908103991239,0.9826890453484374,0.917241096671592,-1.2371051609796493,0.2034573167297613,0.13404588145466892,-0.5394349834601977,-0.5104123497126226,0.17586652854606347,-1.5077872835739876,-0.14931692960454862,-0.9424591644663411,0.9442535993916005,0.123210170843443,0.0
0.4074466874948739,1.057274346735161,1.9571672310901527,0.2564394356982369,1.317345732003984,0.40447063103712777,0.39555626797185894,-1.9040556202997898,-1.7075063027077628,1.361644209246791,1.2050628130674024,3.220261981741984,0.23229678633159792,-0.35378653358763784,-0.8673817217242648,-0.47552440790761075,-0.6984860721524101,-0.5040070664101624,-0.19488977933936324,0.06937719903887143,0.0
0.8063914781365147,1.3012937176188928,-0.5972516706053065,-2.6656227531983974,-1.2567125701306845,-0.00694554622369998,-0.8805197181157285,-0.5993033943938045,0.48814698502510356,0.036775961124729264,0.8294105072731583,-0.29427994897986154,0.16991140310118175,0.0026350929377200677,0.303693363749197,-0.18471458990964412,0.03512463726653032,1.3834636695623175,-0.04702807872548851,-2.7378605491724706,0.0
-0.17853124356301256,-0.9480754435916493,-1.269155345822661,-0.09480137913995257,0.40690138591968444,0.12550251600831336,0.8504786683478693,-0.4212490626240509,0.955509433176894,-1.2388764269314374,0.7121023205909375,-0.44550990580023664,-1.0284633011388382,-2.1493038702807805,0.9647600657255436,-1.9954615902756103,-1.1217858844966948,-0.8824062921488038,-0.19425733946265933,0.5405013614106419,0.0
-0.7932143107089213,0.15173219325136203,-0.2551549386413461,0.7298374738552559,0.0219203789750163,0.8691632300511107,-0.44202751869766266,-0.5123027427648482,1.8294136972869066,-0.9561050607277747,-1.1801274372552062,-0.6933453013179828,-1.0157944522851021,-0.31821924581555133,0.18349326562192622,-0.08056804493697005,0.2528028030030036,-0.8713398640629108,0.1248264340392073,-0.15528977881085443,0.0
-1.6189575027785945,-0.8666537709444545,0.5906482232067903,-0.16166344292817286,0.2618595954057562,0.8965209658383073,1.3649117526140013,-0.9515613314114133,-0.413811983074055,0.7320873219309669,0.5627300242074794,0.4247719375533374,-0.2065819323921914,0.3016744986325253,-0.556098884724018,-1.2519698297468147,0.5089769550705171,-0.2357379902615101,0.14654939198758143,-0.42211174346910957,0.0
-0.18994877792368406,-1.425847691689519,0.8653387111627924,0.13035931529368128,0.055736531013307146,0.18703752249365366,1.2261448391584453,-0.5916984615753134,0.5760282685323679,1.2037907796369751,-0.5504097466871284,-0.12641095325966042,0.3176003277019117,-1.360925081743606,0.7203464802018319,1.5878049430966608,0.9528839611761799,1.075395510181314,0.9849744099859301,-0.564972600871989,0.0
0.7162374277951885,0.9546462048429605,-0.7338514934568894,-0.35012907204762644,-1.7924266224809442,-0.238293052498988,-1.6834159584612576,-0.00979142866221706,-0.40742586295598404,-0.9496657839219236,0.5749891976892173,0.7984989489417502,-0.24820492205257155,-0.94257045771254,-0.699111274322086,0.19771914857236925,-1.4114480657492026,0.20028907297337817,0.834651292799339,1.0438388417433422,0.0
-0.013467456864976728,1.0240076393530873,-1.2656833310204358,0.19754892239703062,-0.40400590076855736,-1.3579395073478624,1.1976592333403067,-1.406379897416861,-0.5136738640241114,0.12657385500866353,0.732194113730102,-0.02952444996768176,2.3827463905874118,-0.9547697211490644,-1.5582675931820213,-0.17319104495945248,-0.056029376584179925,-0.7218427182181798,-1.7486522079188425,0.37853526501123086,0.0
0.18790418975235185,1.7070415940860926,0.4198605281664001,-0.6741940772593089,2.259794610950194,0.32556713641730006,0.2401281575226266,-1.4486991789105221,0.5461942410822247,1.3406979000494965,0.19778278766498636,-0.08972930938045626,1.696068599019057,0.846408329707717,1.5045268308360176,0.04647960308443972,0.23239059064191409,0.5488182656195592,0.25933237064306863,-1.3112870426842214,0.0
2.942333392425652,1.5157532825550346,0.49104088450475875,0.39606957218698746,-2.0557309210260186,-1.2773365809768058,-2.0631119973743273,-2.0295866900022532,0.007728873595804286,1.14965051145888,1.6785191652114677,-0.4306962262738892,-1.01298176777698,-0.9245383262686554,-1.7892319019669591,0.37390003773993624,-0.06366227049382649,1.1089656313505698,0.3846587956651507,-0.5693569521189665,0.0
0.8802226432098514,1.3974965603748624,-0.8544403366260079,-0.03906360953414193,-0.14467494095509123,-0.7556422563249102,-1.0490530142803087,1.9948529223202758,-1.3805244417463873,-0.1233992694681559,0.8288143532366087,1.0515083380159285,-1.014601095820315,0.5225115891563016,-1.9936419017312155,-0.19696328329733354,0.39303627454949785,0.2717249769176821,-0.6643343439289467,-1.0686615831339412,0.0
-1.4352085363995415,0.18498560503805375,-0.587151852592044,-0.15403508028279247,-1.0928638442101672,1.2987336249021744,2.041372565843066,2.0878467243655514,1.6451919335235519,-0.45318234748504893,-0.1276351580174377,0.5317583292399863,0.33371127846638854,-0.7627086563532914,-0.4189629761677964,-0.21291900394723556,0.05856227781996487,0.3835636411300824,-0.23852390514345725,-0.5750531483426765,0.0
-0.46636013630916,0.6056326251154343,0.5854259932223992,0.14776509571154478,-1.1676622532274075,-0.668748331340977,0.20698603169817248,0.10715623440900325,1.0249219859592007,0.4680858404009735,-0.5748475166964238,-0.7260528826922522,1.4910015222442932,0.4716544979048517,0.07487860337834001,0.07750757358839828,1.067618063120497,-1.3517204369254114,-0.09004927677242762,-0.6633959701020254,0.0
0.25716851478893765,-0.14930601744852096,0.5363162505643317,0.31398749705527035,-1.2871429343797849,-0.2707357760112361,1.2009818782165802,1.405127721481594,0.10324878777099376,0.2571328929663788,0.7611893158891784,-0.4318813133764128,-1.6093717850325961,-0.1671798936557739,1.675264418337165,1.1706252897558642,0.6759420896898475,1.2333374565564201,-1.212743436140584,1.0684670359334263,0.0
-0.7856751067624791,-0.05085231117846228,0.03736345589379046,-2.0718328156406174,1.9593080090303177,1.4951533423730616,-0.7107666292367789,1.2517089218574486,-0.6539069801645829,0.902059463929307,0.2465665964888797,0.8507944284067602,-0.4705309154513928,-0.7784743941800198,0.35195057762689635,-0.34449064817615976,-0.9205723556587464,0.7967379820874413,0.16102296722319084,0.20610112706981273,0.0
-1.8075350829649992,0.275586406898183,0.2412736280350845,0.6624045947119565,0.3762575223343441,-0.2573329621877044,-0.18220924417993808,1.6274553142434793,1.0661032641325412,0.9217255409537233,0.2444795636579089,0.9861045939228162,-0.6030617546911465,-1.9120012356552665,0.7342112643932404,1.0183036216938652,0.15988820556300937,0.8425422570511296,-0.9516739001788085,-1.8063730927386115,0.0
0.47794059876818007,-1.2991904593621497,-0.7813686470546445,-0.9269050426791641,0.36430347560585846,0.5884039554764285,-1.4972756331085608,1.0952098551590659,-0.5481697781413494,-0.697226919913057,1.5188852040941172,0.054514853540875624,1.7592599242785212,3.1198866060567236,1.3366915602146237,-0.6509350432526791,0.2659499476625891,-0.2867548790788169,-0.8658525611488987,1.7577739728548352,0.0
-1.2468999266767813,-0.8136150070856139,0.9190678422517115,-1.7798220958528281,-0.373243320089495,0.9054922850416453,0.11823886894833124,-2.778506835647326,1.3793615407016755,0.04543066986787357,0.7030340687238956,0.15691400150599494,0.2923135356901901,0.05330718020861481,2.107518837651195,-0.5514073687346349,1.2687270395129062,0.42049802782392665,0.3464516904750563,0.4771701547065648,0.0
-0.2480770346922418,-0.4542118454436046,1.2753075519662784,-0.14438814560676566,-0.1944961114008205,-1.1247414223763377,-0.0004975909298448426,0.8448558516229022,0.8750660617748803,-0.6782805357562467,0.34489878626430037,-1.3150720882942624,0.6574910424386957,-1.5039682803419685,-0.5734993384285515,0.20229255636827273,0.016278669293044477,0.6135856177566731,-0.23641378768764315,1.1313955793983788,0.0
2.1307926933806765,-0.11179669736530772,-0.4043793381682284,-0.34884526542847616,0.6428662737635291,-0.10718700039352554,0.7494520359540654,-0.3082008177417358,-1.4186740502204658,-1.1582943548866562,-0.04508152392735362,0.2137521470582594,0.6542004812748493,-0.9897560963160165,0.35308447433624923,-2.014612189943547,-0.4252815556952254,-0.637500537183097,-0.7179650579410246,-0.46090149407714054,0.0
-0.39404337682780044,1.767800492979827,-0.18015929038267786,-2.0268959382234755,-0.23785594845233327,-1.1020426732264323,0.8482688549710293,-1.0019096317016367,-0.1675493540964474,0.36338794760142124,0.47782319635227605,2.3223273623532203,-0.6760806742918195,-0.29584230151879204,-0.29375713296399114,-0.1655828101763463,-1.4093197256988785,-2.103500084087164,0.2088279592076871,-1.3687600150207586,0.0
1.839780862667339,1.0417351923254052,1.2803472683967294,1.1122798650154533,-0.04713629053791464,-0.1939418815437593,-0.3343016335019029,-0.15814815761103945,0.3380645373497258,-1.020274327892823,-0.4071901009034031,0.2681933248523114,1.3679428014595114,1.1005812276238651,0.2689574450907128,-0.624677848175136,-0.14309669353682117,-0.1690080689926006,-0.6299052487728186,-0.13522582601225866,0.0
-0.4206377806749119,-0.07745322650944907,-1.0329277302791222,-0.6419433466827696,1.1323184534564983,1.2386101577979585,0.32055621498015185,-0.07908062663413036,-0.3564036028694379,-0.07948130467086945,-1.8584668666564346,0.26099447645743745,0.01302394371320714,1.1665404041844225,-1.2712143200024675,1.7963309743609188,0.8604152556626832,-1.7949573832920052,0.03305652258958727,-0.32903677279787147,0.0
-1.0361984507090056,-0.19397790566520284,-0.19633491069094586,0.8423038202275235,0.08946590488437002,0.37671754915587197,-1.7374734669973728,0.7872941267433927,-1.530204712097962,-0.6850348594535963,0.09087097430741806,-1.6144688160796328,-0.31024511036038643,1.474189855483731,-0.7081737294655315,0.2117166248570427,1.8641607937785885,1.1928747400385904,-0.7903537568742482,-0.48306480081262915,0.0
0.8142637348918428,0.2149088912008246,-0.016285270606781307,0.3771874965309395,0.3749284214039317,0.7034621872260842,-0.10231022645286862,-0.7695010294562625,0.23998418527650042,0.16501708109461516,-0.1572796469510392,0.9864054320957548,-0.3517294625484374,0.40865735457604474,-1.8356446833894813,0.0722829086547303,-1.8469860246236556,-0.3484444966330271,-0.23416838528187253,-0.3862858126839796,0.0
-1.2506437056877306,0.3402395688705599,-0.8423606738222755,-0.11529535265558596,0.3520227361033312,-0.09274306208447856,-0.687319390008002,-0.03582922985285756,0.8379825349186097,0.019329431838746233,-0.07360912542448594,0.5244897998924355,0.7233366624290052,2.0109242057511323,-1.737807455704314,1.8645020303568103,1.0738809202013837,0.9529378897766645,0.664278005598625,0.185718797290757,0.0
1.6048671786061361,0.27269352450175527,-1.4379068715329886,-1.2303611351109602,-1.065483535405966,-1.0441907012152871,2.1252586463880285,0.1904427389051094,-1.2767563597339946,0.14778794568610562,1.6831424769333496,0.8455005270750396,-1.1628079427002025,2.3951915687961667,0.47430619020506465,-0.6527700763832491,-0.042822945262689635,0.2405946741049849,-0.8798151697940371,-1.796411697979721,0.0
2.6149324809567185,-0.050884457750623745,-0.5966313466886701,1.6443011922047626,0.2788651842756707,0.08092704339016982,1.7614837634896299,0.6833173060924383,-0.148875313975019,-1.9537284477398449,0.9180640572170019,-1.7695596759063486,0.4218247083471216,-0.3368184232456123,-0.35148731542164147,0.2453708507065654,-0.5252887317336902,0.7680879686682638,-2.066633335788063,-0.05808101627658854,0.0
-1.4211040647239106,-1.2728003292541754,-1.5668921829323976,-0.5816049818282649,0.07285432363622464,1.0934144507187005,-0.9988065294261932,-1.9974634846583659,-1.3605479192705656,-1.7841500542760385,-0.05708492621621787,-0.4686407525879254,1.2758484440619025,0.2971178568755572,0.8343494995782487,1.288380721346603,-0.23978010367711344,1.3502654956790334,1.1769705829240935,-1.0230907540711724,0.0
-2.1662253546298365,1.2694144300018004,-0.7334957379493576,0.29949321093696385,0.1914916084177341,-0.6624139009867492,1.518992370597442,-1.2934736665130215,0.37990704545352727,-0.610270084629395,0.6334846994678054,0.47267583436384514,0.8309161781910623,-1.0516327612312708,0.5079439467095873,-0.6777252392405129,-0.9662681179337164,-1.9192605710605004,1.489556350729127,0.059962788139289847,0.0
-1.239016487983042,-1.1187844124547452,0.35468092820436553,-0.9232932951176447,0.8852311527214327,0.5912129493059366,-1.5246606945831847,1.1479720460777854,-2.0253349479529947,-0.2461425675944543,-1.428988454556402,-1.7428751872547692,-0.3719757233522683,2.4397382483474295,0.6715747671168947,-0.9079645773295353,0.22236750367494298,-0.5812757568139992,1.3132234848040838,-0.6103456393118244,0.0
0.6658141976762271,-2.3838175757885347,-0.4899675457460779,-1.495633483562253,1.2717913998309955,0.9912809737389926,-0.037830362678814886,-0.9688375242263473,1.545059754590752,1.984581079990777,-0.3932216069907474,0.2946384351675761,-0.4919208267380849,0.4490313008574143,0.11718557363786658,0.12108484344884637,2.874634945721287,-0.17366879851074635,-1.172601934299339,1.2606974631621404,0.0
0.7918525212113965,0.8595967364181223,-1.1773228489044611,0.6400475720827551,-0.5349155169179426,-0.6426950123753913,0.8189507510918002,-0.8776449347092234,-1.7721579078788547,-0.4215195339167264,-0.29622626181456624,-1.8521969733280033,-0.18031998145864356,-0.17991876536061718,-0.7467971453997466,-0.44530747731663123,0.29723461801342116,1.305526451442829,0.755543838784697,0.2612004533334284,0.0
-1.0226857889519598,1.1793727933717069,0.4269504997633164,1.098001586331258,0.9933975425196783,-0.4561332725160889,0.042675203865113455,0.15787711620273376,0.2558969266790392,-1.0874842572775416,-0.007193627767776676,-0.08248561849195268,0.2617647889202155,0.6982598049597808,1.3722691998930439,-1.0255627344824267,0.8955557377422877,-0.7692106092404206,-1.1407182929050652,0.29428386837359544,0.0
-0.09597551501018516,-0.9467856097193663,0.9807859060315204,0.4904113581043822,-0.6152326988692421,-0.4255223970627797,0.6746356432429561,-0.4707363355260096,1.445405578700424,1.6060113787489643,1.4219473644717844,0.37916549782153586,0.30491808065659526,-0.4474642539363476,-1.1834707309552521,0.8680100540052842,-0.7381231261851138,0.18527969901748112,-0.8051177417292736,-0.6545957821906645,0.0
1.4513644288970635,1.3162364033856202,-1.7359414750503683,-1.858254208231199,0.8692638097873178,0.7063945703275014,-0.9703680062046262,-0.07194779005192437,1.271609605603765,0.7681054488851727,1.9110795056670935,0.10875954237950047,1.206161873921604,0.07510670318502073,-0.11215560155203853,0.34863412931419646,-0.13742450091219877,0.4200304268217207,-0.2552751714616712,0.12373379233071082,0.0
-1.0199941920528042,0.1291032194700004,-0.31894988013752806,-0.6433585684751245,-0.9707524696645833,-0.2948509055692944,1.501043109325429,-0.5892307808219788,-0.1748929599811356,-0.6604195147535644,0.18057791167384948,1.4547909712871985,0.038217295213032916,-0.4698968884955228,-1.2254207527566696,0.2534773964050634,0.7267334475685662,-0.011941490761518278,-0.5533134226614425,-0.6420530801116837,0.0
0.7199588946444517,-0.3071781561119957,1.0754903773474314,1.497378346187986,1.3928199025320036,-0.49336177441899104,0.5937470956180637,0.19856223790222413,0.813893105926211,-0.0356690241910888,0.027585044422057253,-0.59722961667812,-0.9816755641548676,0.44574142145340034,0.6332604525021521,-0.5890725793426058,-0.8856566969662387,-0.6049413836169297,0.4138196192846421,0.5879370369628063,0.0
1.3077291808186433,1.138523302494645,-0.9174385544325022,-0.09338270259465352,1.5099017237694925,1.9475092909870793,0.48209345987586233,0.5057504786028981,-0.3790226074672373,-0.5359619755334053,-1.7156578427006932,-0.8960853203027739,0.6536578129580624,-0.7934866168149933,0.42469375562214906,-0.6544258049989833,-0.8078076874390129,-0.38129089794345433,0.9537189440421622,0.49776092888935247,0.0
1.6799491781546199,-0.7045299574311285,1.530282335994669,-1.211375743596652,0.37090718538639256,-0.5561729422096982,-0.27520729685481166,1.3800536966809596,-0.17009798333138249,0.34874318891143724,0.5156173524321881,1.0899637303874943,0.1565052739055376,0.4625609862809809,0.26871258463513586,-2.282649689997454,2.1970952451782835,0.8091763178885507,0.1016948701193716,-0.2957251671639006,0.0
-1.3681094963395866,0.15755997297077987,2.4765764726839543,-0.2207287320002299,1.5493758909122486,-0.46161238227389073,-0.4076005009736271,1.7552351972770126,0.6697032170859559,0.09797905448016071,-0.5644014849272777,1.6825743449930142,-2.224327847163055,-1.0026383812544324,-0.40555195379175774,-1.3126750752602987,1.0188031717705661,0.597554351915514,0.7041233672481939,0.5617258314832824,0.0
-0.23707953851900448,0.2027030209186051,-1.1171129844292051,-0.20681570304616897,-0.06160290667888047,0.1272685019784648,1.2098072842009795,-1.1180599270645202,-1.1774269304552136,1.1765788890925437,0.263409228086107,0.9745343422605856,0.13070025405114688,1.6566424562149857,0.25410522765201254,0.15457511222281595,0.5398888034910034,-0.477358822822199,-0.8042621421977706,-0.32373885672015457,0.0
1.5343630046952372,0.4826921500763041,-1.5296855688891298,-1.689469550175405,-0.4102677351944681,-1.4482830170843013,-0.06357901624277165,0.5550843949497632,-0.46958400251714305,1.1119187929373633,0.8866709203223372,-1.3239849113943098,0.8172660414599726,-0.17253311391561257,1.4567242853815259,-0.6884438125620399,-1.2448079991863736,-1.847921884577747,-0.7202784717987725,0.0734698077910904,0.0
0.9462606572581757,-0.11796733576438952,-2.0146835239112924,1.2174673549742683,0.13002409397454717,0.7887304428520089,1.7176522295430023,0.0574427428679035,-0.04146515373994099,0.5443805387932876,-0.5878450702117664,-1.252836638875859,-0.6363438366652184,-0.9195008788669814,-0.19354149929527908,1.0358070122981609,1.204115120946651,0.18996770829972018,-0.8313673301859722,0.3148436268672874,0.0
-1.6356250049722345,0.5992050209155133,0.26006216823800105,0.8283609266034201,-0.5856489069464018,-0.907347378948115,-0.21595895048802144,-1.2453029526989703,-0.6764211886675283,0.6342279338935457,0.30939338876586464,-1.5368866267382704,0.543321163858825,0.8472215871502923,0.4853109193491348,1.2317191325458048,-0.548031039573678,1.1858949680362008,1.251837503046365,0.07616688413555447,0.0
0.18646232622201772,1.3924479489449146,-0.13765431572515532,0.5439131716743016,-0.2626781836509563,-1.4207765883101837,-0.8618098944187554,0.05572765161017087,1.716284691935777,0.7879669959992519,0.2789607155046595,2.509882925218662,0.04302924682817784,0.8617282712560914,0.8631761509048395,-0.022743833440054487,-0.6530590507009956,-1.9453143237736679,1.3151127317484894,-0.06480753619734318,0.0
-0.29498506160105964,-0.8880676562556593,-0.45561507379597277,1.3127081070727062,0.07999864133584184,-0.06439928928333617,-0.8114552812097396,1.883679122441301,2.427747914241184,-0.6885370275980731,-1.1209247800830857,-1.6978480513806036,0.1976184234602064,-0.2812508034860734,2.162208797370573,-0.7968281262561763,-0.7962163293679986,-0.7845248665098045,-1.343877943379159,0.25586670613932194,0.0
-0.3783575779314304,-1.5742077246768156,-0.2692726385849082,-0.3489030911137503,-0.26397155143648415,-0.9012327965350019,1.1285522876106504,1.2055919381048201,-1.5668799522265968,1.2705522926875699,-0.9939590125918184,-0.03234662418040988,0.6231840475237973,2.3287835735104743,0.5401030579944983,-0.4109536213053192,-1.719425707396701,-0.09823015438864481,-1.085657720008882,0.14592687585516015,0.0
0.19487710520829182,0.28904402989221323,-0.20071917991670107,1.5103498714706247,-1.2706013221260417,-0.13274640339861607,-0.1196184462395034,-0.8156716352517821,-0.1128721087972389,0.4270290631639348,-0.5294356322297207,-1.344089281712943,-0.8252210616444238,0.17665368647721597,1.7185677971199005,0.5438182928799071,-0.906440187844025,-0.6596455666915156,1.4190362377386723,-0.9567213691703744,0.0
-0.38279217343424393,1.578314575564535,-0.6639403859716456,-1.3880479540932449,0.2754197684699871,0.5269305558205947,0.04167767811019317,-0.047978104690787816,1.5057059757633395,0.7980197210782258,-0.2984982487715355,0.1833945094383169,1.1379035271450317,0.23436760797945505,-2.0456829279691657,-0.8413274476152272,-1.5458925638331928,-0.27873550416962717,0.286017027065834,0.4117292866717881,0.0
-0.8429387166909003,-0.45393036843878365,-0.4154887406732196,-0.8356059198712361,0.22843918759603712,1.3240572541613254,-0.3486755746800529,-0.838951969567624,-0.8605664473220187,-1.3459684609708324,-0.005646860946381513,0.3406855998712457,0.29082849468999156,1.189746607074966,-0.9681196079364006,1.0323749370370285,0.052974692715635305,-1.3309225941777116,1.484261004715671,-0.09954913632388433,0.0
-1.1033549396553373,0.8174009547004886,-0.35004534029482876,-1.0603217747340639,0.18368899714465203,0.709407590577633,-0.3346524691147113,-0.6942499461780025,0.41539255957644744,-0.16983684920765266,3.2179511160170033,0.7105090899280874,1.2211618488348268,1.2296007240406088,0.24776142066696494,1.1065359694819208,1.1114403938028743,-0.34911987619531887,0.7322562397493623,1.9847943684039677,0.0
-1.0806270234448734,-0.6876835759627122,-1.392282606032937,-0.04606673292687653,1.5398604525463646,0.704868785273934,-0.08258592104042736,-0.0888168313638828,0.5886113952370188,2.351741975480561,0.30524454800875794,0.5455646690299916,0.09677012530851398,-1.0070115327750835,-0.42540058194902003,-0.04603346275849083,-1.0429919025157695,0.25949971007175177,0.20399331146359173,0.13634139622460467,0.0
-1.1708638512394391,-0.7528058326404793,0.336309986881798,-1.2579003029189613,-0.7129359864512236,1.6038972556692443,1.5875276011430266,0.9200089944423644,-0.6717909558361601,0.3506137425264406,2.2096085480868646,0.6418219103298063,-0.16331069727422642,-0.09262974339518851,-0.9960701870747911,-3.510422638250115,-0.9893166291909367,0.41395782827598393,0.8905608972201343,0.912174566621079,0.0
0.660525999729962,1.7541091347242113,1.359645035723314,0.4413544400268388,1.7519300191418006,0.19879691779771236,1.6008771233129877,0.6030497755683993,1.615745862137227,-1.1791135148359275,-0.152564985432158,-0.5438185579603325,-0.3056781715479909,0.026761972448461242,0.2670959777892092,0.42547136980003697,-1.6024965675845761,-0.3634215689577784,-0.6779708400449781,0.7914173457777465,0.0
0.2849502080885532,0.6322344353756034,0.310570530198073,-0.8262706731755589,-0.6543719374693817,0.4696597914087685,0.31137647191946716,0.0010366999627284316,-0.9304361588605377,-1.0391849662702983,0.018010814531469434,1.0549229763501176,0.5425598149210715,-1.801955368076511,-0.9570958203350538,-0.768987560733626,-0.8747923454773937,-0.27224557635183416,1.339239607720209,-1.0230004184076837,0.0
-0.5381235715304038,-0.8946400294710642,-0.15419658275879872,1.479471089887578,-1.0540592290716384,0.08832824742235931,1.596487933018031,0.5647541227342976,-0.015807814646432047,-0.9623968268852504,-0.8172074785737173,1.049307374194717,1.3673402717203855,-0.3796301371294484,0.5269461530364477,-1.5752102339380347,-2.3593922581489872,-0.4771500962184954,0.7656681477862619,-1.3502136830823712,0.0
0.041508992915538966,-0.5183324750197438,0.09055570663432282,0.47304725611267834,-0.3542681065478321,0.8815905988326693,-1.183158748671599,-0.00012809266892247091,0.2135765216168831,0.8101226456256406,1.6036115053549427,-0.3283220954267549,-1.6058141623026614,0.031163511101044497,0.02083957078632016,0.20269567840605165,-0.6544483589024784,0.5003942066443421,-0.4936737182484505,-0.5145650835248273,0.0
0.3724466826094498,-1.646785278297976,-0.2928037086114925,-0.08124231805623375,-0.5001859720575733,0.8679624598197698,0.07752335304679285,0.9706844828986397,-0.29399915216888894,0.946920570413275,2.360725804115446,-1.344508403871122,-0.10576175773097714,0.19533510090373354,-1.5413533547345226,1.978727504121172,-0.18603263138230006,-1.2331262446729052,-0.36428244148177163,0.0853575293849898,0.0
2.233240634105818,0.1873534317162548,1.6576472538810103,-1.258607991905818,1.2142965143540507,-1.5846655356538373,-0.3397832360953768,0.31522751079144373,0.6444169313789782,1.6228711337435302,0.9407396590168041,-0.9741112062931137,-1.0506230216685573,-1.119592742920191,-1.3044743503923715,-0.6649736433376029,-0.1509570212644171,1.0853125804374641,0.24053280754330142,-0.47576119878343054,0.0
0.31462163601173604,1.1068998560779904,-0.25692750160795513,-0.7955107079706953,0.9750122086803696,-0.9988482277297359,-1.255081064788656,-1.0547109513293393,1.0083842181211522,2.095677626382564,0.38811437652101516,-0.20080047475863028,0.5476644796699333,0.7128238476815998,0.4010687484139595,-0.09862799913569155,0.9688509415065787,1.0180000292478195,-0.33037861864246293,-1.226156472051067,0.0
-0.48934867071232974,-1.084025176113042,1.760608595740055,1.4146171296524157,-1.0923253022959112,-2.1399064752446115,1.315190880015153,-0.17524359761020786,-0.9970635563330353,-2.102978524128047,-0.413080684555229,0.3985420349338923,1.1235335779830233,0.7377000259761961,0.13167369170187515,0.021333904027279724,0.15509296367733058,-0.7038690204806185,0.6125058882887812,-1.4017390555704725,0.0
0.6598320922582691,-1.1188906192912362,0.6168360628836355,-0.6654613776138563,0.310346361216721,0.030165693584693586,0.5004471112032035,-0.7368743218211318,-0.8154045180611835,-1.5948000484420897,-0.9856964702687686,-0.7591844436646032,1.1439976034769639,-0.18740265019830216,0.5497542585708011,-0.1604266472126047,-1.0715604035034272,-0.7980386341601547,1.0978921358605693,-1.0056022572285026,0.0
-0.4085812234313824,0.41040663826310797,-0.3216678121182918,-0.16331302384119917,-0.3865028952409249,-0.14514812805546998,0.19840627511241912,1.5432352884917595,-1.0103831316967384,0.8167814393091799,-0.2293201250924258,-1.9238442801296902,0.09143421802094671,0.5066418760623705,-0.5641364838816403,-1.1327208551071297,-0.025524060962896673,1.754900643509521,-0.07638057834313845,-2.781559534415842,0.0
-2.7104439515946175,0.5340445993204227,1.910879792529875,-0.3671555302849277,2.844429335710139,0.02216465702793005,0.04755081762292055,-0.6154185351364228,1.4050901590299367,-1.2637003969721512,-0.669454634793916,0.5594587158294438,-0.4323282006712009,-0.5437244807509204,0.9206952160664953,-0.1655750320557633,-1.134753629185724,0.024533487346141036,1.3215663148640535,-0.07869152485073336,0.0
-0.9906130380989062,-1.0150327760146494,0.45780917793389375,-0.08493659058317096,-2.559461206428993,-1.4721702172132853,-0.004398136746225173,-0.6379827350807857,-0.5162080146604,-0.14495385736991045,-0.5112233527058723,-2.0432623378888644,-0.46678441176387714,1.2480406300986953,0.6608895518045218,-0.16369394263386444,-0.7665043934931863,0.00294080452566224,-0.05446590826446506,-0.6285760788227535,0.0
-0.022227424040820506,0.49013298206274186,0.28502425286366145,0.7239048452531971,-0.030924462181234572,0.0015825740372048956,-0.4056341896043279,0.5832967162689877,0.6527663107486634,-1.6857435312012718,-0.21630506951239062,1.485351778659918,-0.7880429006103985,-1.5409707328173636,-0.09840718795703525,-1.9214853104398109,-0.07223764579593964,-0.6566831232176608,0.013680512889022873,0.6925939716860676,0.0
1.4687416659334178,-0.2725931331312521,-1.5357204891279852,-1.211750371976763,0.6705650181253735,0.004410755436653982,-0.2806660635478874,0.5839624792105482,-0.20347903842347867,-0.22081031291977973,2.2336793845104106,0.35274062369358117,-1.1382500552636117,0.10628920323592796,1.882132564438932,0.7694213089650377,-0.8361467224207139,0.087103376424685,-0.33524024106693473,0.6593477029486511,0.0
0.9629651316075292,-1.8608742061590244,-0.10854077273956485,1.3991261990978288,0.6826105036465651,0.4856704447100685,-0.7521998743071624,0.22789545099203734,0.0010247452874247605,0.2160315072474597,0.7448730317723519,0.6084664133077105,0.9122462499067909,0.26693869897482886,1.5273872523812002,0.148525806454923,-0.11719324725559827,-0.6383246439977451,1.032304213164724,-1.0662926757543165,0.0
0.1710384028850029,-0.9738153934626302,-1.7784202120847183,0.8504222859141367,-0.8685006156463724,2.6765105660501805,0.14765784386368183,1.2132196630537841,-1.6805693926074015,0.05148074498461492,0.6373875532825249,-0.3080329350232622,2.3267359000827668,0.9741839532665687,-0.5381619072326326,-1.1199454498796209,-0.8279572012958942,-0.39152887861337127,-0.48157912144710663,0.34748666886027196,0.0
0.33039031366632526,0.18951124783335385,1.7270835347609006,0.5727352301079015,1.3806711850013493,-0.28886793118400117,1.0018685796586277,-1.1602274696896835,0.4476660605618711,-0.6724731393352896,-0.2834521525263308,1.745819975709844,-1.0617112567447151,-1.160764935523626,0.36927092386525134,-1.329178989426044,1.3200075600914352,0.07977815483866764,-1.740805695284456,0.8849909230113328,0.0
-1.2599320200705568,-2.3278700280228306,0.7358149741215745,-0.36751982346802164,0.11108129818841055,0.33199086492888596,1.2265511007518766,-0.6998321620740648,0.8968217331845332,0.5209990512759388,-0.6452562992968766,-0.12216361443005264,0.34141188603660794,1.4426923155232296,0.6504705897443737,0.35485943740625076,-0.6294030452626966,0.9345588077155252,-0.7844983524077079,-0.48005322765852676,0.0
-0.30457767630010013,0.6163326077699415,-1.1699535049032128,-0.9013417513209185,-1.8090451960194984,0.37971431761654045,0.933624321031278,0.41120039688335647,-0.8158339982948465,-0.7176796856012087,1.2552506865855362,0.30046671117098367,0.26965969652326377,-0.43386688968782755,0.015629741522236208,0.2821287744030757,1.8654713128796565,0.5207700786007894,0.6547095501732224,0.5110249313974451,0.0
5.69144953104053,6.26985638629059,1.6124468021368346,2.987865052472945,4.32723993596351,6.337184109849648,8.07709824222708,3.7432621009220863,3.797061404030682,5.7971314563256975,7.501126533054649,6.052524678125601,2.7490800112746454,2.554301032567074,5.304933723124212,4.445291018526489,4.948488783847598,5.25576032572103,5.6498972034468755,5.859572484129853,1.0
4.925774540126155,4.684637769199223,4.524943246999608,5.652488328317864,2.2536502862909407,5.13637186065625,4.2645858592190935,6.628296122287281,5.736875450573093,2.801547867638216,4.409214248460122,4.046230834050891,6.510861481312466,4.026541814737206,5.1033891305458505,6.8080964008876474,2.305432413186338,5.301540877020825,2.7800896645283206,6.945360688238196,1.0
4.811518082158078,3.0307698422911145,6.048959310187568,5.892856752917189,4.761206771069213,4.633119520723155,5.631709490342066,5.059977697555571,3.617610352901221,4.010038667486143,6.056772583902484,5.842365597939422,6.553502828989191,4.552179045445747,4.9609193459405905,6.159938575320173,4.330534091340925,4.454584692019158,1.9913490656135937,4.526058189512421,1.0
8.030109313309481,3.340819045851923,6.25614404066277,3.6603493253761448,3.8991910420056253,6.602227515886965,4.442710810032679,6.265606658585663,5.75470927022031,3.436085738849709,3.462969501944502,5.731755594335005,2.747834832861841,2.8230364911668726,8.706761966087823,6.676694139008841,2.2500126311961783,5.868423906542884,4.219849693642349,3.3822999184855496,1.0
2.528709117454353,3.8963188348251796,6.2881288571860265,6.828746356054637,3.7599571457318888,7.6298542030447685,6.29842481011103,3.734133724440273,4.587819435945895,3.249386159359452,2.3161278814561292,5.600759072886166,5.924032717761702,6.887873894115005,6.3765181572055605,5.255691622568128,6.407096088564546,6.021453914975931,4.956082185868915,3.010020414329884,1.0
5.495441034817004,4.964219732514478,3.4405111913781496,5.462860487691639,0.636537872710293,6.498225350894213,1.9954830146473208,7.252885292788166,5.537381819867222,5.4758776807271285,5.343224797347851,6.1935454467978195,4.618317811346046,2.142092551925403,6.21945944044724,3.1849537577407414,1.481639334152066,5.477608321956384,3.00763894450542,3.723367593649757,1.0
4.86822711696625,8.712645779594219,3.5537768183604714,5.5750245344502805,5.696389830124648,3.7575026436055374,7.232069954091227,2.6109302328199404,5.542891760041632,4.791474072733623,4.234217139254169,4.775507496888266,3.1741344400520566,3.617835469930454,3.9924577968034294,8.470410492764712,5.90634837747126,4.800853703816094,2.0337695507925644,3.4236273173991796,1.0
4.958001905588517,4.709491166793312,3.592485187866825,5.50194016552449,5.310773911785799,4.7263316379680465,4.31423770890808,4.7305331301111755,5.938425719361937,4.11658467810687,4.263694762595691,6.17230577415311,4.854854357243411,4.72597831468653,6.980947356810038,4.982268906715727,7.780639027027913,4.547635950726986,4.433451292650411,4.455241478454223,1.0
5.372559127939323,7.039291659334354,2.5401211524024676,3.081127322505695,5.710266968277768,5.5092427508934785,4.491040632608585,3.5590435966111897,4.383287066665705,4.4086613033581195,4.815404040066861,5.46906631735523,4.096903458065729,7.656992249591598,4.6129448153715265,4.440349965126988,5.265338373198139,4.490140482913277,6.375048949606923,4.262661723838867,1.0
8.271788622911348,7.077473265421524,8.918198158580548,4.77980171536701,6.623426233983846,6.952412798526101,6.780807459054024,6.882166053569694,4.538866620836029,7.966783887389277,2.861197047228001,3.9718406008107805,5.44624809946191,5.090451449405434,2.512198980525176,3.9908398205254594,8.262194863488855,6.983547119933769,5.2210968932647726,4.935496567382546,1.0
3.637074761865067,5.308511318953794,4.3734049820395065,4.299928242328202,6.409314627355342,6.24581150497035,5.663766233262955,6.9329587222347815,5.928647125783408,4.887675180082152,1.5575495419622376,9.294332052858259,3.6907084245911923,6.962162375838934,6.801927843261955,4.371917837657053,6.94355693418983,6.593532343540556,8.08546250441658,2.370631599463846,1.0
2.15945016563167,2.4379371176883415,2.974381386152914,4.112744644651637,6.367118988170433,4.780874130562037,3.4948891202267545,5.212255921600358,5.7374830783751545,4.818622808702946,2.1012241213137255,7.224224736414003,4.8155599825475415,5.2077679821465965,4.816823338287733,5.801758536828999,4.762860051102663,7.587123240007193,3.733091885083036,3.6497922539409826,1.0
4.0708554510870485,4.074255674557879,5.057662520511951,5.3479350009891204,3.247396573181546,4.775468581796164,6.117086916919321,3.3117658534609045,5.470710604748603,5.002203847509622,6.73545277957383,5.522999736977942,4.3558617557474015,4.113565964856602,3.0609409716116613,3.7182532689965155,5.454086708314616,5.922336887243522,4.555112955610515,3.5814884958254583,1.0
5.0700219331423035,5.107118916620204,6.000076164957361,2.8677431453800466,4.465891402997087,6.702437722140244,4.016963983258877,7.895891403851887,5.763656440579177,5.251727466701571,5.38001956696001,5.75536410931528,3.9201206456352873,4.440080487999483,8.349031212204169,6.30761558248427,5.807845953331694,6.569401715215565,6.755581975820774,8.274118840766597,1.0
6.806186694922737,5.595501492567892,4.9574198450706355,6.265648729097132,5.127813842328489,4.115707638696467,3.5558828449227726,4.637840050624793,8.415483438409954,1.9213952917608177,3.9801180973821313,6.49908916970996,4.858476449860196,5.576045027040903,5.0347971426127325,3.993946718615474,3.3137968436032232,5.45977258653618,4.070227280623279,2.448977670179582,1.0
4.480008609176385,4.832876679636357,7.295496204730289,4.954845612457359,4.581451815242055,6.832660600277244,4.302542219376481,2.471307298578873,5.639758779085555,6.3790377413781485,6.151410469606057,4.28418572838558,4.112619555091593,6.626170717498495,7.345320505678775,3.805328687445838,5.654536323144403,4.921037700536977,6.642654182463991,5.5456775853366524,1.0
3.751643971329024,4.430826634450661,5.341620251275051,4.455303494173829,3.8613437512757547,5.566156047141179,5.509658861403293,3.471256647866368,4.727586294278285,6.814392832214868,7.162055868013517,2.925113223228579,1.3124837096726973,6.026464916067025,5.217147347921166,6.109278746816934,7.069840842955944,4.896625361194794,5.123368275180624,6.029460332928524,1.0
3.2780123776706125,4.376465251356692,5.529902406133906,0.8810556574564936,3.613999318500397,3.5674406342835283,4.277369128620178,6.645067066777888,5.579154677162428,4.034319640282243,5.563936000065089,6.734871345481611,7.704933142673032,8.31722937510577,5.805982914919553,4.413671746745719,5.6704962221241715,2.97674467305426,4.551482810402255,4.875067391238608,1.0
1.006170694755034,5.930258249114071,6.396718655205814,4.004614458070575,7.239179074717463,4.729866698007787,4.883755587734949,1.6098424093880874,4.2070321043035195,4.309124308967176,5.570671017906481,3.793509315329669,4.353103594818505,4.060006498497831,7.38739195205836,4.892939089965882,6.082772747199506,6.39339415900883,6.087515439217305,5.676137123440895,1.0
7.904092260980077,7.873426116279087,3.915535451826078,6.69832762758246,4.367743939546596,5.340443132124297,3.536469376327985,3.9061760801443373,5.880172829750606,4.095899900077748,5.1174682591872,3.961991362021048,6.360530544438859,2.647066203777391,3.7843847281960468,5.410674215237463,6.435651993185388,1.9885147176933926,4.4040106181808705,3.767226594845676,1.0
4.443360315982087,4.918746561345037,5.290072640375806,3.588103671064513,4.5271173351044265,4.06637766610625,4.545612029787912,2.7658928514657557,7.655748826439828,3.917375936528194,6.126143521084762,3.011771198279687,6.073991245154351,4.8142573685225205,3.0804650242341833,8.325492324807282,4.410763277013248,5.286608551733823,5.866205312722068,5.600459194536628,1.0
3.518437211561361,4.603922388664512,5.353236705834449,4.608634792765054,5.895218473643705,5.185109678996106,2.9804650015909497,4.2601432624528375,4.587659275811843,4.583622129491606,3.0862485505553927,3.524421611839923,6.447168049439458,5.52313503369945,6.726412896361451,8.027825517073353,6.775416491897893,6.034399748059222,3.631283899264265,3.052762957879608,1.0
6.145793078554709,4.092014096083746,5.219268231042901,3.376794404286607,5.008082672063253,6.219804175101493,6.673029100306218,4.86978081890395,5.37371243766511,5.206791517907308,4.745827970510646,3.0207770073657203,5.5258866112226155,2.6242923409671524,5.385184519750375,5.9255018469993805,5.813689568961896,5.979754482816304,1.336460719058877,4.242302715101801,1.0
7.69119717491112,4.746238731873346,4.0681604956659,5.736482486169488,6.211170357532192,2.4534931983513864,5.4430298796786065,4.822413272562651,4.042762977262452,2.8207769438850274,4.642869657070795,2.3588840914833282,1.8853197599547507,7.67149582956894,3.33561681655075,6.682059137433058,3.331887931108188,6.60124201503751,3.3721352905326514,3.3866732131948876,1.0
5.836857930015553,3.0443222749138017,5.238968414594318,4.898864755557746,8.325115927649295,3.7685133244370954,6.9928875760830405,5.330614213398149,1.9339557676074728,2.194982513345881,5.2120232113934,3.6714000136625446,7.795008401147211,7.933707233015348,4.146693463559729,2.7861620443139516,6.214715855708466,4.501886679900998,8.711061069581291,4.839571898429226,1.0
6.456688896234561,4.208555275859405,4.859461465043116,6.200090539071105,5.780005092792749,5.744393274561004,6.0580258485320915,4.997619550186992,6.425990026261425,4.366182487238559,5.9226167659792015,6.146160631098512,4.70897878835448,3.59509707835278,4.34511567638267,4.829117438600796,6.176439494895031,2.5869475274775424,6.975720891802932,3.8708361091630454,1.0
2.7697422165325554,5.5870706808806645,6.222679572624061,3.4517209797487745,5.720782291418599,3.5798251863693737,2.9501202193176352,4.416896894329205,4.062204781628307,4.013418465758831,4.905978124978784,5.705078109240733,4.890503273548226,3.0756778323475014,2.387129272579073,6.437208761388398,5.427875832740355,5.635108918280191,5.366520090388514,4.1805848136808414,1.0
6.233938796478928,2.945082025426415,5.5240804806428105,6.308551650191895,4.913968758999531,5.287252140962209,7.333658228131377,5.49598967017306,3.940318688265059,5.709590889873026,5.823174300513425,7.980895620059307,4.727677515161427,5.739126402023809,6.555680329075891,4.668653943794188,4.817212180473874,2.6710525946082617,5.468397505362744,4.525111731718054,1.0
4.186185333387936,2.824585195292222,4.674863651271012,6.023608128347457,4.804528318714764,5.350307732038587,3.854685646705771,6.209169627603156,4.344930124272404,6.37907000810843,6.870298731473244,5.1833419817427755,5.224308795393999,5.915697850112014,5.142404998902449,2.9675032103512207,7.064459191935592,6.984390352186611,2.2933132272136376,5.23988647564362,1.0
4.112769046247813,2.685537640072698,4.353560554440252,4.70082834427917,4.119310883270349,3.7239332357463883,6.550382258776233,4.573284374152351,5.084197612097634,5.025632828264529,5.117190037417984,6.51381316932358,4.813356779699289,3.3651332519595702,3.631456034202074,5.9888039886802025,5.672907266960757,7.2543882524350725,4.494480377080844,4.084083936001697,1.0
4.6274305708610335,6.724050665979091,3.932976559652461,6.136705825755746,6.382015975105106,4.365161116324974,5.182743795470741,3.5968648994723775,4.888068346975415,2.7583463799994723,3.8193009217403877,6.628173695644799,5.406795928489725,6.13079348298875,5.132057683561341,5.828707060258061,5.718966670773267,6.533961446235618,5.540410238110872,6.942083837780428,1.0
3.523730775593448,4.7544464243019116,5.127825713673314,5.788896361783546,6.03385569942997,4.0656365585896275,3.971092549135671,5.425185214537166,5.62030709623745,5.726260816646005,5.182028051015844,6.949560893018798,6.078613242135283,3.8505852127967684,4.672321205988907,5.198891075634883,4.698106729798932,5.064570272975278,4.359560159885603,4.768531229966557,1.0
3.2751357997657955,5.908134136589049,4.785042326856205,5.524475081588215,3.722023417584402,3.131245850497029,6.3877558439188,4.709533571082104,4.6824499181703025,1.5551813116128006,5.245501570211169,4.6709311579032065,4.899399833319179,5.607806093246048,6.470786008625115,7.855626844197822,6.466226426273598,5.78759664430159,6.895052747434793,5.1703256301139,1.0
3.9263508611309663,4.668295796574837,4.179334320105106,1.929894278420449,4.402996301679639,5.928333992484246,6.513545007628094,4.82719254939483,7.625289658612818,3.2054685273608383,4.89030386115574,4.045977831041817,3.8566943532115125,2.2827772020709407,6.982065757987513,4.490384392230374,6.583610732253552,4.131077975589744,4.373891823258768,2.0792132401249637,1.0
4.872925496771218,4.793504668964119,3.197309667225628,4.686874943416419,4.488242324988643,5.378018120426964,4.4722977085830165,7.358631474117219,4.037965410820477,5.110180521335637,3.0169231386341027,5.3703312178745914,5.207844183754116,4.947495315940081,6.418177268503561,5.93464925542264,4.286176035422866,5.4000626711765065,6.6030473762609425,5.4380514424065876,1.0
5.796904552247039,3.6635126027581126,2.50739776424543,4.644275886288336,4.0756130480084884,7.616320391321148,3.9192511368184313,3.110851162822899,7.557915141045008,5.187768298825098,7.521645125771378,2.5093831963102637,3.8301723565324,7.84116305749149,3.643989900823203,3.6008544201384036,4.876971806503284,4.761390165079994,4.04589339860973,4.058560062322595,1.0
2.99504138413267,4.8272625817516985,5.266814683820302,4.616878662152554,2.385071422471554,3.7548793449409046,3.945959873856342,6.250470309855917,4.7702209135009355,3.48248586036748,5.852257661482499,5.321928538712517,5.082853393184469,4.569157680432605,5.23448530802394,4.6195887977600165,4.827404718939427,3.6962369311500334,4.182483887471799,7.218149579598963,1.0
4.987715964385482,5.420649362894425,7.103879525546135,4.732089989098874,4.271420815387918,2.778017866089507,2.556016201615491,5.954284497215379,5.729559524289453,3.2854477104638584,3.4283055869888805,3.997311480566792,4.575617177739478,3.3681800499213432,3.703861473784822,6.590542680765753,5.3026601283392365,3.4181879509299637,2.841264973289808,5.05416618471913,1.0
5.419439984778994,5.954973532302496,4.90112102916413,3.159966499416715,6.431026270543127,4.340432048254105,4.269684495127494,8.861861716647978,4.970094588272457,5.368786007554317,2.8815040767618854,5.9730742629955325,5.893660744455318,5.538429046624842,5.949159327361011,2.5714885608952525,4.45712203617022,3.1487918484690836,6.763843550793479,7.398423563640332,1.0
4.812583662448065,3.7477750029585697,1.576783671552005,2.4532140706051475,4.746529320135389,1.0887755102963808,6.000638826734521,3.9638677137424185,5.507477696265711,6.303990599052816,5.8406925354760215,6.947366851291999,6.838103017769784,6.756948790106845,5.994797124001632,6.243708826603566,5.0933010305940805,5.932082105942933,4.773558088084061,5.158923212563941,1.0
5.157838225123987,1.9187872324558475,5.110160173504993,3.5083900362706055,2.4326219465631413,3.666721915449565,6.514313996991305,1.0536337938681508,3.911644132301142,2.6639127272770833,6.101072001730376,4.5157002270116315,5.397948464480911,6.616004765812628,4.875419418135583,5.8947187756997055,5.113743049991279,3.142762326742461,5.609205786562637,6.6995934162758015,1.0
5.77935813832526,5.25399968296729,5.548866808138659,6.42474037761531,5.338336151486502,5.134667589350927,3.8781618426217612,5.675307083372561,5.514287869807266,5.593410903839235,4.868341626666256,6.459242892103677,4.230196199883807,5.32489296551805,2.0462593749494777,7.681889233606377,3.971195245479979,5.558453573213394,3.1799890719351245,5.14443089466234,1.0
4.303287947139134,4.482955621560855,6.534213230145758,4.9358670246486,3.953300485525145,5.696906045152224,4.586387260117601,4.656993083307915,4.3860703303908535,4.658848588959952,3.5700774104552404,4.341975300512179,3.031526509892639,4.82619712202296,5.334236332288869,3.8638756738756843,6.8436465996608185,7.7811432524649415,3.7105960549524646,5.932924828735459,1.0
4.672377720671692,5.508081422270218,5.8226306725540455,4.724450660717635,7.141763827585133,4.175348243195984,2.7652905125296514,5.202900231762948,5.87106218019705,3.9184353262658638,4.497876670523153,4.613090402444017,3.6015064332991287,2.9412579201435927,4.919432605259128,5.694999114294811,6.239523080061762,4.60329021554325,5.1865861025551965,5.906302867762682,1.0
5.378617247189627,6.99609087063454,2.8775056232180343,4.4616413983321,3.0895862333432045,3.726175192557492,6.434791457452641,0.6987125268365242,4.6680060248714526,7.20053926998849,1.8788992998808354,3.673128715326493,5.28420351192361,5.491163171553867,5.70229671526766,3.2407567064217337,8.055975000488283,3.998670523472589,4.538693475984516,6.887996361861413,1.0
3.7089810051204237,3.5320467254901033,3.4291299863606968,2.5234957991622897,7.929044369185039,3.645058450814265,3.587054270839623,3.4585659693996393,3.6552233374017464,2.8756146359124246,5.398734001136715,2.819260795754305,4.190629041424807,4.290492811468318,3.357031019528881,5.047764958877306,5.567052667106671,6.378555789101181,4.135112054439338,3.4213371735647193,1.0
9.41627630639507,5.659833347572114,3.249433079353584,4.905884800931774,5.366344506218231,2.8299535751472753,3.853942708181562,2.563704415837553,6.601990176099366,6.956405275066752,7.38196009973896,4.829045693557644,7.121053754866786,4.483996080978725,3.8594691301189297,7.58900282137024,4.8827647050116,2.871625669912865,3.7636548645988475,8.61106742434291,1.0
7.59250972760584,5.860591894544353,5.822337113309731,5.136636615199984,4.484526667628345,4.198300609080006,3.5872294724847524,5.585564567694489,4.021213365318775,4.356047073103997,3.101421560683408,3.7052984667138937,3.6089220681651284,6.217505689568103,6.361851377655786,6.307536248069894,6.15980569252281,4.352805587809916,6.433865420331196,4.332139792131765,1.0
5.723025734749386,6.8609352217863835,6.266726385980382,4.192935717946098,5.230394040107083,3.831970030083897,7.035435635723447,3.9462528740452054,5.978992048412061,6.26301282457958,4.743402674471103,5.461668800491156,8.414733746057525,7.60394509666877,4.157371713024663,5.961618971796119,2.895535544375636,5.824090154941516,3.8131211925975004,3.803474084204707,1.0
4.344402328761638,5.234404112666829,7.766844413757477,3.6752591099808622,3.3732668891780193,3.458092129642352,3.579801833487327,4.286748479062294,4.732207424938564,3.9866306975994057,6.863713192549994,5.374205208967962,6.97490346642418,4.64507698627779,5.973946810249047,7.562116155589155,5.4211930285761785,4.825203516627639,3.2650004166022333,5.629339925777391,1.0
8.255702004927933,5.572372115693462,4.891545614057369,6.889644425361702,3.8178942150241526,2.2976411493737823,6.216107208147187,6.913920879039952,5.684134148145242,3.974508500977227,4.705397825244359,3.3772092495025174,5.172889664924927,7.834240000469834,4.858590249600784,4.41481709675246,4.227310356576697,4.019755787057722,3.6128521261181072,3.378750608410135,1.0
7.000061991422381,3.8649095898070676,5.007865135915547,4.524277359704769,4.274444042023774,3.5542184394884844,3.674182378197105,5.5330972611793126,5.965527085950787,3.9823121203878484,7.466018596282065,5.84022044837068,5.042352655885131,3.968993950658175,8.65861538861903,3.0258578217245287,5.486011485469715,5.471233924185044,4.906395854950496,5.345587236980184,1.0
5.724970330128858,2.155297232007052,2.3699892165438343,0.4053076181515838,6.164356975725369,4.420650368902111,5.096378116418873,4.17880299922111,4.701651050961887,7.350053701691588,3.6537920527919683,4.850898704916073,6.068766813332177,3.6851137322010885,6.113413959391126,7.472757421332649,7.834562777843285,6.620390580386767,5.477800627930779,3.092000448974313,1.0
6.565037559158872,5.65334118028174,4.223668400311611,5.394227499124973,2.592942333658459,7.576764788678622,5.116390596814942,4.940900810167157,5.695365564852725,6.908537068773083,5.3517489989345846,4.848073017755942,6.958797359728765,4.414719064296327,4.452076048212781,5.353066870956671,5.108771903801578,4.060421891379779,3.9933938052238496,4.420280204052497,1.0
1.9916889137386673,1.763959075411171,5.574689083603788,6.441979483910467,6.194963618019504,6.642368553660718,3.731358531759396,5.05566080241664,5.954012707689198,4.785333605551184,5.606594663056483,4.471225155493302,6.820581924806266,0.925390348721816,5.3429892129562235,6.396663494166247,3.7153481405053004,5.719211067886309,4.545985201170662,5.080222789336172,1.0
7.326462564245761,7.4314116295642805,5.7331822505816215,3.099100898740472,4.5301546081516495,6.650857662129064,3.4613837176347984,5.981508497178602,3.2220418083989073,2.8277574810872625,3.701797478023238,5.894134191673278,3.0936624181703567,2.926242913575326,2.6122344633975794,4.513842497324402,6.549774116384745,4.513558752740045,5.070334740822088,4.035629874450143,1.0
6.2489076986145236,5.418881037654168,4.642389757214799,4.494632314914435,1.7472389112055349,6.3151089107345815,3.0791433049544925,7.364082728493788,5.2614396735679465,5.618445537030558,6.010427521173774,6.879382074331449,3.784745028564706,3.7342724205433884,4.159768029763025,5.519937366434125,4.068693624486312,4.585679907440322,3.9764922489864185,6.090558793336352,1.0
7.533772398891783,5.369699681555153,5.474425606676213,5.099096669673749,5.753777027936323,5.27224093931536,5.879683736219006,6.624177342318044,1.3372522491645653,4.379891541301003,2.9103298434451275,4.287221620573659,3.9292450100292315,4.49537303016421,4.406652918219718,3.767926436419376,4.792749565701266,5.416404286713668,6.848180484435225,6.184572428336954,1.0
7.958430379273246,8.368058146244646,6.652339202616424,4.799590900412428,5.712921033487162,2.568502054284824,4.985539524958703,5.732066489501869,5.174651742679663,5.62205536865485,7.765909667538324,5.693688059023883,7.801315854774701,8.758361669139806,4.303366524967423,5.611040606644311,6.398387399811423,7.779626045742955,8.707988411122507,4.777410404188809,1.0
6.058623974872972,4.627544162626149,5.775023256188729,5.644937093788354,4.259592269722516,7.280621170621061,4.516290331825663,2.8340435923679195,4.553794866604514,5.6872055730222915,4.15343410260677,4.393909208378032,3.964377382527272,6.144116977077377,3.7122862089217357,5.014332749691829,6.0285848445240235,5.960180774802256,2.5145609716083004,3.395338635296885,1.0
5.28083897846697,4.084905914501554,5.0542657691750685,6.1008276219742505,4.421208701274124,1.4547145280911922,8.831989614036091,2.1880814223567286,4.397879237997067,5.599680453108651,3.8572695868217233,4.804659129887732,4.687714856085445,7.216511367304591,3.276168264626961,4.75558158928844,5.409104297160267,3.990726562395271,4.574673166037947,2.4590531368372033,1.0
5.358379521929131,5.341592072060824,4.96279546742876,5.49290707950178,2.8536110119547167,3.6255156482789124,4.137607600055593,3.9221953483834344,3.3046816185786567,3.190146745282864,5.203049409286239,4.958045755982599,3.5664411670743257,2.788263836077794,3.7510826244199245,4.819867616048233,6.04903968533749,2.9703663519136683,7.326117370530034,6.350919164408184,1.0
6.742509113852095,6.1048286851299025,2.311135797283436,3.408950154134489,5.172950916487186,4.16300088408041,3.531433317606054,6.672320161039701,5.212472633075496,3.73320941898953,6.0473938681739146,6.234703670832516,5.1134185714350044,6.1942603503041775,3.713055745006098,7.165393780778433,5.109508738021699,5.726087420521896,4.845811542502971,9.212977176782651,1.0
8.731020662570039,3.849093455484872,4.633845286659956,5.459547137663877,4.537079482411757,4.8041140390596535,5.172164386895204,7.205912098671268,4.8348504357000435,5.996165053178439,5.914486441471221,3.752368145243878,4.375152136353969,4.692146903111848,5.816148916121523,2.936078923253291,6.644949387276402,5.487394500890896,7.230023710025042,6.867416860656484,1.0
4.954554300036563,3.086949833305705,5.472552845705491,2.643022663182003,4.500793641132993,5.5106409971772745,4.6739028073338265,5.976185069393491,8.048016335891306,5.253115400264091,4.211740185430973,5.386926753356511,4.255368778944713,6.438743109930401,6.260038788884264,4.290001064509389,6.953121099109427,5.259165347863453,3.7875564802860704,6.436504278710079,1.0
4.862490225567854,7.16552840619565,2.508277451995418,4.950805911264307,7.040492598000729,3.541890699995494,3.9096694557047327,8.220751517810536,4.079606497775162,4.4521952110161385,2.149151447635154,4.906062504907812,6.286278743676857,4.777067544137769,2.454781846913657,3.3730630804496324,4.273879843886261,3.700525423202068,4.427608508033115,6.862266051798363,1.0
5.846502442739887,5.016205789251327,3.982712571353147,7.451692555677716,6.907657388187116,4.003802476430082,6.83223606088758,6.995314388864269,7.56431763620192,2.824031351247967,4.3761575815131,6.571575962802672,4.190383961011101,5.341790498448967,5.036256502810685,5.689799813802068,3.5612087793932785,3.142288572304045,7.330909194418009,4.337796122736256,1.0
7.578259771611514,4.469655673805125,5.273301667611424,4.147781235154755,6.570222484565969,4.201436236989302,4.718837573755914,5.345557544878018,4.268579871009716,7.499173529538969,3.9334302543080204,5.111834580756157,5.177078718193492,5.128059450542213,4.654366306196737,5.074558777074546,4.5870908823417755,6.299688549509362,4.4553232223898265,5.690204934784311,1.0
3.8225598071050833,5.236139237797656,6.395711748996542,4.3250792133222475,5.861432361550038,5.5587248302946,3.599125087145852,5.375583070197777,5.5604278772480855,4.055212973674369,4.357163043855432,5.8781499529227865,7.949486031187565,3.2546301125984547,3.7718107589012435,2.1633544407939467,6.897211291098766,3.1125238592687254,7.93332879965098,5.577185640700877,1.0
7.355340652683477,3.134491460109503,3.3763346049561873,5.379870695749105,2.3916890012471494,4.606379160538205,4.618871870720414,5.509528792525774,3.2403299349446604,6.5258676274818095,7.165548467542113,4.374360402870243,7.011441186877748,6.3185878510153906,5.352300127977372,3.7741192979304916,4.3795267183145095,5.787706738661812,6.436319786112072,8.999097922419342,1.0
4.338035364697273,3.1782109240024385,2.0842494769549957,4.641366581469442,4.450249838438825,7.340433698841036,6.043866519017544,4.652018840955132,5.901702692397029,6.682933173446878,6.921736203711486,5.720926324255733,5.5556673288741365,4.675968123399219,5.49783462022574,5.103266372523738,3.554756473236332,4.797777481742225,6.153675499024104,4.573359785888906,1.0
3.830864338894989,4.714861711858116,2.7717573932713595,4.161613449929385,4.8893766796284845,5.6233866198349425,4.395355654806808,7.0189616360441995,3.5895030206260294,5.876766323572509,4.0868259714703346,6.689272779920442,6.546956670057291,7.678673869133503,4.625659144931246,4.479022649394213,5.591889137065937,4.8233496355265295,5.423827483207144,5.119439138622871,1.0
3.52680724505905,5.7230663829733475,4.571570438787191,4.695458485504181,6.457625948498878,6.6389464856967875,6.8944777568068965,5.359203097846394,2.1956505005583895,5.672609161262787,5.611553894364361,7.517183573667294,4.812688764101592,3.9364077779829025,4.768004269495284,3.277732674187352,7.4825741924237,3.686403758333989,3.168954018731445,0.9974910134449333,1.0
4.564034901570695,5.01410097458322,5.170612801313505,5.353005858451952,1.2742588904528236,4.782145638336571,4.574773066898893,3.7291641687812165,4.644609201716479,5.096986487124989,5.278676333588352,3.7044413929827966,3.86946727664359,4.926141369472692,4.755978763024308,5.043776110817771,6.001955960805886,5.5073131167140446,5.37635971101826,6.624297252255046,1.0
4.834457383708621,4.429595929427691,4.948447453122421,6.341410751245924,4.12687830886981,5.2534197812627585,5.3328825492544425,5.449132439979834,3.404458965307388,4.133421155362558,5.909088605873686,3.614539000587624,6.20136989665629,4.473735123158111,5.969957531239384,4.614147548074231,3.20640583688273,3.1264117854921456,5.694223924510215,6.876854203857237,1.0
6.875724555105805,5.088518656338662,4.338096844872247,5.3862604721164535,6.7263179534534965,5.183711072375774,4.736506389612532,5.8070679652866595,5.468199155236275,6.111346205342857,5.009633489104272,6.311173225843222,3.307787815335621,4.967594257926244,3.6434949764745745,4.763482662045047,8.872973756362653,4.517135493388274,2.9047666123517706,4.962586542799128,1.0
3.9909211811094494,3.9651999262552167,7.276655096265112,5.853919028720201,4.053057722746127,4.197801989337427,6.1247704753890355,4.321607411076823,6.175793725194787,5.493695800474822,4.6531910035824335,6.736747288191809,4.184548362622372,3.7348816303559613,4.1446139653803895,2.961613163777592,5.808647154073503,5.257381379373601,3.2020699479278765,3.362449546964956,1.0
3.159660473543899,3.097695630038928,6.1734052382119255,7.78943902888717,5.25732895134547,3.0577184959121095,4.2140945671478285,4.575492292106976,1.68590773220873,6.789641212457495,5.722474618725921,6.41504489549634,6.007503293790705,8.279779984243632,4.464477525070086,6.243570254921195,3.6545460924549173,4.628810170268908,6.653478982716695,4.3506031279415,1.0
2.0075787630171065,5.158789393819747,4.807927372078046,6.250963406253904,3.054290110306099,1.194301292795493,6.701066716526594,5.47135241054348,5.662834796662952,4.27134712582586,5.7851528197003335,4.0604371373708545,4.7980752475630455,3.6269263577650674,5.0206227684633475,6.61178997729534,5.328322739517706,2.6270277580991253,5.7375266858228695,5.293935429776988,1.0
5.999499361267101,5.0608261172400635,5.135016008076736,1.8882492865660994,2.956581685515363,6.056238397708476,2.2487643292622432,4.555146328446584,8.163589855187697,5.9091851048810575,5.921834066221898,4.195303003216863,5.15820655561121,5.0746341217396616,6.139397752957554,2.1949958731497174,5.216498891302605,4.012745765958489,8.103083797122974,4.551976771650944,1.0
4.828050221452723,6.62932565404132,5.133343934122919,5.757894097272175,3.139560543615199,5.097990664150921,6.260440148678876,5.223152096357768,3.804719449262542,3.5460916161859313,3.747366239090545,3.2344684544331876,7.093570454530665,3.991178923613222,3.602446242664133,5.523568282800412,4.737463090748518,4.960656967150752,6.012602308912512,3.154499680753328,1.0
4.053001418781537,5.070417061736385,7.623165272158644,5.169124446239343,6.970681388571489,2.9252514638988814,6.336954545529156,3.371252977971981,4.917379644944985,4.284840682226136,6.37820964526094,3.8630052903619636,4.040132144730409,9.987127701731861,3.6106519588420802,6.013824071629567,5.585638043624081,3.701463695916491,7.355526829948122,4.131958977227921,1.0
3.4094464740859176,4.298580271020473,3.292517534237895,3.1632049321579943,4.301493566293938,5.022019069162461,4.647491767055713,4.525412996107498,8.075887897748327,3.778459066732854,5.432962050920845,7.846354338480856,5.669024872999641,3.073603059443565,5.667573360076841,4.13512696385866,5.583251182648067,2.4714950311638573,4.298530101973535,6.448160253601191,1.0
5.930197693527116,4.406483313927021,7.232705206214664,7.818346704796979,5.984378079866394,4.071212256434149,3.876355730290931,3.7989854301202333,4.143602105407022,4.429363261630161,8.965257860612912,3.3938665823992373,8.516920030010183,5.270484978865359,3.688584191873776,7.503100898541826,3.4567619520590784,3.0467586508051774,6.93370003698071,4.943840568989528,1.0
4.867630852979711,6.966339918054,6.901359848591763,8.982590609969602,3.915731239124423,4.740924554185112,6.07704658788404,1.6995797035578137,5.65391636153035,2.6699958914688233,4.216558411052805,5.067209431821984,3.891399007381654,4.006146015342917,3.651693669504149,5.163054286981196,5.236744655750025,3.91026049522651,8.786278403511155,2.459595798303826,1.0
6.031545198719087,4.209258763149493,5.298199948781002,4.63739056246456,3.4345400653445584,4.452798280527389,7.538157014930917,6.811905583970429,7.118004656067442,2.2659234624658673,4.4276013651136275,6.103277739648181,6.520200970843128,3.8372435543925163,6.618547715677753,5.66329138519093,4.741259371021674,7.550526935516562,6.48712742553741,5.297432498515904,1.0
2.4538736785933843,5.513397817822405,6.103881416632513,4.88482306366998,6.723029164950059,3.5815058038894145,2.3768409555644916,4.7473489458807885,4.910429306731479,3.1480543742128977,5.701534598672953,5.960342896702215,6.386896000329726,4.31171759386527,2.0848579774145586,6.49914639292306,5.455477083094294,2.4322820274704373,8.181589671411274,7.146796860857696,1.0
3.870452382041269,1.6804908694696894,6.043050881662586,4.495280636236314,3.71241235901574,5.461941938462668,3.0458476162896213,5.844417323693427,3.4039969514855386,4.875874407441634,3.48154827923302,5.547210086765146,5.9261719026789175,2.2004842982273085,5.551595394543867,7.198245291417181,5.783678216499949,5.264855926733991,5.795586105881703,6.430116247632796,1.0
5.195966198537639,5.700871813852113,4.269466806172016,5.762160203127587,6.192858665185105,5.976244606307322,4.652881374028435,7.137982790718393,8.184896421267666,5.875271891174198,6.5106640613019096,5.027180518468162,4.444054085699014,4.09992399346252,7.040901736496961,6.896998070278128,6.35457156052963,6.46323349318372,4.697852135307299,5.670735948578633,1.0
6.845659614065586,4.336357937808441,6.364865702761766,5.55773345344628,2.3586702433385707,4.577973993108641,5.628095300405308,8.336324689535385,3.4568090540786827,3.8181485437402003,3.5253374211025914,4.283141246085483,4.189233297739763,4.421899765769254,5.230620331523511,3.7360506785838457,4.648941962607637,5.044846517153844,6.078713141209844,3.8533651353702547,1.0
5.478904008634573,6.169162513591926,4.357962901724342,0.5290622158659319,6.113614592545591,7.318608669663744,5.377176932689923,5.259681382673472,4.919697474913909,5.8327402665480825,6.643257859230413,4.756031578501849,5.045542332691715,6.614649865289038,4.514186942288764,3.875412261102544,4.667085973952401,4.657556717691279,3.0006593947303033,4.748552435473544,1.0
3.002774388999655,4.4326743365378665,5.3253667038691885,4.0060317902329565,5.490907660889049,7.7696049643818395,3.8351370023721496,4.524604323383085,5.540626989111872,2.8554910506045967,4.076363467216179,5.804502705942752,5.584726021012962,3.439572603640102,4.071804190523316,3.6274551741165766,4.3815751813688735,5.818634958979821,4.125017354032147,3.1613711171631653,1.0
4.712695643824326,5.880001443970345,5.36891491191779,5.259867072824897,4.260921109039003,4.784082600616473,7.224611889952676,6.813921578086583,5.788933641352518,7.013723542236339,5.098016090776498,4.226660833988296,5.06135800216193,1.9999267664554239,3.1093867975594813,3.6199819889126763,2.8526100165132116,6.754451153536441,4.8773706487437805,5.682141027818671,1.0
5.460649335779792,3.335731898831376,5.730476968649374,6.23045839396071,4.4703091582248495,3.4897390589386195,5.433630581092116,3.8429928475063386,5.388934019019405,6.516013181374081,6.363050783300736,4.408801548755611,5.750682477877527,4.6160338249334805,4.305992226306891,7.811475019333196,4.5679834737994645,6.172868615065653,6.51988640262178,5.437454815539699,1.0
3.073427121447838,3.7156021767851546,3.0005959572797964,5.438809076986583,1.8098271347216501,5.607942685882116,6.32519728521166,4.597558663671749,2.9035042292128885,7.055699491940466,4.900930125965483,4.23173727462445,4.574034010492797,5.631621984110342,3.083806915761406,4.000917318232235,4.382286778007388,6.4867866459203665,7.281810827639035,5.014614564750189,1.0
4.696739192975279,5.2436641301595435,6.9728946861087335,6.200534391893408,5.99649354676612,2.5496297703130253,6.1024217267114915,4.0611725237627185,6.233173379349498,2.330737607048933,3.1697630355810924,6.501267154682962,5.1083579214847195,3.232924951452759,2.775726386507098,3.464246704985525,6.836584035595461,4.1951336799765295,3.838236674578471,6.6018828104778535,1.0
5.358234825737171,2.7020917431206466,1.0868079438142364,6.885699445416154,4.562013673578475,5.318175551721108,6.416569837829441,3.003938526921634,7.94976280352262,4.140195878659648,6.103007736745921,4.840901257568811,5.929061933240421,3.204254232155453,4.958605588901444,4.08041322157354,4.2230225505459735,4.338890723223173,4.82990506849352,4.596617893232313,1.0
3.252797101974843,6.147198430356579,6.1492766153335445,4.841647214415112,4.7732617450797274,4.416521011247108,4.5737358959091425,4.397698795978038,6.102241320366996,3.2216581982591137,5.1650460695394225,6.002000517291508,6.0751319229971195,3.518967725438735,6.292450437938733,5.756876085668522,7.178147002143449,4.4470225680728,4.855264608378019,5.31042937742592,1.0
4.375181310341937,5.841972913942542,5.787299781981419,5.821789263737181,5.433172869445702,2.599583846056095,5.656517577481203,3.9917395258458397,6.905676427229681,1.954145700604366,4.667257644522519,3.1904437080258425,3.525299215458553,7.079524834977725,6.38923738630061,2.90101687930083,6.421259114890793,4.100114272280339,4.164162295094785,7.778232123947808,1.0
6.211503278513474,7.060061133867277,6.877232029553033,4.882335839063596,3.128430437365674,6.1209479302215755,7.744033376062321,5.1373768361930505,3.668572155274042,3.457617643728648,6.099667537358061,3.892763149649669,5.114615938546282,5.469844579542041,7.477528861007914,4.265733154546679,3.977462019411642,4.744528892738955,5.206299754597045,2.008043217975189,1.0
